"Data Source","World Development Indicators",

"Last Updated Date","2026-07-13",

"Country Name","Country Code","Indicator Name","Indicator Code","1960","1961","1962","1963","1964","1965","1966","1967","1968","1969","1970","1971","1972","1973","1974","1975","1976","1977","1978","1979","1980","1981","1982","1983","1984","1985","1986","1987","1988","1989","1990","1991","1992","1993","1994","1995","1996","1997","1998","1999","2000","2001","2002","2003","2004","2005","2006","2007","2008","2009","2010","2011","2012","2013","2014","2015","2016","2017","2018","2019","2020","2021","2022","2023","2024","2025",
"Aruba","ABW","Mortality rate, infant (per 1,000 live births)","SP.DYN.IMRT.IN","","","","","","","","","","","","","","","","","","","","","","","","","","","","","","","","","","","","","","","","","","","","","","","","","","","","","","","","","","","","","","","","","","",
"Africa Eastern and Southern","AFE","Mortality rate, infant (per 1,000 live births)","SP.DYN.IMRT.IN","","","","","","","","","","","","","","","","","","","","","","","","","","","","","","","100.49864327792","102.307200417444","101.650759978129","100.584787893891","98.6059592355098","95.0305653214774","97.1391342256947","95.1594069699317","95.6625600073417","89.556636353021","86.651975029806","84.8470551009121","79.9989391499065","76.544245836463","73.4131344485453","67.813314792369","64.3502416273654","61.4827803410729","58.8008638119919","56.4823860296468","54.9583288336377","56.0934207952868","51.2375169680413","49.2064251503149","48.867389030785","48.2370491089235","47.4807789385276","47.0022580758801","44.463549484202","43.3491582121366","42.8500928778465","44.3212333872642","44.3419940282618","41.9690853793299","40.6888559393643","",
"Afghanistan","AFG","Mortality rate, infant (per 1,000 live births)","SP.DYN.IMRT.IN","252.4","249.2","246.4","243.6","240.6","237.7","235","232.4","229.6","226.6","223.8","249","245.2","214.8","211.6","208.3","204.8","201.1","197.2","193.5","189.6","185.6","199.1","195","206.6","201.7","181.3","176.9","155","150.4","145.9","141.4","137.2","133.1","129.4","126","122.7","119.6","116.6","113.6","110.6","107.5","104.3","100.8","97.4","93.8","90.3","86.8","83.4","80.1","76.9","74","71.2","68.6","66.2","64","61.9","60.1","58.3","56.6","54.9","53.2","51.6","49.9","48.3","",
"Africa Western and Central","AFW","Mortality rate, infant (per 1,000 live births)","SP.DYN.IMRT.IN","","","","","","","","","","","","","","","","","","","","","","","","","","","","","","","104.418457181813","103.695022150596","103.219577428925","102.719367636892","102.141580648197","101.282612693496","100.214088543056","98.7374258686581","96.8994055925237","94.6533578680188","92.0775915872463","89.256030951424","86.320157923051","83.4686027504521","80.6627551444494","78.0044872809646","75.6044418186699","73.3693796154434","71.3255924562018","71.6591954131986","68.0235061080068","66.4327214131134","65.0950697267466","64.0389873868971","63.4187251491131","62.2249762468944","61.5484879851734","61.089851563164","60.3832231751609","60.6359506778456","59.3217984756743","59.1325922035608","60.0961055630681","57.3536816920022","56.4625109271234","",
"Angola","AGO","Mortality rate, infant (per 1,000 live births)","SP.DYN.IMRT.IN","","","","","","","","","","","","","","","","","","","","","124.7","123","121.7","120.2","119.1","118.5","118","117.8","117.8","117.9","118.1","118.5","119","119.3","119.5","119.4","118.7","117.2","114.8","111.9","108.3","103.8","98.4","92.5","85.8","78.9","72.2","66","60.3","55.4","51.1","47.6","44.6","42.2","40.3","38.8","37.6","36.7","36","35.5","34.9","34.4","33.7","33","32.1","",
"Albania","ALB","Mortality rate, infant (per 1,000 live births)","SP.DYN.IMRT.IN","","","","","","","","","","","","","","","","","","","68.2","62.4","57.1","52.3","47.9","43.9","40.5","37.4","34.8","32.5","30.5","28.7","27.3","26","24.9","23.9","23","22.2","21.3","20.4","19.5","18.7","17.8","17","16.1","15.2","14.4","13.5","12.7","11.9","11.1","10.3","9.6","9","8.5","8","7.8","7.6","7.6","7.7","7.8","8","8.1","8.3","8.3","8.3","8.3","",
"Andorra","AND","Mortality rate, infant (per 1,000 live births)","SP.DYN.IMRT.IN","","","","","","","","","","","","","","","","","","","","","","","","","","10.2","10","9.8","9.5","9.3","9.1","8.8","8.6","8.3","8.1","7.8","7.6","7.3","7.1","6.8","6.6","6.3","6.1","5.8","5.6","5.3","5.1","4.9","4.6","4.4","4.2","4","3.9","3.7","3.5","3.3","3.2","3.1","3","2.9","2.8","2.7","2.6","2.5","2.4","",
"Arab World","ARB","Mortality rate, infant (per 1,000 live births)","SP.DYN.IMRT.IN","","","","","","","","","","","","","","","","","","","","","","","","","","","","","","","62.9003760648521","65.7177926779757","63.5386915203954","61.8265010527523","55.6402365207287","54.289025778373","52.8392944738082","51.4343931367192","52.935821459296","48.523788863247","47.0749733255125","45.7131614167482","44.3958801989057","43.037758346618","42.4049242049687","41.1591664513718","39.1770698336258","37.7822755398026","36.4611825609064","35.3447083930703","35.1815611944121","40.3057963248342","33.7185677118196","31.7913079239979","31.0474652662062","30.5646546531194","29.9961600736115","30.5835419034964","29.7887898491258","28.8660423125059","28.304838886486","27.8824910367","28.7270048384557","27.4409368971315","26.5842683163759","",
"United Arab Emirates","ARE","Mortality rate, infant (per 1,000 live births)","SP.DYN.IMRT.IN","146.3","139.2","132.2","125","117.5","109.9","102.2","94.7","87.2","79.9","72.9","66.2","60.1","54.5","49.3","44.6","40.2","36.2","32.5","29.2","26.3","23.7","21.5","19.5","17.9","16.5","15.3","14.2","13.3","12.5","11.8","11.2","10.7","10.2","9.8","9.5","9.2","9","8.8","8.6","8.5","8.3","8.2","8","7.9","7.7","7.6","7.4","7.3","7.1","7","6.8","6.7","6.5","6.3","6.1","5.8","5.6","5.3","5","4.7","4.4","4.2","4","3.8","",
"Argentina","ARG","Mortality rate, infant (per 1,000 live births)","SP.DYN.IMRT.IN","","","","","","","","","","59.8","59.3","58.7","58","56.9","55.3","53.1","50.3","47","43.2","39.6","36.3","33.5","31.1","29.1","27.4","26.2","25.4","25","24.9","24.9","24.8","24.5","23.8","23","22","20.9","19.9","18.9","18","17.3","16.7","16.2","15.8","15.3","14.9","14.4","14","13.6","13.2","12.8","12.4","11.9","11.4","10.9","10.4","10","9.7","9.4","9.1","8.9","8.7","8.5","8.4","8.2","8","",
"Armenia","ARM","Mortality rate, infant (per 1,000 live births)","SP.DYN.IMRT.IN","","","","","","","","","","","","","","","","","82.2","78.8","75.5","72.4","69.4","66.5","63.8","61.2","58.7","56.3","54","51.8","69","47.6","45.6","43.6","41.6","39.6","37.7","35.9","34.2","32.5","30.9","29.3","27.8","26.3","25","23.6","22.4","21.2","20.1","19.1","18.1","17.2","16.3","15.5","14.8","14.1","13.4","12.8","12.2","11.7","11.2","10.7","10.2","9.7","9.3","8.9","8.5","",
"American Samoa","ASM","Mortality rate, infant (per 1,000 live births)","SP.DYN.IMRT.IN","","","","","","","","","","","","","","","","","","","","","","","","","","","","","","","","","","","","","","","","","","","","","","","","","","","","","","","","","","","","","","","","","","",
"Antigua and Barbuda","ATG","Mortality rate, infant (per 1,000 live births)","SP.DYN.IMRT.IN","62.2","58.6","54.7","50.4","46.1","41.8","37.7","34","30.7","27.8","25.5","23.5","21.8","20.4","19.2","18.1","17","15.9","14.9","13.9","13","12.2","11.6","11.1","10.7","10.5","10.5","10.5","10.6","10.8","11.1","11.4","11.7","12","12.3","12.6","12.7","12.7","12.6","12.4","12.1","11.9","11.6","11.3","11","10.7","10.5","10.2","10","9.7","9.5","9.3","9.1","8.9","8.7","8.6","8.4","8.3","8.1","8","7.8","7.6","7.4","7.2","7","",
"Australia","AUS","Mortality rate, infant (per 1,000 live births)","SP.DYN.IMRT.IN","20.4","20","19.5","19.1","18.8","18.5","18.4","18.3","18.2","18.1","17.9","17.5","16.9","16.2","15.3","14.4","13.5","12.7","11.9","11.3","10.8","10.4","10.1","9.8","9.6","9.3","9.1","8.7","8.4","8","7.6","7.1","6.7","6.3","6","5.7","5.6","5.4","5.3","5.2","5.1","5","4.9","4.9","4.8","4.8","4.7","4.5","4.4","4.2","4","3.8","3.6","3.5","3.4","3.3","3.2","3.2","3.2","3.2","3.2","3.2","3.2","3.1","3.1","",
"Austria","AUT","Mortality rate, infant (per 1,000 live births)","SP.DYN.IMRT.IN","37.2","35","33","31.2","29.7","28.4","27.3","26.4","25.8","25.5","25.2","24.8","24.1","23.1","21.6","19.9","18.2","16.7","15.5","14.6","13.9","13.2","12.5","11.9","11.3","10.7","10","9.4","8.8","8.4","8","7.5","7.1","6.6","6.1","5.7","5.3","5","4.8","4.7","4.6","4.5","4.4","4.3","4.2","4.1","4","3.9","3.8","3.7","3.6","3.5","3.4","3.3","3.2","3.1","3","3","2.9","2.9","2.9","2.8","2.8","2.8","2.8","",
"Azerbaijan","AZE","Mortality rate, infant (per 1,000 live births)","SP.DYN.IMRT.IN","","","","","","","","","","","","","","","","","","","","","","","82.5","80.9","79.4","78","76.7","75.8","75.1","74.8","75.1","75.8","76.5","77.2","77.3","76.6","75","72.4","69.1","65.3","61.1","56.8","52.7","48.9","45.4","42.2","39.2","36.6","34.1","31.8","29.7","27.7","25.9","24.2","22.6","21.1","19.8","18.6","17.5","16.5","15.6","14.7","13.9","13.2","12.5","",
"Burundi","BDI","Mortality rate, infant (per 1,000 live births)","SP.DYN.IMRT.IN","","","","","","114.2","115.6","116.9","118.2","119.1","119.9","120.4","136.6","121.4","121.8","122.2","122.2","121.4","119.5","116.6","113.1","108.8","104.2","99.8","96","93.1","91.3","90.5","90.6","91.3","92.2","93.2","94","99.7","95","94.9","103.7","93.7","92.3","90.5","88.4","86.1","83.5","80.6","77.4","73.8","69.9","66","62.1","58.4","55.1","52","49.1","46.4","43.9","41.8","40","38.4","37","35.7","34.6","33.5","32.4","31.4","30.5","",
"Belgium","BEL","Mortality rate, infant (per 1,000 live births)","SP.DYN.IMRT.IN","29.6","28.3","27.1","26","25","24.1","23.3","22.6","21.9","21.2","20.5","19.6","18.6","17.6","16.6","15.7","14.9","14.1","13.4","12.7","12.2","11.6","11.1","10.6","10.2","9.8","9.5","9.2","8.9","8.6","8.3","8","7.7","7.3","6.8","6.4","5.9","5.6","5.3","5","4.8","4.7","4.5","4.4","4.2","4.1","4","3.9","3.8","3.8","3.7","3.6","3.5","3.5","3.4","3.4","3.4","3.3","3.3","3.3","3.2","3.2","3.2","3.2","3.1","",
"Benin","BEN","Mortality rate, infant (per 1,000 live births)","SP.DYN.IMRT.IN","159.3","157.4","155.3","153.1","150.8","148.4","146.2","144","141.9","140.1","138.1","136.1","134","131.8","129.5","127.1","124.7","122.3","120","117.8","115.8","113.9","112.2","110.5","108.8","107.2","105.5","103.7","101.9","100.1","98.1","96.1","94.1","92.1","90.2","88.4","86.7","85","83.3","81.5","79.7","77.8","76","74.3","72.6","71","69.4","67.9","66.5","65.1","63.8","62.4","61.1","59.8","58.4","57","55.8","54.4","53.1","51.8","50.4","49.1","47.8","46.5","45.2","",
"Burkina Faso","BFA","Mortality rate, infant (per 1,000 live births)","SP.DYN.IMRT.IN","171.5","170","168.8","167.5","166.2","165.2","164.2","163.3","162.4","161.2","160.1","158.5","156.3","153.4","149.6","145","139.9","135.2","130.7","126.7","123.3","120.5","118","115.7","113.4","111.1","108.9","106.7","104.9","103.6","102.8","102.3","102.1","101.8","101.3","100.5","99.2","97.7","96.1","94.3","92.4","90.4","88.2","85.8","83.1","80.2","77.1","74.1","71.2","68.5","66","63.8","61.7","59.8","58","56.3","54.7","53.1","51.7","50.2","48.7","47.4","46.1","44.9","43.6","",
"Bangladesh","BGD","Mortality rate, infant (per 1,000 live births)","SP.DYN.IMRT.IN","177.9","172.6","167.6","162.8","158.6","154.9","152.1","150","148.6","148","164.4","204.9","148.2","148","174.4","172.6","144.8","142.5","139.7","136.5","133.2","129.7","126.2","122.8","119.2","115.6","111.8","107.9","104","100.1","96.3","92.6","89","85.2","81.5","77.9","74.2","70.6","66.9","63.3","59.8","56.6","53.6","50.8","48.3","46","43.8","41.8","40","38.3","36.8","35.3","33.9","32.6","31.2","29.8","28.5","27.3","26.2","25.4","24.8","24.5","24.4","24.4","24.4","",
"Bulgaria","BGR","Mortality rate, infant (per 1,000 live births)","SP.DYN.IMRT.IN","44.9","40.4","36.8","34.2","32.4","31.4","31.1","30.9","30.2","28.9","27.5","26.4","25.7","25.2","24.7","24.1","23.5","22.7","21.8","20.7","19.6","18.8","18.1","17.4","16.6","15.8","15","14.4","14.1","14.3","14.6","15","15.3","15.4","15.4","15.5","15.6","15.6","15.4","14.9","14.3","13.7","13.2","12.5","11.8","11","10.4","9.9","9.5","9.3","9.1","8.7","8.3","7.8","7.3","6.8","6.4","6.1","5.8","5.5","5.3","5.2","5","4.8","4.6","",
"Bahrain","BHR","Mortality rate, infant (per 1,000 live births)","SP.DYN.IMRT.IN","159.7","147.3","135.7","124.9","114.7","105.2","96.3","87.9","80.1","72.9","66.2","60.1","54.7","49.8","45.5","41.8","38.5","35.7","33.1","30.8","28.8","27","25.4","24.1","22.9","22","21.3","20.7","20.4","20.2","20","19.7","19.1","18.1","16.9","15.6","14.2","13","11.9","11.1","10.5","10","9.7","9.4","9.1","8.8","8.5","8.1","7.8","7.4","7.1","6.8","6.6","6.5","6.4","6.3","6.3","6.3","6.4","6.5","6.6","6.8","7","7.2","7.3","",
"Bahamas, The","BHS","Mortality rate, infant (per 1,000 live births)","SP.DYN.IMRT.IN","","","","","","","","","25.2","25.6","25.9","26.3","26.5","26.7","26.7","26.6","26.4","26.1","25.7","25.3","24.9","24.6","24.2","24","23.7","23.4","23","22.3","21.5","20.6","19.6","18.7","17.8","17","16.2","15.5","14.8","14.3","13.9","13.7","13.7","13.9","14.1","14.3","14.4","14.5","14.4","14.2","14","13.7","13.4","13.1","12.9","12.6","12.4","12.3","12.2","12.1","12","16","11.9","11.7","11.6","11.3","11.1","",
"Bosnia and Herzegovina","BIH","Mortality rate, infant (per 1,000 live births)","SP.DYN.IMRT.IN","","","","","","","","","","","","","","","","","","","","","","","","","26.3","24.1","22.1","20.4","18.8","17.4","16.1","14.9","32.4","32.4","12.3","14.3","10.9","10.2","9.6","8.9","8.3","7.8","7.3","6.9","6.6","6.4","6.3","6.2","6.1","6","6","5.9","5.9","5.9","5.9","5.9","5.9","6","6","5.9","5.8","5.7","5.5","5.3","5.5","",
"Belarus","BLR","Mortality rate, infant (per 1,000 live births)","SP.DYN.IMRT.IN","37","33.3","30.2","27.6","25.4","23.6","22.1","20.9","20","19.3","18.8","18.4","18.1","17.9","17.8","17.7","17.6","17.5","17.4","17.1","16.7","16.2","15.7","15.2","14.7","14.2","13.7","13.2","12.7","12.4","12.1","12.1","12.2","12.3","12.4","12.4","12.2","11.9","11.4","10.7","9.9","9.2","8.5","7.8","7.2","6.7","6.1","5.6","5.1","4.6","4.2","3.9","3.7","3.5","3.3","3.1","2.9","2.8","2.6","2.4","2.2","2.1","2","1.9","1.8","",
"Belize","BLZ","Mortality rate, infant (per 1,000 live births)","SP.DYN.IMRT.IN","","","","","","","","84.1","80.8","77.6","74.4","71.5","68.8","66.2","63.6","61.3","59","56.9","54.8","52.9","50.9","49","47.1","45.2","43.3","41.3","39.2","37.1","35","33","31","29.2","27.6","26.1","24.9","23.8","22.8","21.9","21.1","20.3","19.6","18.9","18.4","17.9","17.4","17.1","16.8","16.5","16.2","15.9","15.5","15.1","14.7","14.2","13.6","13.1","12.6","12.1","11.7","11.4","11.1","11","10.9","10.9","10.8","",
"Bermuda","BMU","Mortality rate, infant (per 1,000 live births)","SP.DYN.IMRT.IN","","","","","","","","","","","","","","","","","","","","","","","","","","","","","","","","","","","","","","","","","","","","","","","","","","","","","","","","","","","","","","","","","","",
"Bolivia","BOL","Mortality rate, infant (per 1,000 live births)","SP.DYN.IMRT.IN","186.4","183.8","181.2","178.4","175.4","172.4","169.2","165.9","162.6","159","155.4","151.7","147.9","144","140","135.9","132","128.2","124.6","121.3","118.3","115.5","112.8","110.1","107.4","104.5","101.5","98.5","95.3","92.1","89","85.9","82.8","79.7","76.7","73.6","70.4","67.1","63.8","60.5","57.2","54","50.9","48","45.2","42.6","40.1","37.7","35.5","33.4","31.5","29.7","28","26.4","24.9","23.5","22.1","20.8","19.6","18.4","17.4","16.4","15.6","14.9","14.2","",
"Brazil","BRA","Mortality rate, infant (per 1,000 live births)","SP.DYN.IMRT.IN","127.2","124","120.8","118","115.4","113","110.7","108.5","106.4","104.3","102.2","100.1","97.9","95.6","93.3","90.9","88.4","85.7","82.9","79.9","76.7","73.6","70.4","67.4","64.8","62.3","60.1","58.1","56","54","51.9","49.8","47.4","44.9","42.4","39.9","37.5","35.2","33.1","31.1","29.1","27.3","25.6","24","22.4","21","19.7","18.6","17.6","16.7","16","15.3","14.8","14.4","14","13.7","14.6","13.3","13.1","12.9","12.8","12.7","12.6","12.4","12.3","",
"Barbados","BRB","Mortality rate, infant (per 1,000 live births)","SP.DYN.IMRT.IN","70.3","65.3","61.1","57.4","54.2","51.4","49","46.9","44.9","43","41.1","39.1","37.2","35.3","33.4","31.6","29.9","28.2","26.6","25","23.7","22.5","21.5","20.7","20","19.4","18.8","18.2","17.6","16.9","16.2","15.5","14.8","14.3","13.8","13.4","13.1","12.9","12.8","12.9","13","13.1","13.3","13.4","13.5","13.5","13.4","13.2","13","12.9","12.7","12.5","12.4","12.2","12","11.7","11.5","11.2","10.9","10.6","10.2","9.9","9.6","9.4","9.1","",
"Brunei Darussalam","BRN","Mortality rate, infant (per 1,000 live births)","SP.DYN.IMRT.IN","59.4","55.2","51.4","48.2","45.3","42.9","40.9","39.1","37.4","35.8","34.2","32.5","30.7","28.8","26.9","25","23.1","21.3","19.7","18.1","16.7","15.5","14.3","13.3","12.5","11.8","11.2","10.8","10.5","10.3","10.3","10.3","10.2","10.1","10","9.7","9.4","9.1","8.8","8.5","8.3","8.1","8","7.9","7.8","7.8","7.8","7.9","8","8.1","8.2","8.4","8.6","8.7","8.9","9","9.1","9.1","9.1","9","8.9","8.8","8.7","8.7","8.6","",
"Bhutan","BTN","Mortality rate, infant (per 1,000 live births)","SP.DYN.IMRT.IN","","","","","","","","","192.6","188.5","184.6","180.9","176.8","172.9","169","164.6","160.3","155.7","151.2","146.5","141.5","136.4","131.5","126.8","122","117.3","112.7","108.1","103.8","99.6","95.4","91.6","87.9","84.4","80.7","77.1","73.4","69.9","66.3","62.8","59.4","56","52.8","49.7","46.6","43.7","40.9","38.3","35.8","33.6","31.5","29.5","27.7","26","24.4","22.9","21.6","20.3","19.1","17.9","16.9","15.9","15.1","14.3","13.7","",
"Botswana","BWA","Mortality rate, infant (per 1,000 live births)","SP.DYN.IMRT.IN","118","115.4","113.1","110.9","108.6","106.5","104.6","102.6","100.2","97.8","95.2","92.3","89.4","86.3","82.9","79.2","75.4","71.2","67.3","63.5","60","56.9","54","51.6","49.5","47.5","45.4","43.4","41.6","40.5","40","39.8","40.5","41.2","42","40.6","40.7","40.4","39.8","39.9","39.4","39","39.7","41.4","44","43.6","45.8","50.3","52.8","52.5","53.3","54.3","49.5","47","46.2","44.2","42.8","40","38.7","37.4","36.5","35.4","34.3","33.3","32.1","",
"Central African Republic","CAF","Mortality rate, infant (per 1,000 live births)","SP.DYN.IMRT.IN","158.8","156.4","154","151.6","148.8","146.2","143.1","140.2","137.4","134.6","132","129.6","127.5","125.4","123.5","121.6","119.9","118.2","116.6","115.1","113.9","112.7","112","111.4","110.9","110.6","110.3","110.1","109.7","109.4","109","108.5","107.7","106.9","106.2","105.5","104.5","103.5","102.3","101.1","99.6","97.9","96.1","94.3","92.2","90","87.4","85.3","83.4","239.9","88.5","77.7","76.1","81","101.7","72","77.1","88.4","73.9","128.9","74.7","96.3","206.8","60.8","58.8","",
"Canada","CAN","Mortality rate, infant (per 1,000 live births)","SP.DYN.IMRT.IN","27.8","27","26","25.1","24.1","23.1","22.1","21.2","20.3","19.4","18.5","17.6","16.7","15.9","15","14.1","13.3","12.5","11.7","11","10.3","9.7","9.2","8.7","8.3","8","7.7","7.5","7.3","7","6.8","6.6","6.4","6.2","6","5.8","5.6","5.5","5.4","5.3","5.3","5.3","5.3","5.3","5.3","5.2","5.2","5.2","5.1","5","5","4.9","4.8","4.8","4.7","4.6","4.6","4.5","4.5","4.5","4.5","4.6","4.6","4.7","4.7","",
"Central Europe and the Baltics","CEB","Mortality rate, infant (per 1,000 live births)","SP.DYN.IMRT.IN","","","","","","","","","","","","","","","","","","","","","","","","","","","","","","","16.0530885646746","15.5432061594286","15.188522003244","14.7384392080688","14.2664187516798","13.7020269374758","13.0639021948129","12.4165543105987","11.7657199775918","11.0714516938687","10.4180355177355","9.86456631163925","9.55699546603122","9.29812959278512","8.94363047707199","8.47291667661146","7.95930781169749","7.37250400725428","6.95230186920212","6.57317505945682","6.16850477492679","5.86923053691307","5.61777538519931","5.33229913812694","5.085886778832","4.87319967504207","4.65300774010684","4.45228247513288","4.26028713692627","4.05222839523211","3.992462176151","3.89436436404891","3.91785867447588","3.95279671275124","3.97575075564461","",
"Switzerland","CHE","Mortality rate, infant (per 1,000 live births)","SP.DYN.IMRT.IN","21.7","21.2","20.7","20.1","19.3","18.4","17.7","16.9","16.3","15.6","15","14.3","13.6","12.8","12","11.2","10.5","9.8","9.2","8.7","8.4","8","7.8","7.6","7.4","7.3","7.2","7.1","7","6.8","6.6","6.4","6.1","5.8","5.5","5.2","5","4.9","4.8","4.7","4.7","4.6","4.5","4.5","4.4","4.3","4.2","4.1","4","4","3.9","3.9","3.8","3.8","3.8","3.7","3.7","3.6","3.6","3.5","3.5","3.5","3.5","3.4","3.4","",
"Channel Islands","CHI","Mortality rate, infant (per 1,000 live births)","SP.DYN.IMRT.IN","","","","","","","","","","","","","","","","","","","","","","","","","","","","","","","","","","","","","","","","","","","","","","","","","","","","","","","","","","","","","","","","","","",
"Chile","CHL","Mortality rate, infant (per 1,000 live births)","SP.DYN.IMRT.IN","123.7","121.4","117.4","111.9","104.8","96.5","87","78.4","72.5","69.7","68.5","67.4","66","63.9","60.7","55.6","48.6","41.4","35.6","31.5","28.3","25.4","22.8","20.9","19.6","18.8","18.6","18.4","18","17.1","15.9","14.7","13.6","12.5","11.6","10.9","10.5","10.3","10","9.6","9.2","8.7","8.3","8","7.8","7.7","7.7","7.6","7.6","7.5","7.5","7.4","7.3","7.1","6.9","6.8","6.7","6.5","6.3","6","5.8","5.8","5.9","5.9","5.8","",
"China","CHN","Mortality rate, infant (per 1,000 live births)","SP.DYN.IMRT.IN","","","","","","","","","","88.8","84.6","80.5","76.6","72.6","68.6","64.7","60.9","57.3","54.1","51.3","48.8","46.8","45.3","44.2","43.5","43.1","43","43.1","43.2","43.4","43.3","43","42.3","41.3","40.1","38.7","37.2","35.5","33.8","31.9","29.9","27.8","25.6","23.4","21.3","19.4","17.7","16.1","14.8","13.5","12.4","11.4","10.5","9.7","8.9","8.2","7.6","7","6.4","6","5.5","5.1","4.8","4.4","4.1","",
"Cote d'Ivoire","CIV","Mortality rate, infant (per 1,000 live births)","SP.DYN.IMRT.IN","209.5","204.2","199.2","194.2","189.5","184.9","180.4","175.9","171.4","166.9","162.4","157.5","152.3","146.9","141.2","135.5","130","124.9","120.3","116.4","113","110.1","107.7","105.8","104.3","103.2","102.3","101.7","101.5","101.4","101.2","101.1","100.8","100.3","99.7","98.9","97.8","96.5","94.9","93.3","91.4","89.3","87.1","84.8","82.5","80","77.8","75.3","72.6","70.5","68.4","66.6","64.5","62.4","60.3","58.4","56.9","55.2","53.5","51.8","50.3","48.7","47.4","46.2","44.8","",
"Cameroon","CMR","Mortality rate, infant (per 1,000 live births)","SP.DYN.IMRT.IN","177.3","172.1","167.6","163.7","159.7","155.3","150.4","145.1","139.3","133.6","128.2","123.6","120.1","117.6","116","115","114.3","113.5","112.3","110.4","107.8","104.8","101.2","97.3","93.4","89.8","86.6","84","82.3","81.5","81.5","82.2","83.3","84.4","85.5","86.2","86.6","86.4","85.8","84.7","83.1","81.2","79.1","77.2","75.2","73.5","71.6","69.9","68","66.3","63.9","61.8","59.6","57.3","55.3","53.3","51.4","49.6","48","46.9","45.5","44.1","42.7","41.3","40.2","",
"Congo, Dem. Rep.","COD","Mortality rate, infant (per 1,000 live births)","SP.DYN.IMRT.IN","","","","","","","","","","128.3","127.2","125.9","124.4","122.8","121.1","119.4","117.6","115.9","113.9","112.2","110.6","109","107.5","106.1","105","103.8","102.8","101.7","100.6","99.6","98.5","97.5","96.5","95.7","95","94.3","118.1","116.5","110.5","107.9","105","101.8","98.5","95.2","91.7","72","69","66.2","63.7","61.4","59.5","57.9","56.7","55.8","55.3","55.1","55.1","55.4","55.8","56.5","57.2","57.6","57.6","57.2","56.4","",
"Congo, Rep.","COG","Mortality rate, infant (per 1,000 live births)","SP.DYN.IMRT.IN","95.5","92.9","90.5","88.2","85.9","83.9","81.9","80","78.2","76.5","74.9","73.7","72.4","71.3","70","68.9","67.9","66.7","65.7","64.7","63.6","62.6","61.5","60.3","59","58","57.2","56.7","56.5","56.8","57.6","58.8","60.5","62.4","64.7","67","69.4","71.6","73.2","73.7","73","71.1","68.2","64.6","60.3","56.1","52.1","48.5","45.5","43.1","41.2","39.7","38.5","37.4","36.4","35.3","34.2","33.2","32.2","33.2","30.3","29.4","28.5","27.7","27","",
"Colombia","COL","Mortality rate, infant (per 1,000 live births)","SP.DYN.IMRT.IN","96.6","93.9","91.3","88.8","86.6","84.4","82.2","80","77.9","75.6","73.3","71","68.5","66","63.3","60.5","57.6","54.7","51.8","49","46.4","43.9","41.5","39.3","37.4","37.7","34.1","32.8","31.6","30.6","29.6","28.8","27.9","27","26.2","25.3","24.5","23.7","23","22.2","21.6","21","20.4","19.8","19.3","18.7","18.2","17.7","17.2","16.7","16.2","15.7","15.2","14.8","14.3","13.9","13.5","13.1","12.7","12.3","11.9","11.5","11.2","10.8","10.5","",
"Comoros","COM","Mortality rate, infant (per 1,000 live births)","SP.DYN.IMRT.IN","","","","","","","","","","","","","","148.9","145.8","142.8","139.8","136.7","133.4","130","126.7","123.3","119.8","116.3","112.9","109.5","106.2","103","99.8","96.7","93.5","90.2","87.1","83.8","80.8","77.8","75","72.4","69.9","67.5","65.2","63","60.9","58.9","56.9","55.1","53.3","51.7","50.2","48.9","47.6","46.4","45.4","44.4","43.6","42.8","42","41.3","40.6","39.8","38.9","38","37","36","35","",
"Cabo Verde","CPV","Mortality rate, infant (per 1,000 live births)","SP.DYN.IMRT.IN","112.3","110.5","108.6","106.8","104.6","102.1","99.4","96.4","93.1","89.5","85.6","81.7","77.7","73.7","69.8","66.1","62.8","60","57.8","56.2","55.2","54.7","54.6","54.4","53.8","52.6","50.7","48.3","45.8","43.6","42","41.3","41.3","41.7","42","41.7","40.6","38.4","35.5","32.3","29.4","27","25.3","24.3","23.9","23.9","24.1","24.4","24.5","24.3","23.8","23","21.9","20.5","19.1","17.6","16.2","15.1","14.1","13.2","12.5","12","11.5","11","10.6","",
"Costa Rica","CRI","Mortality rate, infant (per 1,000 live births)","SP.DYN.IMRT.IN","70.8","69.4","69.2","69.3","69.3","68.8","67.6","65.8","64","62","59.6","56.3","52.2","47.5","42.5","37.4","32.4","28.1","24.6","22.1","20.5","19.6","19.3","19.2","19","18.6","17.9","17","16","15.2","14.4","13.8","13.4","13.1","12.9","12.7","12.6","12.4","12.1","11.7","11.2","10.8","10.4","10.1","9.9","9.7","9.6","9.5","9.4","9.2","9","8.8","8.5","8.2","8","7.8","7.7","7.7","7.8","7.9","8.1","8.3","8.6","8.8","9.1","",
"Caribbean small states","CSS","Mortality rate, infant (per 1,000 live births)","SP.DYN.IMRT.IN","","","","","","","","","","","","","","","","","","","","","","","","","","","","","","","33.4455512171713","32.6368697397024","31.7721494758886","31.1257001344534","30.5141997100907","29.8397181126837","29.2665349907585","28.6753521040738","28.1513840291873","27.4227325545074","26.7661782338167","26.1262545640894","25.615334201903","25.0242745835572","24.5379820946038","24.1381904866287","23.77023542294","23.3662333233296","22.9974728553329","22.5956828842588","22.3075655710491","21.955930175951","21.6075889690851","21.2379370264822","20.8272256050831","20.4184251636057","20.0235687403775","19.5721339239187","19.1054984373631","19.1223174409837","18.3715076996184","18.0083720507892","17.5298479202642","17.0205325047219","16.5270411916146","",
"Cuba","CUB","Mortality rate, infant (per 1,000 live births)","SP.DYN.IMRT.IN","36.6","36.8","36.9","36.9","36.7","36.3","35.7","35","34.1","32.9","31.7","30.3","28.8","27.3","25.8","24.3","22.9","21.6","20.4","19.3","18.2","17.3","16.4","15.6","14.8","14.1","13.4","12.7","12","11.4","10.8","10.3","9.8","9.3","8.9","8.5","8.1","7.8","7.4","7.1","6.8","6.5","6.3","6","5.8","5.6","5.4","5.2","5.1","5","4.9","4.8","4.8","4.8","4.8","4.8","4.9","5.1","5.2","5.4","5.7","5.9","6.2","6.5","6.8","",
"Curacao","CUW","Mortality rate, infant (per 1,000 live births)","SP.DYN.IMRT.IN","","","","","","","","","","","","","","","","","","","","","","","","","","","","","","","","","","","","","","","","","","","","","","","","","","","","","","","","","","","","","","","","","","",
"Cayman Islands","CYM","Mortality rate, infant (per 1,000 live births)","SP.DYN.IMRT.IN","","","","","","","","","","","","","","","","","","","","","","","","","","","","","","","","","","","","","","","","","","","","","","","","","","","","","","","","","","","","","","","","","","",
"Cyprus","CYP","Mortality rate, infant (per 1,000 live births)","SP.DYN.IMRT.IN","","","","","","","","","","","","34.3","33.9","33.4","32.7","31.5","29.6","27.1","24.4","21.8","19.7","17.9","16.2","14.7","13.2","11.8","10.8","10.3","10","10","10","9.9","9.6","9.1","8.5","8","7.5","7","6.5","6.1","5.7","5.3","5","4.7","4.4","4.1","3.8","3.5","3.2","3","2.7","2.6","2.4","2.3","2.2","2.1","2.1","2.2","2.3","2.5","2.7","3","3.4","3.8","4.1","",
"Czechia","CZE","Mortality rate, infant (per 1,000 live births)","SP.DYN.IMRT.IN","21.2","20.9","20.8","20.9","21","21.2","21.3","21.4","21.4","21.3","21","20.7","20.4","19.9","19.4","18.8","18.1","17.3","16.4","15.6","14.7","13.9","13.2","12.7","12.4","12.2","11.9","11.5","11.1","10.8","10.4","9.9","9.3","8.6","7.9","7.1","6.4","5.7","5.2","4.8","4.5","4.2","4","3.9","3.7","3.5","3.3","3.2","3","2.9","2.7","2.6","2.6","2.5","2.5","2.6","2.6","2.6","2.5","2.4","2.4","2.3","2.2","2.1","2.1","",
"Germany","DEU","Mortality rate, infant (per 1,000 live births)","SP.DYN.IMRT.IN","","","","","","","","","23.4","22.7","22.1","21.4","20.6","19.7","18.8","17.7","16.6","15.5","14.4","13.5","12.6","11.8","11","10.3","9.7","9.2","8.7","8.3","7.8","7.4","7","6.6","6.2","5.8","5.5","5.3","5","4.8","4.7","4.5","4.4","4.3","4.2","4.1","4","3.9","3.8","3.7","3.6","3.5","3.5","3.4","3.4","3.3","3.3","3.3","3.3","3.2","3.2","3.1","3.1","3.1","3.1","3.1","3.1","",
"Djibouti","DJI","Mortality rate, infant (per 1,000 live births)","SP.DYN.IMRT.IN","","","","","","","","","","","","","","","","","","","108.2","106.4","104.6","102.9","101.1","99.3","97.4","95.5","93.8","92.2","90.7","89.2","87.9","86.9","86.1","85.5","85.1","84.6","84","83.4","82.5","81.5","80.3","79","77.5","75.9","74.4","72.7","71.1","69.5","67.8","66.2","64.6","63.1","61.5","59.8","58.2","56.6","55","53.3","51.8","50.2","48.7","47.3","45.8","44.4","43","",
"Dominica","DMA","Mortality rate, infant (per 1,000 live births)","SP.DYN.IMRT.IN","81.8","75.6","69.7","64.3","59.4","54.8","50.6","46.8","43.3","40","37","34.3","31.8","29.6","27.5","25.7","24.1","22.6","21.3","22.4","19.2","18.4","17.6","17","16.5","16","15.7","15.4","15.2","15","14.9","14.9","14.9","15","15.1","15.3","15.4","15.7","16","16.3","16.6","17","17.5","18","18.5","19","19.6","20.3","21","21.7","22.4","23.2","24.1","24.9","25.8","26.8","27.8","28.7","29.7","30.6","31.4","32.1","32.7","33.1","33.3","",
"Denmark","DNK","Mortality rate, infant (per 1,000 live births)","SP.DYN.IMRT.IN","21.4","20.9","20.3","19.6","18.8","17.9","17","16","15.3","14.6","14","13.2","12.4","11.6","10.9","10.2","9.6","9.2","8.8","8.4","8.2","8","7.9","7.8","7.9","7.9","8","8","7.9","7.7","7.3","6.9","6.4","6","5.7","5.4","5.1","5","4.8","4.7","4.7","4.6","4.5","4.4","4.2","4.1","3.9","3.8","3.7","3.6","3.5","3.5","3.5","3.5","3.5","3.5","3.5","3.4","3.4","3.3","3.3","3.3","3.3","3.4","3.5","",
"Dominican Republic","DOM","Mortality rate, infant (per 1,000 live births)","SP.DYN.IMRT.IN","103.8","103.4","102.6","101.6","100.3","98.9","97.3","95.6","93.9","92.3","90.3","88.3","86","83.5","81","78.3","75.8","73.4","71","68.8","66.6","64.5","62.5","60.5","58.6","56.8","55","53.2","51.5","49.7","48","46.2","44.5","42.7","41","39.4","37.9","36.6","35.4","34.3","33.5","32.7","32.1","31.7","31.3","31","30.8","30.6","30.5","30.5","30.5","30.6","30.6","30.8","30.9","31","31.2","31.2","31.1","30.9","30.4","29.8","29.1","28.4","27.7","",
"Algeria","DZA","Mortality rate, infant (per 1,000 live births)","SP.DYN.IMRT.IN","162","161.5","161.3","161.5","161.7","162.1","162.4","162.4","162","160.9","158.9","156.1","152.5","148.4","143.8","138.9","133.6","128.1","122.2","115.5","107.5","97.9","86.8","75.1","64.3","55.5","48.9","44.4","41.8","40.4","39.8","39.5","39.5","39.4","39.2","38.8","38.2","37.6","36.7","35.8","34.8","33.7","32.5","31.3","30.1","29","27.9","26.9","25.9","25.1","24.4","23.8","23.2","22.7","22.3","21.9","21.6","21.3","21","20.7","20.4","20.2","20","19.7","19.5","",
"East Asia & Pacific (excluding high income)","EAP","Mortality rate, infant (per 1,000 live births)","SP.DYN.IMRT.IN","","","","","","","","","","","","","","","","","","","","","","","","","","","","","","","46.5860945213817","46.2119671404386","45.2135708161001","44.0355050293246","42.720925523466","41.7676228612052","40.344241165462","38.8005507266856","37.2298135572535","35.5352878154856","33.5616023992955","31.8725472622641","30.0545383738273","27.8316063391465","26.4009227080856","24.4579617301519","22.968139836174","21.5678770922596","20.6834185451868","19.051177857967","18.0463284414026","17.1294320665527","15.9978043190605","15.3369572305821","14.4404045183894","13.9878565619247","13.1626280351615","12.4963418670572","12.4379101812444","12.072323650008","12.2144132880224","12.1131825259579","12.0161581242148","11.725115588834","11.3362845942632","",
"Early-demographic dividend","EAR","Mortality rate, infant (per 1,000 live births)","SP.DYN.IMRT.IN","","","","","","","","","","","","","","","","","","","","","","","","","","","","","","","77.7018820204681","75.7055352111154","73.9233966168244","72.1391311034193","70.8546567712265","68.4910402758553","66.6852299485069","64.8352286672559","62.8777752141954","60.8965062918579","58.9356049735571","56.9750587180705","55.0811236529929","53.1755478426774","51.4549982788","49.4586308642085","47.6595280398397","45.9585221864569","44.5089667481534","42.710242547749","41.1910825751624","39.478978945015","37.9358776739509","36.4036032052332","34.9365766456553","33.6326416709275","32.4383507443745","31.296660942754","30.2956329291848","29.3622810142626","28.4460343482701","28.3320658567733","27.4783994736483","26.1411721943006","25.0635048695029","",
"East Asia & Pacific","EAS","Mortality rate, infant (per 1,000 live births)","SP.DYN.IMRT.IN","","","","","","","","","","","","","","","","","","","","","","","","","","","","","","","44.5","43.8","42.7","41.6","40.3","39.4","38","36.5","35","33.4","31.6","30","28.3","26.3","25","23.2","21.7","20.4","19.6","18.1","17.2","16.3","15.3","14.6","13.8","13.3","12.6","11.9","11.9","11.5","11.6","11.5","11.4","11.1","10.7","",
"Europe & Central Asia (excluding high income)","ECA","Mortality rate, infant (per 1,000 live births)","SP.DYN.IMRT.IN","","","","","","","","","","","","","","","","","","","","","","","","","","","","","","","49.9284130511858","49.0527739889874","48.5882884907639","48.0299353246891","46.8654666033148","45.738310256991","43.8240150277564","42.0605474782856","39.9813015824961","37.8751953818491","35.584974939574","33.4787360376869","31.3923470226463","29.2868137916128","27.5308897924258","25.7590230890231","24.0817526606602","22.635197154631","21.1883436683626","19.8051572610461","18.6768511404746","17.5649725940959","16.5149968244489","15.6910900365841","14.9307820252853","14.2964372456429","13.6693249782052","13.2605083570662","12.9427002190535","12.6964416494544","12.4589272883753","12.1925743158618","12.0899631951036","12.2873577138309","11.534558084555","",
"Europe & Central Asia","ECS","Mortality rate, infant (per 1,000 live births)","SP.DYN.IMRT.IN","","","","","","","","","","","","","","","","","","","","","","","","","","","","","","","25.6","25.3","25","24.7","24","23.3","22.1","21.1","20","18.9","17.5","16.6","15.6","14.6","13.8","13","12.3","11.6","11","10.4","9.9","9.4","9.1","8.8","8.4","8.1","7.7","7.4","7.3","7.1","7","6.9","6.8","6.9","6.6","",
"Ecuador","ECU","Mortality rate, infant (per 1,000 live births)","SP.DYN.IMRT.IN","129.5","125.6","122.2","118.9","115.9","113.2","110.8","108.7","106.8","105","102.9","100.5","97.8","94.6","91.1","87.3","83.6","80.1","76.7","73.5","70.3","67","63.8","60.6","57.3","54.4","51.6","49.2","46.9","44.7","42.7","40.7","38.7","36.7","34.7","32.7","30.7","28.8","27.1","25.5","24.1","22.9","21.9","21","20.2","19.5","18.8","18.1","17.4","16.7","16","15.3","14.6","14","13.4","12.9","12.5","12.2","11.9","11.7","11.5","11.3","11.2","11.1","10.9","",
"Egypt, Arab Rep.","EGY","Mortality rate, infant (per 1,000 live births)","SP.DYN.IMRT.IN","172.7","168.7","164.7","160.8","157.4","154.5","152.4","151","150.3","150","150","150","149.6","148.4","146.2","143","139","134.6","129.9","125.1","120","114.6","108.8","102.7","96.2","89.8","83.9","78.8","74.4","70.8","67.7","64.8","62","59.2","56.2","53.2","50.2","47.4","44.7","42.3","40.1","38.2","36.5","34.9","33.5","32.3","31.1","30.1","29","28.1","27.2","26.4","25.7","25.1","24.5","24.1","23.7","23.4","23.1","22.9","22.6","22.2","21.8","21.3","20.8","",
"Euro area","EMU","Mortality rate, infant (per 1,000 live births)","SP.DYN.IMRT.IN","","","","","","","","","","","","","","","","","","","","","","","","","","","","","","","8.18253925664779","7.86195119169649","7.47635141525034","7.04352183402738","6.6029028694929","6.22779398420707","5.85800868680917","5.54230257134647","5.32596079174274","5.10759126037537","4.91926860587189","4.71042999115864","4.5504248742716","4.38382338752613","4.20223278877637","4.04520087842091","3.93106175046183","3.80743664042227","3.70035361421681","3.59924221663917","3.53451958394037","3.43505873071151","3.37134368772701","3.31372335966227","3.27838754218584","3.25259008786149","3.22452580460808","3.19222348531025","3.17040031256008","3.10896029715255","3.08544366444468","3.1034444233086","3.08079582441602","3.06507143228967","3.05533756666221","",
"Eritrea","ERI","Mortality rate, infant (per 1,000 live births)","SP.DYN.IMRT.IN","","","","","","","","","","","","","","","","121.3","97.4","96.2","95.1","94.3","93.6","93","92.3","147.8","146.3","144.4","88.7","87.2","85.5","83.4","80.8","77.9","74.6","71.1","67.5","63.9","60.6","57.7","55.1","60.9","50.8","49.1","47.4","45.9","44.5","43.2","42","40.8","39.7","38.5","37.5","36.4","35.4","34.4","33.4","32.4","31.3","30.5","29.6","28.7","27.8","27","26.2","25.4","24.7","",
"Spain","ESP","Mortality rate, infant (per 1,000 live births)","SP.DYN.IMRT.IN","46.8","44.8","42.8","40.9","39","37.2","35.5","33.7","31.8","29.8","27.7","25.6","23.6","21.8","20.1","18.6","17.2","15.9","14.6","13.5","12.4","11.5","10.7","10.1","9.6","9.2","8.8","8.4","8.1","7.8","7.4","7.1","6.7","6.3","5.9","5.5","5.2","4.9","4.7","4.5","4.4","4.2","4.1","4.1","3.9","3.8","3.7","3.6","3.4","3.3","3.2","3","2.9","2.9","2.8","2.7","2.7","2.7","2.7","2.6","2.6","2.6","2.6","2.6","2.6","",
"Estonia","EST","Mortality rate, infant (per 1,000 live births)","SP.DYN.IMRT.IN","29","27.2","25.6","24.1","22.7","21.5","20.4","19.5","18.8","18.2","17.8","17.5","17.3","17.2","17.2","17.3","17.3","17.4","17.3","17.2","17","16.8","16.4","16","15.5","15.1","14.8","14.5","14.3","14.1","14","13.9","13.7","13.4","13","12.4","11.8","11","10.3","9.5","8.8","8.1","7.4","6.7","6.2","5.6","5.1","4.7","4.3","3.9","3.6","3.3","3","2.8","2.6","2.4","2.3","2.2","2","1.9","1.8","1.8","1.7","1.6","1.5","",
"Ethiopia","ETH","Mortality rate, infant (per 1,000 live births)","SP.DYN.IMRT.IN","","","","","","","142.9","143.2","143.7","144.3","144.7","145.3","168.6","168.6","168.4","168.4","147.6","148","148.3","147.9","147.3","146.3","144.9","195.6","192.4","186.1","182.5","134.3","132.1","129.7","127.2","124.4","121.3","117.9","114.1","110.3","106.5","102.8","99.1","95.7","92.3","88.9","85.3","81.7","78","74.4","70.9","67.7","64.7","61.8","59.2","56.8","54.4","52.2","50","47.9","45.9","44","42.3","40.8","39.4","49.9","48.3","38.7","34.5","",
"European Union","EUU","Mortality rate, infant (per 1,000 live births)","SP.DYN.IMRT.IN","","","","","","","","","","","","","","","","","","","","","","","","","","","","","","","10.0796958396082","9.64042761756444","9.18159068772438","8.71731318748572","8.24821017943117","7.75216879991735","7.27875191610976","6.87281450675745","6.53771747968123","6.1925395081617","5.89996971756235","5.62053952856554","5.43127456678843","5.25024624684617","5.04743045567914","4.85532218719732","4.66294388609436","4.45694723956561","4.30400878499754","4.15039567460866","4.00373203698476","3.85541661398435","3.75930079211119","3.65700964856713","3.58855214952449","3.5296920202016","3.46985963772573","3.41352152542385","3.35065732237221","3.25658640389602","3.22392355209318","3.21143445631329","3.19535332877716","3.19965390403388","3.20069839508258","",
"Finland","FIN","Mortality rate, infant (per 1,000 live births)","SP.DYN.IMRT.IN","21.9","20.6","19.5","18.4","17.5","16.6","15.8","15.1","14.4","13.8","13.2","12.6","12","11.4","10.8","10.1","9.4","8.8","8.2","7.6","7.2","6.8","6.5","6.3","6.2","6.1","6","6","5.9","5.8","5.6","5.3","5.1","4.8","4.5","4.3","4.1","3.9","3.7","3.6","3.5","3.4","3.3","3.2","3.1","3","2.9","2.8","2.7","2.6","2.4","2.3","2.2","2.1","2.1","2","2","1.9","1.9","1.9","1.9","1.9","1.9","1.9","1.9","",
"Fiji","FJI","Mortality rate, infant (per 1,000 live births)","SP.DYN.IMRT.IN","61.6","58.8","56.2","53.8","51.5","49.4","47.7","46.3","45.3","44.6","44.1","43.8","43.5","43.1","42.5","41.7","40.5","39.1","37.5","35.8","34","32.3","30.6","29.1","27.7","26.5","25.4","24.3","23.3","22.4","21.5","20.6","19.8","19.1","18.5","18","17.5","17.2","16.9","16.7","16.6","16.6","16.7","16.8","17","17.3","17.4","17.4","17.3","17","16.6","16.2","15.9","15.7","15.8","16.1","16.8","17.7","19","20.3","21.6","22.6","23.2","23.5","23.5","",
"France","FRA","Mortality rate, infant (per 1,000 live births)","SP.DYN.IMRT.IN","23.7","22.4","21.3","20.3","19.4","18.6","17.8","17.1","16.5","15.8","15.1","14.3","13.7","13.1","12.7","12.3","11.8","11.4","11","10.5","10.1","9.8","9.4","9.1","8.8","8.5","8.3","8.1","7.9","7.7","7.5","7.1","6.7","6.2","5.7","5.3","4.9","4.6","4.4","4.2","4.1","3.9","3.8","3.6","3.5","3.3","3.3","3.2","3.2","3.1","3.1","3.1","3.1","3.1","3.1","3.2","3.2","3.3","3.3","3.3","3.3","3.4","3.4","3.4","3.4","",
"Faroe Islands","FRO","Mortality rate, infant (per 1,000 live births)","SP.DYN.IMRT.IN","","","","","","","","","","","","","","","","","","","","","","","","","","","","","","","","","","","","","","","","","","","","","","","","","","","","","","","","","","","","","","","","","","",
"Micronesia, Fed. Sts.","FSM","Mortality rate, infant (per 1,000 live births)","SP.DYN.IMRT.IN","97.3","93.5","90.2","86.7","83.6","80.5","77.6","74.7","71.9","69.2","66.8","64.4","62.2","60.1","58.1","56.5","55","53.6","52.4","51.4","50.6","49.9","49.3","48.8","48.3","47.5","46.6","45.5","44.3","43","41.9","41","40.2","39.5","38.8","38.1","37.3","36.4","35.4","34.5","33.6","32.8","34","31.9","31.6","31.6","31.6","31.5","31.3","30.9","30.3","29.8","29","28.2","27.4","26.7","25.9","25.2","24.5","23.7","23","22.3","21.6","20.9","20.3","",
"Gabon","GAB","Mortality rate, infant (per 1,000 live births)","SP.DYN.IMRT.IN","112.8","110.7","108.6","106.6","104.4","102.3","100.2","98.1","96.1","94","92","90","88","86.1","84","82","80.1","78.1","76.2","74.2","72.4","70.5","68.7","67.1","65.5","64.1","62.7","61.6","60.6","59.7","58.8","58.1","57.4","56.8","56.2","55.6","54.8","54","53","51.9","50.7","49.4","48.1","46.8","45.5","44.3","43.2","41.9","40.8","40","38.8","37.5","36.4","35.3","34.7","33.7","32.6","32","31.1","30.1","28.8","28.5","27.5","26.9","25.9","",
"United Kingdom","GBR","Mortality rate, infant (per 1,000 live births)","SP.DYN.IMRT.IN","22.9","22.5","22.1","21.5","20.8","20.2","19.6","19.1","18.8","18.4","18.1","17.7","17.2","16.7","16.1","15.4","14.8","14.1","13.4","12.7","12.1","11.4","10.8","10.3","10","9.7","9.4","9.1","8.8","8.4","7.9","7.3","6.9","6.5","6.3","6.1","5.9","5.8","5.7","5.6","5.5","5.5","5.4","5.3","5.2","5.1","5","4.9","4.8","4.6","4.4","4.3","4.1","4","3.9","3.9","3.8","3.8","3.8","3.8","3.9","3.9","4","4.1","4.1","",
"Georgia","GEO","Mortality rate, infant (per 1,000 live births)","SP.DYN.IMRT.IN","","","","","","","","","","","","","","","","57.9","55.8","53.7","51.8","49.9","48.1","46.4","44.8","43.3","42","41","40.2","39.6","39.2","38.8","38.5","38.2","37.9","37.4","36.9","36.2","35.2","34","32.7","31","29.2","27.3","25.2","23.2","21.1","19.1","17.3","15.6","14.1","12.9","11.8","10.9","10.2","9.6","9.2","8.9","8.7","8.5","8.3","8.2","8","7.9","7.7","7.6","7.5","",
"Ghana","GHA","Mortality rate, infant (per 1,000 live births)","SP.DYN.IMRT.IN","122","121","120","119.3","118.7","118.2","117.8","117.4","116.9","116.1","114.8","113.1","110.8","107.9","104.7","101.3","98.1","95.1","92.6","90.9","89.9","89.3","88.8","88.1","86.9","85.1","82.8","80.3","77.6","75","72.7","70.9","69.6","68.8","68.3","67.8","67.3","66.5","65.2","63.7","61.7","59.7","57.8","56.2","54.7","53.4","52.1","50.7","49.2","47.5","45.8","44","42.3","40.7","39.3","37.9","36.6","35.4","34.1","32.9","31.7","30.5","29.4","28.4","27.5","",
"Gibraltar","GIB","Mortality rate, infant (per 1,000 live births)","SP.DYN.IMRT.IN","","","","","","","","","","","","","","","","","","","","","","","","","","","","","","","","","","","","","","","","","","","","","","","","","","","","","","","","","","","","","","","","","","",
"Guinea","GIN","Mortality rate, infant (per 1,000 live births)","SP.DYN.IMRT.IN","190.7","190","189.3","188.5","187.6","186.7","185.5","184.4","183.2","182","180.7","179.2","177.7","176","174.5","172.8","170.7","168.4","165.9","163.3","160.7","158.1","155.5","152.9","150.4","147.8","145.3","142.8","140.1","137.4","134.5","131.2","127.7","124","120.3","116.4","112.6","108.9","105.1","101.2","97.3","93.6","90.1","87","84.1","81.7","79.6","77.9","76.6","75.4","74.4","73.6","72.9","72.1","72","71.2","69.9","69","68.1","67","65.7","64.4","62.9","61.4","59.8","",
"Gambia, The","GMB","Mortality rate, infant (per 1,000 live births)","SP.DYN.IMRT.IN","157.2","156","154.9","153.8","152.8","151.8","150.6","149.3","148.2","147.1","145.6","144.1","142.4","140.6","138.7","136.6","134.5","132.5","130.4","128.4","126.2","123.9","121.3","118.7","116","113.2","110.3","107.5","104.8","102.1","99.5","96.9","94.3","91.6","88.9","86.2","83.5","80.9","78.3","75.8","73.3","70.9","68.5","66.1","63.8","61.5","59.4","57.3","55.3","53.4","51.5","49.8","48.1","46.5","45","43.5","42.1","40.7","39.4","38.2","37","35.9","34.7","33.7","32.7","",
"Guinea-Bissau","GNB","Mortality rate, infant (per 1,000 live births)","SP.DYN.IMRT.IN","","","","","","","","","","","","","","","","","","","","","","","","","","132.6","130.8","129.1","127.3","125.6","123.9","121.9","120","117.8","115.6","113.3","110.8","108.4","105.9","103.3","100.7","97.9","94.8","91.8","88.5","85.1","81.7","78.2","74.7","71.2","67.9","64.6","61.8","59.3","57.1","55.2","53.4","51.7","50.1","48.6","47.2","45.9","44.7","43.4","42.1","",
"Equatorial Guinea","GNQ","Mortality rate, infant (per 1,000 live births)","SP.DYN.IMRT.IN","","","","","","","","","","","","","","","","","","","","","","","128.7","126.5","124.2","122.4","121","119.9","119.2","118.6","118.2","117.8","117.3","116.9","116.3","115.7","114.7","113.3","111.4","109","106.2","103.3","100.3","97.2","94","90.7","87.2","83.6","80.3","77.1","74.3","71.7","69.3","67.1","65","62.9","60.9","59.1","57.2","55.7","53.9","52.2","50.7","49.2","47.6","",
"Greece","GRC","Mortality rate, infant (per 1,000 live births)","SP.DYN.IMRT.IN","38.7","38.1","37.3","36.3","35.3","34.4","33.5","32.4","30.9","29.3","27.6","26.2","25.1","24.5","23.9","23.2","22.2","21.1","19.9","18.6","17.4","16.3","15.3","14.4","13.7","12.9","12.1","11.3","10.5","9.8","9.2","8.7","8.3","8","7.7","7.4","7","6.7","6.3","5.9","5.5","5.1","4.8","4.4","4.1","3.9","3.7","3.5","3.4","3.3","3.3","3.4","3.4","3.5","3.6","3.6","3.6","3.6","3.6","3.5","3.4","3.4","3.3","3.3","3.2","",
"Grenada","GRD","Mortality rate, infant (per 1,000 live births)","SP.DYN.IMRT.IN","60.9","57.1","53.3","49.5","46","43","40.4","38.4","36.7","35.4","34.5","33.7","33.1","32.6","32.1","31.6","31.1","30.5","29.8","29","28","27","26","24.9","23.9","22.8","21.9","20.9","20.1","19.3","18.5","17.7","17","16.3","15.7","15.1","14.6","14.2","13.9","13.6","13.3","13.2","13","12.9","12.9","12.9","13","13.1","13.3","13.6","13.9","14.2","14.6","15","15.4","15.7","16.1","16.3","16.6","16.8","17","17","16.9","16.7","16.4","",
"Greenland","GRL","Mortality rate, infant (per 1,000 live births)","SP.DYN.IMRT.IN","","","","","","","","","","","","","","","","","","","","","","","","","","","","","","","","","","","","","","","","","","","","","","","","","","","","","","","","","","","","","","","","","","",
"Guatemala","GTM","Mortality rate, infant (per 1,000 live births)","SP.DYN.IMRT.IN","155.7","152.4","149.3","146.1","142.9","139.6","136.4","133.1","129.7","126.3","122.9","119.5","115.9","112.4","109","105.6","112.1","99","95.7","92.6","89.4","86.3","92.5","80.2","77.2","74.3","71.4","68.6","65.8","63.2","60.6","58.1","55.7","53.5","51.3","49.3","47.4","45.6","43.9","42.3","40.7","39.2","37.8","36.4","35.1","33.9","32.7","31.5","30.3","29.2","28","27","26","24.9","24","23.1","22.3","21.6","20.8","20.2","19.5","18.9","18.3","17.7","17.2","",
"Guam","GUM","Mortality rate, infant (per 1,000 live births)","SP.DYN.IMRT.IN","","","","","","","","","","","","","","","","","","","","","","","","","","","","","","","","","","","","","","","","","","","","","","","","","","","","","","","","","","","","","","","","","","",
"Guyana","GUY","Mortality rate, infant (per 1,000 live births)","SP.DYN.IMRT.IN","71.7","69","66.8","65","63.5","62.4","61.6","61","60.6","60.4","60.3","60.3","60.4","60.5","60.6","60.6","60.6","60.5","60.3","60","59.8","59.5","59.1","58.8","58.3","57.8","57.2","56.5","55.6","54.5","53.3","52","50.7","49.4","48.1","46.8","45.7","44.6","43.5","42.5","41.5","40.5","39.7","38.8","38","37.3","36.6","35.9","35.3","34.6","34","33.4","32.8","32.1","31.3","30.4","29.6","28.8","27.9","27.1","26.3","25.5","24.8","24","23.2","",
"High income","HIC","Mortality rate, infant (per 1,000 live births)","SP.DYN.IMRT.IN","","","","","","","","","","","","","","","","","","","","","","","","","","","","","","","11.4","10.9","10.4","10","9.6","9.2","8.8","8.5","8.2","7.9","7.6","7.3","7.1","6.9","6.7","6.5","6.2","6","5.8","5.7","5.5","5.4","5.3","5.1","5","4.9","4.7","4.6","4.5","4.4","4.3","4.2","4.3","4.3","4.2","",
"Hong Kong SAR, China","HKG","Mortality rate, infant (per 1,000 live births)","SP.DYN.IMRT.IN","","","","","","","","","","","","","","","","","","","","","","","","","","","","","","","","","","","","","","","","","","","","","","","","","","","","","","","","","","","","","","","","","","",
"Honduras","HND","Mortality rate, infant (per 1,000 live births)","SP.DYN.IMRT.IN","141.8","138","134.4","130.8","127.1","123.5","119.8","116.1","112.5","108.8","105.2","101.6","98","94.5","100.6","87.5","84.1","80.7","77.4","74.2","70.9","67.8","64.7","61.8","59","56.3","53.7","51.3","48.9","46.7","44.7","42.7","40.9","39.2","37.7","36.2","34.8","33.5","41.5","30.9","29.6","28.4","27.2","26.1","25.1","24.1","23.2","22.3","21.5","20.8","20.1","19.4","18.8","18.2","17.6","17","16.5","15.9","15.4","14.9","14.5","14","13.6","13.2","12.8","",
"Heavily indebted poor countries (HIPC)","HPC","Mortality rate, infant (per 1,000 live births)","SP.DYN.IMRT.IN","","","","","","","","","","","","","","","","","","","","","","","","","","","","","","","107.712138284952","108.421131315959","107.033419552889","105.595502656825","103.557621410641","100.033980225299","101.050785512939","98.8425813589971","97.3400942353796","93.301592241856","90.2255091779897","88.0516158650508","83.5169040906133","80.1630287185337","77.0750902894857","72.0959445735249","68.9074689245701","66.1308687900472","63.6362473906415","62.5976443296748","60.0500387311644","60.2355887834956","56.0279622652495","54.0531494192441","52.8717207409438","51.3810429076589","50.1902112913284","49.5512668343817","48.1679135592213","47.4834834944594","46.2413575696403","47.1233539995638","47.5426552532361","44.1749436579845","42.760085700228","",
"Croatia","HRV","Mortality rate, infant (per 1,000 live births)","SP.DYN.IMRT.IN","","","","","","","","","","","","","","","","","","","","","","19.2","18.4","17.5","16.7","15.8","14.8","13.8","12.9","12","11.2","11.4","9.9","9.4","9","8.6","8.3","8","7.7","7.5","7.2","6.9","6.6","6.6","6.1","5.8","5.5","5.3","5","4.8","4.7","4.5","4.4","4.3","4.2","4.2","4.1","4.1","4.1","4","4","3.9","3.9","4","4.1","",
"Haiti","HTI","Mortality rate, infant (per 1,000 live births)","SP.DYN.IMRT.IN","195.4","192.8","190.2","187.9","185.3","182.8","180.1","177.2","174.3","171.1","168","164.8","161.2","157.4","153.6","149.7","145.7","141.9","138.2","134.4","130.8","127.3","123.8","120.2","116.9","113.6","110.4","107.3","104.4","101.4","98.6","95.7","93","90.1","87.3","84.4","81.6","78.8","76.1","73.5","71.1","68.8","66.7","64.9","63.2","61.8","60.4","59.1","58","56.8","79.3","54.4","53.2","52","50.9","49.7","48.5","47.2","46","44.7","43.6","42.5","41.3","40.1","39","",
"Hungary","HUN","Mortality rate, infant (per 1,000 live births)","SP.DYN.IMRT.IN","48","45.9","44","42.5","41.1","39.9","38.9","37.8","36.8","35.9","35.2","34.7","34.6","34.8","34.2","32.2","29.3","26.6","24.5","22.8","21.4","20.4","19.8","19.7","19.7","19.3","18.5","17.5","16.6","15.8","15.2","14.6","13.7","12.7","11.6","10.9","10.3","9.9","9.5","9.1","8.7","8.1","7.6","7.2","6.8","6.4","6.1","5.8","5.5","5.3","5.1","5","4.8","4.7","4.5","4.2","4","3.7","3.6","3.4","3.4","3.3","3.2","3.2","3.1","",
"IBRD only","IBD","Mortality rate, infant (per 1,000 live births)","SP.DYN.IMRT.IN","","","","","","","","","","","","","","","","","","","","","","","","","","","","","","","56.9633428705533","56.5103795934349","55.4405702129768","54.2479624530927","52.935664391828","51.5888129108161","50.2291561971941","48.774231989398","47.266705336703","45.7235484743231","43.9852219216559","42.5127696434979","40.8235082887639","39.0536258104785","37.4305933241079","35.548403680669","33.797911328684","32.0855163639406","30.4791075674586","28.984395045208","27.6121160289804","26.3273273910696","24.8270581453256","23.77399488349","22.4239541322198","21.6706390144475","20.7535396521297","19.7750570088678","19.502307671502","18.8656202369111","18.5749446327992","18.1711567818911","17.7580468498968","17.2568418512037","16.6041039663492","",
"IDA & IBRD total","IBT","Mortality rate, infant (per 1,000 live births)","SP.DYN.IMRT.IN","","","","","","","","","","","","","","","","","","","","","","","","","","","","","","","69.4614826563705","69.7217259422496","68.9732899196078","68.0402688604719","66.8209098416889","65.3943419278076","64.6077938013467","63.1754225360816","61.9894729968809","59.8728715522197","57.8199143026512","56.2438905111374","54.0794452426783","52.1002487647964","50.2065366250322","47.8646554842223","45.9561508985155","44.1378675724498","42.5284664909226","41.140011695641","39.6844493799877","38.7767100181906","36.7342819134431","35.6682032820734","34.6505856993903","33.9733613272766","33.0493583471744","32.3745411850762","31.9305017262586","31.4755289235234","31.3552888585145","31.5752401494492","31.6078201284087","30.5226456824557","29.7702528243806","",
"IDA total","IDA","Mortality rate, infant (per 1,000 live births)","SP.DYN.IMRT.IN","","","","","","","","","","","","","","","","","","","","","","","","","","","","","","","101.120599151451","100.712031218421","99.4648995644848","98.1127479727189","96.2509279962517","93.8521895925789","93.4493165806759","91.3346203616325","90.1193895418611","86.1797898423843","83.3586372358087","80.9769617432334","77.5127984184927","74.743364135844","72.1894582839468","68.722938777186","66.2457055768601","64.0102328386475","62.2602254811445","60.8965635803123","58.9988179275548","58.5043838257651","55.7934018263814","54.2122306520217","53.4792281668355","52.4505959786182","51.4459731031748","50.6952918637011","48.9756798608582","48.1023010212298","47.0718489149806","47.3167278574538","47.2894586734569","45.1678586810205","44.1055217776832","",
"IDA blend","IDB","Mortality rate, infant (per 1,000 live births)","SP.DYN.IMRT.IN","","","","","","","","","","","","","","","","","","","","","","","","","","","","","","","98.9716232432254","98.3409427084643","97.7486684569401","97.1544216639369","96.4040546716357","95.3372180333036","94.0772667912963","92.4830189040249","90.4789407290678","88.3806977423396","85.9915710234442","83.5782422086761","81.1493782519876","78.9033276296314","76.6730779253044","74.637113084741","72.7429855975842","70.9970658324321","69.2915977797643","67.8732233899507","66.4791962970502","65.0979121364441","63.694250544092","62.3545361576198","61.1031219152924","60.0399492545937","59.055885908137","58.1936266652929","57.3755486802668","56.6192818639053","55.8344682690458","55.1966235485122","54.5314756424168","53.738329798919","52.9405212393935","",
"Indonesia","IDN","Mortality rate, infant (per 1,000 live births)","SP.DYN.IMRT.IN","146.7","142.9","139.3","135.7","132.3","142.7","125.4","122","118.6","115.4","112.2","109.1","106.1","103.3","100.6","98","95.6","93.3","91.1","89","86.9","84.8","82.7","80.6","78.5","76.3","74.1","71.8","69.4","66.9","64.4","61.8","59.3","56.8","54.3","52","49.7","47.5","45.4","43.4","41.4","39.6","37.9","36.3","36.9","33.3","31.9","30.6","29.4","28.2","27","25.9","24.9","23.9","22.9","21.9","21","20.1","19.3","18.5","17.7","17","16.3","15.7","15.2","",
"IDA only","IDX","Mortality rate, infant (per 1,000 live births)","SP.DYN.IMRT.IN","","","","","","","","","","","","","","","","","","","","","","","","","","","","","","","102.27124719122","101.995742828479","100.398355392425","98.6305180445462","96.1684851041958","93.0538102748673","93.1110733983991","90.7172832685909","89.92582700577","84.9855487703366","81.9227752624719","79.5526452000695","75.5166737200899","72.4531995341059","69.7271647233974","65.4532818208977","62.6103722231732","60.0504967249617","58.2031422674922","56.822533227104","54.5932711337677","54.6116932983342","51.1559908147666","49.4618870385351","49.0540461998849","48.0975735670971","47.1629387274508","46.5280495003313","44.3767994211272","43.5098355236627","42.4022915426146","43.1216333815398","43.4517115554974","40.6443293098068","39.4774138683816","",
"Isle of Man","IMN","Mortality rate, infant (per 1,000 live births)","SP.DYN.IMRT.IN","","","","","","","","","","","","","","","","","","","","","","","","","","","","","","","","","","","","","","","","","","","","","","","","","","","","","","","","","","","","","","","","","","",
"India","IND","Mortality rate, infant (per 1,000 live births)","SP.DYN.IMRT.IN","150.4","148.4","146.6","145","143.5","142","140.5","139.2","137.9","136.4","134.8","133.1","131.2","129","126.7","124","121.1","117.9","114.7","111.4","108.2","105.2","102.4","99.8","97.5","95.2","93","90.8","88.6","86.4","84.4","82.5","80.7","79","77.3","75.6","73.9","72.1","70.2","68.3","66.3","64.3","62.4","60.4","58.5","56.5","54.5","52.5","50.5","48.4","46.3","44.2","42.2","40.1","38.2","36.3","34.6","32.9","31.3","29.8","28.3","27","25.7","24.5","23.3","",
"Not classified","INX","Mortality rate, infant (per 1,000 live births)","SP.DYN.IMRT.IN","","","","","","","","","","","","","","","","","","","","","","","","","","","","","","","","","","","","","","","","","","","","","","","","","","","","","","","","","","","","","","","","","","",
"Ireland","IRL","Mortality rate, infant (per 1,000 live births)","SP.DYN.IMRT.IN","30.4","29.2","28.1","27.1","26","24.8","23.5","22","20.7","19.8","19.1","18.6","18.3","18","17.5","16.9","16.1","15.2","14.2","13","11.9","11","10.3","9.7","9.3","8.9","8.6","8.4","8.2","8","7.6","7.2","6.7","6.4","6.1","6.1","6.1","6.1","6.1","6.1","6","5.8","5.5","5.1","4.7","4.4","4.1","3.9","3.8","3.7","3.6","3.5","3.4","3.3","3.3","3.2","3.1","3","3","3","3.1","3.2","3.3","3.4","3.4","",
"Iran, Islamic Rep.","IRN","Mortality rate, infant (per 1,000 live births)","SP.DYN.IMRT.IN","","","","","","","","","","","","144.4","138.5","132.9","127.2","121.2","115.1","108.5","101.8","95","88.5","82.3","76.8","71.8","67.6","63.8","60.4","57.2","54.3","51.5","49","46.8","44.7","43","41.4","39.8","38.3","36.7","35.1","33.4","31.7","30","28.3","26.6","25","23.4","22","20.6","19.3","18.2","17.3","16.5","15.7","15.1","14.5","14","13.5","13","12.6","12.1","11.8","11.4","11","10.6","10.3","",
"Iraq","IRQ","Mortality rate, infant (per 1,000 live births)","SP.DYN.IMRT.IN","138.1","130.8","124","117.8","111.9","106.6","101.7","97.1","92.9","89","85.3","81.8","78.4","75.3","72.2","69.3","66.6","64","61.6","59.4","57.4","55.6","53.8","52.3","50.8","49.5","48.3","47.3","51.7","56.5","55.6","49.1","43.4","42.8","42.2","41.6","41","40.4","39.8","39.1","38.4","37.8","37.1","36.4","35.7","35","34.3","33.5","32.7","31.8","30.9","30","29.2","28.3","27.5","26.6","25.9","25.1","24.3","23.5","22.8","22.1","21.4","20.7","20.1","",
"Iceland","ISL","Mortality rate, infant (per 1,000 live births)","SP.DYN.IMRT.IN","17.3","17","16.7","16.3","15.9","15.5","14.9","14.4","13.9","13.4","12.9","12.4","11.9","11.4","10.9","10.4","9.9","9.3","8.8","8.3","7.8","7.4","7","6.7","6.4","6.2","5.9","5.7","5.5","5.4","5.2","5","4.8","4.6","4.3","4.1","3.9","3.7","3.5","3.3","3.1","2.9","2.8","2.6","2.5","2.4","2.3","2.2","2.1","2.1","2","2","2","2","2","2","2","2","2.1","2.1","2.1","2.1","2.2","2.1","2.1","",
"Israel","ISR","Mortality rate, infant (per 1,000 live births)","SP.DYN.IMRT.IN","38.4","36.7","35.1","33.5","32.1","30.7","29.4","28.2","27.1","26.2","25.4","24.6","23.9","23.1","22.2","21.1","19.9","18.6","17.4","16.4","15.5","14.7","14.1","13.4","12.8","12.2","11.6","11","10.5","10.1","9.6","9.2","8.7","8.1","7.6","7.2","6.7","6.4","6.1","5.8","5.6","5.4","5.1","4.9","4.7","4.5","4.3","4.1","3.9","3.8","3.7","3.5","3.4","3.3","3.2","3.1","3.1","3","2.9","2.9","2.8","2.8","2.7","2.7","2.7","",
"Italy","ITA","Mortality rate, infant (per 1,000 live births)","SP.DYN.IMRT.IN","44.2","42.6","40.9","39.1","37.4","35.8","34.4","33.1","32","30.9","29.7","28.2","26.4","24.5","22.4","20.5","18.8","17.3","16.1","15.1","14.2","13.4","12.6","11.9","11.2","10.5","9.9","9.5","9","8.7","8.4","8.1","7.7","7.3","6.8","6.4","6","5.6","5.3","5","4.7","4.5","4.3","4.1","3.9","3.8","3.7","3.6","3.5","3.4","3.4","3.3","3.2","3.1","3.1","3","2.9","2.8","2.7","2.6","2.5","2.5","2.4","2.3","2.3","",
"Jamaica","JAM","Mortality rate, infant (per 1,000 live births)","SP.DYN.IMRT.IN","65.3","62.4","60","57.9","56","54.4","52.9","51.4","49.9","48.3","46.6","44.8","43","41.2","39.6","38","36.7","35.5","34.3","33.3","32.2","31.2","30.3","29.5","28.6","27.9","27.2","26.5","25.9","25.3","24.7","24.1","23.5","22.9","22.3","21.7","21","20.3","19.6","19","18.5","18","17.7","17.5","17.4","17.3","17.3","17.4","17.4","17.4","17.4","17.3","17.3","17.3","17.2","17.2","17.1","17.2","17.2","17.2","17.2","17.1","16.9","16.7","16.4","",
"Jordan","JOR","Mortality rate, infant (per 1,000 live births)","SP.DYN.IMRT.IN","110.6","105.6","100.7","96.1","91.8","87.8","84.1","80.5","77.2","74.1","71.1","68.2","65.5","62.8","60.2","57.7","55.3","53","50.8","48.6","46.6","44.7","42.8","41","39.3","37.6","36","34.6","33.3","32.1","30.9","29.9","29","28.1","27.2","26.4","25.7","24.9","24.2","23.5","22.8","22.1","21.5","20.8","20.2","19.6","19","18.5","18","17.5","17","16.6","16.2","15.8","15.4","15","14.7","14.3","14","13.7","13.3","13","12.6","12.3","12","",
"Japan","JPN","Mortality rate, infant (per 1,000 live births)","SP.DYN.IMRT.IN","30.4","27.9","25.4","23.1","21","19.1","17.5","16.2","15.1","14.2","13.4","12.6","11.9","11.3","10.6","10","9.4","8.8","8.3","7.8","7.4","7","6.5","6.2","5.8","5.5","5.2","5","4.8","4.7","4.6","4.5","4.4","4.4","4.3","4.1","4","3.8","3.6","3.4","3.3","3.1","3","2.9","2.8","2.7","2.7","2.6","2.5","2.5","2.4","2.3","2.2","2.2","2.1","2","2","1.9","1.9","1.8","1.8","1.8","1.8","1.8","1.8","",
"Kazakhstan","KAZ","Mortality rate, infant (per 1,000 live births)","SP.DYN.IMRT.IN","","","","","","","","","","","","76.3","74.3","72.5","70.7","69.1","67.7","66.5","65","63.6","61.8","59.9","57.8","55.8","53.8","51.7","49.7","48","46.3","45.1","44.3","44","44.2","44.6","44.9","44.6","43.7","42.2","40.3","38.1","35.8","33.6","31.5","29.6","27.7","25.9","24.1","22.3","20.4","18.5","16.7","14.9","13.3","11.7","10.5","9.5","8.8","8.4","8.2","8.1","8","7.9","7.7","7.6","7.4","",
"Kenya","KEN","Mortality rate, infant (per 1,000 live births)","SP.DYN.IMRT.IN","112.7","108.1","104.1","100.7","97.9","95.7","94","92.4","90.8","89.2","87.6","86","84.3","82.5","80.6","78.7","76.6","74.6","72.5","70.5","68.8","67.1","65.7","64.4","63.5","63","62.9","63.3","64.3","65.8","67.5","69.1","70.4","71.2","71.3","70.9","70.2","69.1","67.7","66","63.7","61.2","58.3","55.5","52.6","49.5","47","45","42.6","42.1","41.5","41","41.1","40.7","40","38.9","38.4","38.2","37.5","37","36.5","36","35.5","34.7","34.2","",
"Kyrgyz Republic","KGZ","Mortality rate, infant (per 1,000 live births)","SP.DYN.IMRT.IN","","","","","","","","","","","","","","","","","","","93.3","91","88.2","84.9","81.5","77.7","73.6","69.6","65.7","62.1","59.2","57.1","56.2","56.3","56.7","57","56.7","55.6","53.7","51.3","48.9","46.4","44","41.6","39.4","37.2","35.4","33.9","32.6","31.1","29.3","27.4","25.6","23.9","22.6","21.5","20.5","19.4","18.4","17.4","16.6","16","15.6","15.3","15.1","15","14.8","",
"Cambodia","KHM","Mortality rate, infant (per 1,000 live births)","SP.DYN.IMRT.IN","","","","","","","","","","","","","","","","","253.1","244.1","229","139.9","124.2","110.4","99.7","93","89.5","87.8","87.1","86.9","87.3","88","88.8","89.5","90.2","91.4","92.8","94.2","95.2","95.3","94","90.9","85.8","78.6","71","64.2","58.6","53.8","49.8","46.3","43.1","40","37.2","34.5","32.1","29.8","27.8","25.8","24.1","22.5","21.2","20.1","19.2","18.4","17.7","17","16.4","",
"Kiribati","KIR","Mortality rate, infant (per 1,000 live births)","SP.DYN.IMRT.IN","145.1","142","138.3","134.2","129.9","125.4","121","116.6","112.3","108.4","104.9","101.6","98.8","96.6","95.1","93.8","93","92.3","91.6","90.8","89.8","88.7","87.4","85.8","84.2","82.3","80.2","77.7","75","72.1","69.2","66.4","63.8","61.5","59.4","57.5","55.8","54.1","52.5","50.8","49.2","47.8","46.6","45.6","45","44.5","44.1","43.6","43.2","42.7","42.3","42","41.9","42","42.2","42.6","42.9","43.2","43.2","42.9","42.3","41.6","40.7","39.8","38.8","",
"St. Kitts and Nevis","KNA","Mortality rate, infant (per 1,000 live births)","SP.DYN.IMRT.IN","","","","","","","","","","","","","","50.4","49.4","48.4","47.4","46.3","45.1","43.5","41.7","39.6","37.4","35.2","33","31.1","29.5","28.1","26.9","26","25.2","24.7","24.2","23.8","23.5","23.1","22.7","22.2","21.6","20.9","20.2","19.4","18.6","17.9","17.3","16.8","16.4","16.2","16","16","16.1","16.3","16.5","16.7","16.8","16.9","16.7","16.5","16.2","15.9","15.5","15.2","14.8","14.4","13.9","",
"Korea, Rep.","KOR","Mortality rate, infant (per 1,000 live births)","SP.DYN.IMRT.IN","74.4","71.8","69.4","67","64.4","61.5","58.4","55.1","51.7","48.4","45.3","42.5","40.1","38.1","36.5","35","33.6","32.3","30.9","29.4","27.8","26.1","24.3","22.5","20.6","18.9","17.2","15.7","14.3","13.1","12","11.1","10.2","9.4","8.7","8.1","7.5","7","6.5","6.1","5.8","5.5","5.2","4.9","4.7","4.3","4.1","3.8","3.6","3.4","3.3","3.2","3.1","3","2.9","2.9","2.8","2.7","2.6","2.6","2.5","2.5","2.4","2.4","2.3","",
"Kuwait","KWT","Mortality rate, infant (per 1,000 live births)","SP.DYN.IMRT.IN","117","109.1","101.9","95","88.4","82.2","76.6","71.5","66.9","62.7","58.9","55.3","52","49","46","43.2","40.5","37.9","35.4","33","30.5","27.9","25.4","23","21","19.4","18.2","17.3","16.3","15.4","14.5","13.7","13.2","12.7","12.4","12.2","11.9","11.5","11.2","10.9","10.6","10.5","10.3","10.2","10","9.9","9.8","9.6","9.5","9.3","9.1","8.8","8.5","8.2","8","7.8","7.7","7.7","7.6","7.6","7.6","7.5","7.4","7.2","7","",
"Latin America & Caribbean (excluding high income)","LAC","Mortality rate, infant (per 1,000 live births)","SP.DYN.IMRT.IN","","","","","","","","","","","","","","","","","","","","","","","","","","","","","","","45.281585900256","43.4749164117634","41.5307217861923","39.6417384167404","37.7481520275405","35.9161911124766","34.1343554386299","32.3404561897896","30.9382550881898","29.1600180964555","27.7191212570489","26.3528373528729","25.09504484684","23.9587492124131","22.8886706462659","21.9020775914437","21.0230855190019","20.2439684329745","19.4951709450524","18.8263021546677","18.8646019684477","17.6607924323398","17.1784763872045","16.7152228922261","16.268012728962","15.9079963374821","16.2133699653884","15.5519689342753","15.1883834970214","14.8804737211576","14.6482013975487","14.3614383341326","14.1215773533943","13.7892465437577","13.4942432459834","",
"Lao PDR","LAO","Mortality rate, infant (per 1,000 live births)","SP.DYN.IMRT.IN","","","","","","","","","","","","","","","","","","","135.1","133.4","131.5","129.9","128.1","126.3","124.6","122.7","120.6","118.6","116.2","113.7","111","108.2","105.3","102.4","99.4","96.6","93.7","90.9","88.1","85.2","82.2","79.2","76","72.8","69.5","66.2","63","59.9","56.8","53.9","51.2","48.6","46.2","44","41.9","39.9","38.1","36.4","34.8","33.3","31.9","30.5","29.3","28.2","27.2","",
"Lebanon","LBN","Mortality rate, infant (per 1,000 live births)","SP.DYN.IMRT.IN","65.5","63.3","61.4","59.6","58.1","56.8","55.7","54.9","54.2","53.7","53.2","52.8","52.4","52","51.4","50.7","112.4","59.3","57.8","56.3","54.6","52.9","73.3","43.7","41.9","40","38.1","41.4","39.6","29.7","28.3","26.9","25.6","24.5","23.3","22.3","21.3","20.4","19.5","18.5","17.6","16.7","15.8","15","14.2","13.5","12.9","12.3","11.9","11.6","11.4","11.2","11.1","11.1","11.2","11.3","11.5","11.8","12.2","12.6","13.1","13.6","14.2","14.7","15.3","",
"Liberia","LBR","Mortality rate, infant (per 1,000 live births)","SP.DYN.IMRT.IN","198.3","198.9","198.9","198.5","197.7","196.7","195.2","193.1","190.5","187.6","184.5","181.6","178.6","175.7","172.8","169.9","167.2","164.6","162.1","159.7","157.5","155.7","154.2","153.3","153.4","154.7","157.2","160.5","164.3","168","170.9","172.3","171.9","169.8","166.1","161","155.1","148.3","141","133.4","125.5","117.5","109.5","102","95","89","83.8","79.8","76.5","73.8","71.7","69.9","68.3","67","68","65.1","64.2","63.7","63.4","63.3","63.4","63.5","63.6","63.6","63.2","",
"Libya","LBY","Mortality rate, infant (per 1,000 live births)","SP.DYN.IMRT.IN","194","182.3","171.4","160.6","150.6","141.1","131.7","122.8","114.4","106.6","99.3","92.4","86.1","80.3","75.2","70.6","66.4","62.5","59.2","56.2","53.3","50.8","48.3","45.9","43.6","41.4","39.3","37.3","35.3","33.5","31.8","30.1","28.7","27.4","26.2","25.2","24.2","23.4","22.7","22.1","21.5","20.9","20.3","19.6","18.8","17.9","16.8","15.7","14.6","13.7","13","13.9","11.9","11.4","10.9","10.6","10.2","9.8","9.5","9.2","9","8.7","8.4","16.3","7.9","",
"St. Lucia","LCA","Mortality rate, infant (per 1,000 live births)","SP.DYN.IMRT.IN","89.2","86.4","83.2","79.8","76.1","72.2","68.2","64.1","60.1","56.1","52.2","48.5","44.9","41.6","38.5","35.7","33.1","30.7","28.7","26.8","25.2","23.8","22.6","21.5","20.6","19.8","19.1","18.5","18","17.6","17.3","17","16.8","16.6","16.4","16.2","16.1","16","16","15.9","16","16","16","16.1","16.2","16.2","16.3","16.4","16.6","16.7","16.7","16.8","16.9","16.9","16.9","16.9","16.8","16.8","16.7","16.6","16.5","16.3","16.2","16","15.8","",
"Latin America & Caribbean","LCN","Mortality rate, infant (per 1,000 live births)","SP.DYN.IMRT.IN","","","","","","","","","","","","","","","","","","","","","","","","","","","","","","","44.1","42.3","40.4","38.6","36.7","35","33.3","31.6","30.2","28.5","27.1","25.8","24.6","23.5","22.4","21.5","20.6","19.8","19.1","18.5","18.5","17.3","16.9","16.4","16","15.6","15.9","15.3","14.9","14.6","14.4","14.1","13.9","13.6","13.3","",
"Least developed countries: UN classification","LDC","Mortality rate, infant (per 1,000 live births)","SP.DYN.IMRT.IN","","","","","","","","","","","","","","","","","","","","","","","","","","","","","","","107.916140350041","107.689798169566","106.017584662955","104.135551135156","101.523419274856","98.2420003735381","98.306817945911","95.7711569429015","94.8759346057491","89.7865293739024","86.5255700936989","84.050294292613","79.7494908914116","76.4273242647099","73.3664850531489","68.8068897730275","65.6934384276426","62.9460487735914","60.9380964523821","59.3020946036514","56.9185188263047","56.8563436325487","53.0507210044313","51.1661366721214","50.6273245819973","49.5357662215851","48.5250792158551","47.8350515081626","45.6124436900325","44.7718946200975","43.6375843724231","44.3929627467139","44.7278486697942","41.849382418192","40.6683325528764","",
"Low income","LIC","Mortality rate, infant (per 1,000 live births)","SP.DYN.IMRT.IN","","","","","","","","","","","","","","","","","","","","","","","","","","","","","","","105.2","107.2","106.2","105","102.5","99.7","102.5","100.5","101.7","94.7","91.7","90.2","85.3","81.3","78.5","72.8","69.5","66.6","64","63.7","60.6","62.4","57.3","55.4","55.8","55.2","54.6","54.4","51.6","50.9","49.6","49.2","50.5","47.7","46.7","",
"Liechtenstein","LIE","Mortality rate, infant (per 1,000 live births)","SP.DYN.IMRT.IN","","","","","","","","","","","","","","","","","","","","","","","","","","","","","","","","","","","","","","","","","","","","","","","","","","","","","","","","","","","","","","","","","","",
"Sri Lanka","LKA","Mortality rate, infant (per 1,000 live births)","SP.DYN.IMRT.IN","57.1","55.2","54.3","54","53.6","52.9","51.8","50.7","49.6","48.8","48.3","48","47.7","47.3","46.5","45.2","43.4","41","38.3","35.7","33.2","30.8","28.7","26.6","24.3","22.1","20.2","18.8","18.1","19.5","17.9","18","17.9","17.5","17","16.3","15.6","14.9","14.1","13.5","13","12.7","12.4","12.1","16.8","11.2","10.7","10.1","9.7","13.3","9.1","8.9","8.5","8.1","7.7","7.4","7","6.7","6.5","6.2","6","5.8","5.5","5.3","5.2","",
"Lower middle income","LMC","Mortality rate, infant (per 1,000 live births)","SP.DYN.IMRT.IN","","","","","","","","","","","","","","","","","","","","","","","","","","","","","","","84.7","83.1","81.6","80.1","78.7","77.2","75.6","73.8","72","70","67.8","65.6","63.4","61.3","59.3","57.4","55.5","53.7","52.1","50.3","48.8","47.1","45.5","44","42.6","41.3","40.1","39","38","37.1","36.2","35.5","34.7","33.9","33.1","",
"Low & middle income","LMY","Mortality rate, infant (per 1,000 live births)","SP.DYN.IMRT.IN","","","","","","","","","","","","","","","","","","","","","","","","","","","","","","","70.6962411270099","70.9195360025636","70.059119680995","69.0131622889435","67.7651743131067","66.3977935959131","65.5764125218328","64.0921612061356","62.8837137206562","60.7135468360496","58.6328934073679","57.05149743039","54.8797452074337","52.8138516092236","50.9123229627451","48.5387765525387","46.617383982774","44.8174025793967","43.2153707652758","41.81448096028","40.3335358947699","39.3950417356913","37.3286021184461","36.2403490217864","35.2169759624244","34.5322861560513","33.5892802078475","32.8717535680472","32.4131735958797","31.9271911090042","31.801574248301","32.0138801905993","32.0281018991026","30.9253335664166","30.1504237873308","",
"Lesotho","LSO","Mortality rate, infant (per 1,000 live births)","SP.DYN.IMRT.IN","138.4","138.9","140.1","141.9","143.7","145.1","145.9","145.9","145.2","143.9","141.8","139.5","137.2","134.6","131.6","128","123.8","119.3","114.8","110.1","105.5","101","96.7","92.9","89.4","86.2","83.4","81","78.9","77.2","75.9","75.1","74.8","74.8","75.1","75.3","75.1","74.8","74.3","74.4","74.8","75.5","76.4","77.1","77.8","78.9","79.6","79","83.9","77.6","73.6","70.9","71","71.4","70.3","69","68.2","68","65.2","63.5","62.1","61.1","59.9","58.4","56.3","",
"Late-demographic dividend","LTE","Mortality rate, infant (per 1,000 live births)","SP.DYN.IMRT.IN","","","","","","","","","","","","","","","","","","","","","","","","","","","","","","","40.6844245269783","39.7783053855861","38.8266333489607","37.7552472945571","36.4418935289536","35.5247367676914","34.0597107726007","32.4907981559465","30.9275622282886","29.2643824452713","27.597660680255","25.7912185842864","24.0081333787452","21.8795879087226","20.3694108715025","18.8427522394093","17.4991615066805","16.2058765767078","15.1103147969857","14.0987589377431","13.1745114168442","12.3707326784901","11.5943637647991","10.970948545959","10.2925260115304","9.77604170584848","9.29119436053318","8.69753410299959","8.38966269944465","8.0978577406219","7.9489198089009","7.77568342212481","7.66131039171759","7.41382058803013","7.1538191004816","",
"Lithuania","LTU","Mortality rate, infant (per 1,000 live births)","SP.DYN.IMRT.IN","40.5","36.2","32.8","29.8","27.2","25.3","23.8","22.4","21","19.6","18.3","17.2","16.7","16.8","17.4","17.9","17.9","17.5","17","16.5","15.9","15.4","15","14.6","14.2","13.5","12.7","11.9","11.3","11.2","11.8","13.1","14.2","14.3","13.3","12","10.8","9.9","9.3","8.9","8.6","8.2","7.9","7.7","7.5","7.3","6.9","6.5","6","5.4","4.9","4.6","4.3","4.2","4.2","4.1","4","3.7","3.5","3.3","3.1","3","2.9","2.9","2.8","",
"Luxembourg","LUX","Mortality rate, infant (per 1,000 live births)","SP.DYN.IMRT.IN","31.7","30.2","28.7","27.2","25.9","24.6","23.4","22.3","21.1","20.1","19","17.9","16.9","15.9","15","14.1","13.4","12.7","12.2","11.7","11.3","10.9","10.5","10.1","9.8","9.4","9","8.6","8.2","7.7","7.3","6.9","6.5","6.1","5.7","5.3","5","4.7","4.4","4.2","3.9","3.7","3.5","3.3","3.1","2.9","2.7","2.6","2.5","2.4","2.4","2.3","2.2","2.2","2.2","2.1","2.1","2.1","2.1","2","2","2","2","1.9","1.9","",
"Latvia","LVA","Mortality rate, infant (per 1,000 live births)","SP.DYN.IMRT.IN","26.7","25.1","23.6","22.2","21","19.8","18.9","18.1","17.4","16.9","16.6","16.3","16.3","16.4","16.7","16.9","17","17","16.7","16.4","16","15.7","15.3","14.7","14","13.2","12.5","12","11.9","12.3","13.1","14.2","15.1","15.7","15.8","15.7","15.2","14.4","13.4","12.4","11.6","10.9","10.3","9.7","9.1","8.6","8.1","7.7","7.3","6.9","6.4","6","5.5","5.1","4.7","4.3","4","3.8","3.6","3.3","3.1","2.9","2.6","2.4","2.2","",
"Macao SAR, China","MAC","Mortality rate, infant (per 1,000 live births)","SP.DYN.IMRT.IN","","","","","","","","","","","","","","","","","","","","","","","","","","","","","","","","","","","","","","","","","","","","","","","","","","","","","","","","","","","","","","","","","","",
"St. Martin (French part)","MAF","Mortality rate, infant (per 1,000 live births)","SP.DYN.IMRT.IN","","","","","","","","","","","","","","","","","","","","","","","","","","","","","","","","","","","","","","","","","","","","","","","","","","","","","","","","","","","","","","","","","","",
"Morocco","MAR","Mortality rate, infant (per 1,000 live births)","SP.DYN.IMRT.IN","151.1","149.1","147","144.9","142.6","140.1","137.4","134.9","132.4","130.1","128.2","126.5","124.9","123.2","121.2","118.6","115.5","111.9","107.9","103.8","99.6","95.5","91.4","87.5","83.7","80","76.6","73.5","70.6","67.9","65.5","63.2","61.1","58.9","56.8","54.7","52.7","50.7","48.9","47.1","45.4","43.8","42.1","40.4","38.6","36.8","35","33.2","31.4","29.7","28.1","26.6","25.2","23.8","22.5","21.4","20.3","19.3","18.5","17.8","17.1","16.5","15.9","15.3","14.7","",
"Monaco","MCO","Mortality rate, infant (per 1,000 live births)","SP.DYN.IMRT.IN","","","","","","","","","","","","","","","","","","","","","","","","","","7.9","7.6","7.2","6.9","6.6","6.3","6","5.8","5.5","5.3","5.1","4.9","4.7","4.5","4.4","4.2","4.1","4","3.8","3.7","3.7","3.6","3.5","3.4","3.3","3.3","3.2","3.1","3","3","2.9","2.8","2.7","2.6","2.6","2.5","2.4","2.3","2.3","2.2","",
"Moldova","MDA","Mortality rate, infant (per 1,000 live births)","SP.DYN.IMRT.IN","","","","","","","","","","","","51.2","49.9","48.8","47.7","46.5","45.4","44.4","43.3","42.4","41.4","40.3","39.1","37.6","35.9","34.3","32.7","31.3","30.1","29.4","29.1","29.5","30.4","31.7","32.9","33.8","34","33.5","32.2","30.2","27.9","25.4","23","20.9","19.3","18","17","16.4","15.9","15.5","15.2","14.9","14.7","14.5","14.3","14.2","14.1","14","14.1","14.1","14.3","14.5","14.7","14.9","15.1","",
"Madagascar","MDG","Mortality rate, infant (per 1,000 live births)","SP.DYN.IMRT.IN","","","","","","","","","","","","","82.2","83.9","85.8","87.6","89.3","90.9","92.5","94.1","138.1","139","174","136.1","101.2","101.1","100.3","98.7","96.5","93.9","91.2","88.6","86.1","83.8","81.4","78.9","76.4","73.7","70.9","68.1","65.4","62.9","60.5","58.3","56.2","54.1","52.2","50.3","48.7","47.3","46.2","45.2","44.5","44.1","43.8","43.6","43.6","43.7","43.9","44.1","44.3","44.4","44.1","43.7","43","",
"Maldives","MDV","Mortality rate, infant (per 1,000 live births)","SP.DYN.IMRT.IN","","","240","235.2","230.4","225.3","220.1","214.6","208.7","202.8","196.5","189.9","182.4","174.5","166.3","158","149.8","142.1","134.9","128","121.6","115.7","109.9","104.5","99.4","94.5","89.8","85.2","80.9","76.8","72.8","69","65.2","61.4","57.6","53.6","49.6","45.7","41.7","37.7","33.8","30.1","26.7","23.6","21.9","18.6","16.7","15.2","13.9","12.8","11.9","11.1","10.4","9.8","9.1","8.5","8","7.4","6.9","6.4","6","5.6","5.3","5","4.7","",
"Middle East, North Africa, Afghanistan & Pakistan","MEA","Mortality rate, infant (per 1,000 live births)","SP.DYN.IMRT.IN","","","","","","","","","","","","","","","","","","","","","","","","","","","","","","","79.1","77.3","75.6","74.3","73.2","71.8","70.2","68.3","66.3","64.5","62.5","60.5","58.6","57","55.1","53.4","52","50.5","49.1","47.8","46.5","45","43.7","42.3","40.9","39.8","38.6","37.7","37.2","36.5","35.7","35","34","33","32","",
"Mexico","MEX","Mortality rate, infant (per 1,000 live births)","SP.DYN.IMRT.IN","106","102.9","100.2","97.5","95.2","92.9","90.6","88.5","86.4","84.2","82","79.8","77.4","75.2","72.8","70.6","68.3","66","63.6","61.3","58.8","56.4","54.1","51.8","49.6","47.6","45.6","43.6","41.8","39.9","38.2","36.5","34.8","33.3","31.7","30.3","28.9","27.5","26.3","25.1","24","22.9","21.9","21","20.2","19.5","18.9","18.4","17.9","17.4","17","16.6","16.2","15.8","15.4","15","14.7","14.4","14","13.7","13.4","13.1","12.8","12.4","12.1","",
"Marshall Islands","MHL","Mortality rate, infant (per 1,000 live births)","SP.DYN.IMRT.IN","88.7","84.8","81.1","77.6","74.3","71.3","68.5","65.9","63.5","61.2","59","57","55.3","53.9","52.9","52.2","51.7","51.3","50.8","50.2","49.6","48.8","47.9","46.7","45.5","44.3","43","41.8","40.4","39.1","37.7","36.4","35.3","34.4","33.7","33.4","33.4","33.6","33.9","34.3","34.5","34.5","34.5","34.3","34","33.7","33.5","33.2","32.9","32.5","32.2","31.8","31.3","30.7","30.1","29.4","28.6","27.8","27","26.2","25.5","24.8","24.1","23.4","22.7","",
"Middle income","MIC","Mortality rate, infant (per 1,000 live births)","SP.DYN.IMRT.IN","","","","","","","","","","","","","","","","","","","","","","","","","","","","","","","66.1571629987502","65.9522222486902","64.9510424925381","63.7842831970236","62.5950760465641","61.2918904261726","59.9699663909385","58.4900456872318","56.9322242447752","55.2756025567903","53.3106656895371","51.663403986268","49.8118711772298","47.9508370640507","46.1506919979913","44.2249950894515","42.4915113305192","40.8479954896818","39.4099559636348","37.8472943685616","36.5861579352607","35.2212814107862","33.6469042324015","32.6387867586089","31.3623729949195","30.6120960577314","29.5910982621596","28.6833881624851","28.5021502417225","27.9399320494158","27.8554299246045","27.6173561222001","27.2891085228376","26.8303914004396","26.1818063007917","",
"North Macedonia","MKD","Mortality rate, infant (per 1,000 live births)","SP.DYN.IMRT.IN","","","","","","","","","","","","","","","","","","","","","","51.9","50.3","48.3","46.2","44.9","44.4","43","39.7","35.8","32.9","31.5","30.2","27.9","24.9","22","19.4","17.4","16.1","15.1","14.2","13.4","12.9","12.6","12.5","12.2","11.6","10.9","10.2","9.6","9.2","9.1","9.2","9.5","9.8","9.8","9.4","8.5","7.4","6.3","5.3","4.4","3.7","3","2.5","",
"Mali","MLI","Mortality rate, infant (per 1,000 live births)","SP.DYN.IMRT.IN","","","","","","","205","202","199.3","196.6","193.8","190.7","187.6","184.2","180.7","176.9","172.8","168.8","164.7","160.6","156.8","152.9","149","145.2","141.6","138.2","135","132.2","129.4","127","124.7","122.6","120.8","119.1","117.4","115.6","113.6","111.4","108.9","106.1","103.1","99.9","96.8","93.8","91","88.3","85.8","83.4","81.1","78.9","76.7","74.5","72.4","70.3","68.2","66.1","64","61.9","59.7","57.6","55.4","53.3","51.2","49.3","47.5","",
"Malta","MLT","Mortality rate, infant (per 1,000 live births)","SP.DYN.IMRT.IN","35.8","34.5","33.4","32.5","31.6","30.7","29.6","28.6","27.4","26.2","24.9","23.7","22.5","21.3","20.2","19","18","17.1","16.3","15.6","14.9","14.4","13.8","13.3","12.8","12.3","11.7","11.3","10.8","10.4","10","9.6","9.3","9","8.6","8.3","7.9","7.6","7.2","6.9","6.7","6.5","6.3","6.2","6.1","6.1","6","6","6","6","6","6","6","5.9","5.9","5.8","5.7","5.6","5.5","5.4","5.2","5.1","5","4.8","4.7","",
"Myanmar","MMR","Mortality rate, infant (per 1,000 live births)","SP.DYN.IMRT.IN","","","","","","","","","127.5","125.5","123.7","122","120","118","116","113.9","111.7","109.7","107.7","105.8","104.1","102.5","100.8","99.4","98.1","97","95.8","94.6","93.4","92","90.5","89","87.4","85.7","84","82.3","80.6","78.9","77.2","75.6","73.9","72.2","70.5","68.7","66.8","64.7","62.6","60.5","71","56","53.8","51.7","49.5","47.5","45.8","44.1","42.6","41.1","39.8","38.4","37.2","36","34.9","33.8","32.8","",
"Middle East, North Africa, Afghanistan & Pakistan (excluding high income)","MNA","Mortality rate, infant (per 1,000 live births)","SP.DYN.IMRT.IN","","","","","","","","","","","","","","","","","","","","","","","","","","","","","","","81.6233434347447","79.6912235845926","78.0528254802661","76.9376775273416","75.8738352323336","74.5119165149795","72.8603780282236","70.9875664573039","68.9891301592803","67.0780738509715","65.0869667076359","62.9342416216993","61.042413312649","59.3310154388369","57.4056386775118","55.6915524265694","54.1880930435813","52.6713440292116","51.2324639561089","49.9280224706447","48.5108314263146","47.0654261999844","45.7197117965624","44.2810796568232","42.9091777162704","41.745168626521","40.5944945238614","39.6871762284435","39.1265063924956","38.344503876803","37.4140515517314","36.595825548688","35.6058721554696","34.6421494603851","33.5717272338857","",
"Montenegro","MNE","Mortality rate, infant (per 1,000 live births)","SP.DYN.IMRT.IN","","","","","","","","","","","","","","","","","","","","","","","","","24.6","22.3","20.3","18.5","17","15.7","14.8","14.2","13.8","13.6","13.5","13.5","13.5","13.4","13.3","13","12.7","12.2","11.5","10.8","10.1","9.3","8.6","7.8","7.1","6.4","5.8","5.2","4.7","4.3","3.9","3.5","3.2","3","2.8","2.6","2.4","2.3","2.1","2","1.9","",
"Mongolia","MNG","Mortality rate, infant (per 1,000 live births)","SP.DYN.IMRT.IN","","","","","","","","","","","","","","","","","","","","","95.8","94.1","92.3","90.4","88.5","86.3","83.8","81.2","78.6","75.9","73.5","71.3","69.2","67.1","64.9","62.6","60","57.2","54.1","50.8","47.3","43.9","40.5","37.3","34.2","31.4","28.8","26.5","24.4","22.5","20.8","19.4","18.2","17.3","16.5","15.7","15","14.2","13.5","12.8","12.2","11.8","11.6","11.4","11.2","",
"Northern Mariana Islands","MNP","Mortality rate, infant (per 1,000 live births)","SP.DYN.IMRT.IN","","","","","","","","","","","","","","","","","","","","","","","","","","","","","","","","","","","","","","","","","","","","","","","","","","","","","","","","","","","","","","","","","","",
"Mozambique","MOZ","Mortality rate, infant (per 1,000 live births)","SP.DYN.IMRT.IN","","","","144.1","145.6","147","148.4","149.7","150.5","151.1","151.8","152.2","152.3","152.5","152.5","152.4","152.7","152.9","153.3","153.8","154.4","182.2","155","154.7","153.8","152.8","151.7","150.8","149.8","149","148","146.9","145.3","143.1","140","136.3","131.5","126","119.7","113.3","106.9","100.8","95.2","90","85.1","80.5","76","70.1","67.4","63.9","63.6","59.8","57.1","56.1","55.1","53.8","52.8","51.4","50.3","49.2","48.6","47.1","45.9","44.9","43.7","",
"Mauritania","MRT","Mortality rate, infant (per 1,000 live births)","SP.DYN.IMRT.IN","133.5","131","128.5","125.8","123.1","120.3","117.3","114.4","134","131.1","129.1","128","127.8","127.9","127.8","108.5","107.4","105.6","103.3","100.8","98.4","95.9","93.5","90.8","87.9","84.5","81.2","78.3","76","74.3","73.5","72.9","72.8","72.7","72.8","72.7","72.5","71.9","70.9","69.4","67.3","64.7","61.7","58.5","55.3","52.2","49.4","47.2","45.3","43.9","42.7","41.8","41","40.2","39.3","38.5","37.6","36.7","35.8","34.9","33.9","33","32.1","31.1","30.2","",
"Mauritius","MUS","Mortality rate, infant (per 1,000 live births)","SP.DYN.IMRT.IN","68.9","66.7","63.1","59.8","58.4","59.7","64.2","69.2","69.2","63","57.2","57","60.1","60.4","55","48.1","42.6","39","36.6","34.7","32.8","30.2","27.6","25.6","24.6","24.1","24.1","24","23.2","21.5","19.9","18.8","18.3","18.4","18.9","19.5","19.8","19.8","19.1","17.8","16.5","15.4","14.6","14.1","13.8","13.7","13.5","13.3","13.2","13.1","13","13.1","13.2","13.2","13","12.9","13","13.3","13.7","14","14.1","14.1","13.9","13.8","13.8","",
"Malawi","MWI","Mortality rate, infant (per 1,000 live births)","SP.DYN.IMRT.IN","","163.8","164.1","164.5","164.7","165.2","165.4","165.7","165.7","165.9","165.1","163.6","161.4","158.7","155.4","151.8","148.1","144.2","140.1","136","132.5","130","128.9","129.5","131.7","134.6","137.1","138.3","138.4","136.7","134","130.5","126.4","122.6","119.1","115.8","113.6","111.7","109","104.5","98.9","138.5","83.8","76.4","70.1","65.1","61.6","59.1","56","53.7","51.5","48","45.1","42.6","41.1","39.7","39.1","38.5","38","38.3","38.2","38.3","38.6","38.4","38","",
"Malaysia","MYS","Mortality rate, infant (per 1,000 live births)","SP.DYN.IMRT.IN","68.3","63.9","59.8","56.2","53","50.2","47.9","45.9","44.1","42.5","40.9","39.2","37.3","35.4","33.3","31.4","29.4","27.6","25.8","24.1","22.5","21","19.7","18.4","17.2","16.2","15.2","14.4","13.7","13","12.4","11.8","11.3","10.8","10.4","10","9.7","9.3","8.8","8.1","7.5","7.1","6.8","6.6","6.5","6.5","6.5","6.5","6.5","6.5","6.5","6.5","6.5","6.5","6.6","6.7","6.7","6.7","6.8","6.8","6.8","6.8","6.9","6.9","7","",
"North America","NAC","Mortality rate, infant (per 1,000 live births)","SP.DYN.IMRT.IN","","","","","","","","","","","","","","","","","","","","","","","","","","","","","","","9.2","8.9","8.6","8.3","8","7.7","7.5","7.3","7.2","7.1","7","6.9","6.8","6.8","6.7","6.6","6.6","6.5","6.4","6.2","6.1","6","5.9","5.8","5.7","5.7","5.6","5.5","5.5","5.4","5.4","5.4","5.4","5.4","5.4","",
"Namibia","NAM","Mortality rate, infant (per 1,000 live births)","SP.DYN.IMRT.IN","","","","","","","","59.6","60.3","60.9","61.7","62.5","63.4","64.4","65.4","66.7","68.2","69.6","70.8","71.7","72.1","71.7","70.8","69.3","67.4","65.1","62.9","60.9","59.1","57.5","56.2","54.8","53.7","52.8","52.1","51.6","51.1","50.9","50.3","49.3","48","46.9","46","45.2","44.1","41.3","40.1","41.4","43.2","44.8","43.7","44.2","46.9","45.8","44.9","45.3","45.3","44.3","43.8","42.8","41.6","40.4","38.8","38.3","36.4","",
"New Caledonia","NCL","Mortality rate, infant (per 1,000 live births)","SP.DYN.IMRT.IN","","","","","","","","","","","","","","","","","","","","","","","","","","","","","","","","","","","","","","","","","","","","","","","","","","","","","","","","","","","","","","","","","","",
"Niger","NER","Mortality rate, infant (per 1,000 live births)","SP.DYN.IMRT.IN","","","","","","","","","","148.9","150.3","151.6","152.6","153.2","153.1","152","150.2","147.8","145.1","142.8","141.3","141","141.8","143.4","145.5","147.5","149.1","149.9","150","149.3","147.7","145.5","142.5","138.9","134.3","129.5","124.6","120.1","115.8","112.1","108.3","104.1","99.4","94.4","89.5","84.9","80.8","77.3","74.5","72.4","70.9","70","69.5","69.2","69.1","69.1","69.2","69.3","69.3","69.3","69.1","68.7","68","66.9","65.6","",
"Nigeria","NGA","Mortality rate, infant (per 1,000 live births)","SP.DYN.IMRT.IN","","","","","171.7","167.6","163.5","159.5","217.9","212.3","206.6","142.5","137.7","132.9","128.3","123.6","119.3","115.4","111.9","108.9","106.5","104.7","103.5","102.9","102.8","103","103.4","103.8","104.2","104.4","104.7","104.7","104.7","104.7","104.6","104.2","103.4","102.1","100.2","97.7","94.9","91.8","88.6","85.6","82.7","80","77.7","75.6","73.8","72.3","71.1","70","69.1","68.5","68.1","68","68.1","68.3","68.7","69.1","69.5","69.9","70.2","70.1","69.8","",
"Nicaragua","NIC","Mortality rate, infant (per 1,000 live births)","SP.DYN.IMRT.IN","134.1","133.1","132.3","131.4","130.4","129.5","128.5","127.4","126","124.7","123.2","121.8","130.4","118.4","115.5","111.5","106.7","101.2","95.3","89.1","83.4","78.5","73.9","70","67.1","65","63.5","62.1","60.7","59","56.8","54","51","48.1","45.5","43.1","40.6","38.2","38.5","33.5","31.6","30.1","28.8","27.7","26.6","25.5","24.4","23.3","22.3","21.2","20.1","19","18","17","16","15","14.2","13.4","12.9","12.6","12.5","12.5","12.6","12","9.4","",
"Netherlands","NLD","Mortality rate, infant (per 1,000 live births)","SP.DYN.IMRT.IN","16.4","16","15.6","15.2","14.8","14.5","14.1","13.8","13.4","13","12.6","12.1","11.7","11.3","10.8","10.4","10","9.7","9.3","9","8.8","8.5","8.4","8.2","8","7.9","7.7","7.5","7.2","7","6.8","6.5","6.3","6.1","5.9","5.7","5.5","5.4","5.3","5.2","5.1","5","4.9","4.8","4.6","4.4","4.3","4.1","4","3.9","3.8","3.7","3.6","3.6","3.5","3.5","3.5","3.5","3.5","3.5","3.5","3.5","3.4","3.4","3.4","",
"Norway","NOR","Mortality rate, infant (per 1,000 live births)","SP.DYN.IMRT.IN","18.4","18","17.5","17.1","16.6","16","15.4","14.8","14.2","13.6","13.1","12.6","12.1","11.5","11","10.4","9.8","9.3","8.8","8.4","8.1","8","8","8.1","8.2","8.3","8.3","8.2","8","7.5","7","6.4","5.9","5.4","4.9","4.6","4.4","4.2","4.1","4","3.9","3.8","3.7","3.6","3.4","3.3","3.2","3","2.9","2.8","2.7","2.6","2.5","2.4","2.3","2.2","2.1","2.1","2","2","2","1.9","2","2","2","",
"Nepal","NPL","Mortality rate, infant (per 1,000 live births)","SP.DYN.IMRT.IN","219.4","217.2","214.3","211","207","202.8","198.4","194","189.7","185.7","181.7","178","174.3","170.8","167.4","163.9","160.5","156.8","153.1","149.1","145.1","141","137","132.9","128.8","124.6","120.2","115.7","111.1","106.4","101.8","97.1","92.5","88.2","84","80","76.1","72.4","68.8","65.3","62","58.8","56","53.3","51","48.8","46.9","45","43.3","41.7","40.1","38.5","36.9","35.4","33.9","32.4","31","29.6","28.3","27.1","25.9","24.9","23.9","23.1","22.2","",
"Nauru","NRU","Mortality rate, infant (per 1,000 live births)","SP.DYN.IMRT.IN","","","","","","","","","","","","","","","","","","","","","","","","","","73.4","70.2","67.2","64.3","61.6","58.8","56.1","53.5","51","48.7","46.5","44.5","42.6","40.8","39.1","37.5","36.1","34.7","33.5","32.4","31.3","30.1","28.9","27.5","26","24.4","22.7","21","19.3","17.7","16.2","14.7","13.4","12.2","11.1","10.2","9.4","8.7","8.2","7.7","",
"New Zealand","NZL","Mortality rate, infant (per 1,000 live births)","SP.DYN.IMRT.IN","22.5","21.8","20.9","20.1","19.4","18.8","18.3","17.9","17.6","17.3","16.9","16.6","16.2","15.8","15.4","15","14.5","14","13.6","13.2","12.8","12.5","12.2","11.9","11.6","11.3","11","10.6","10.1","9.6","9.1","8.7","8.2","7.8","7.5","7.2","6.9","6.6","6.4","6.2","6.1","5.9","5.8","5.7","5.5","5.5","5.4","5.3","5.3","5.2","5.2","5.1","5","4.9","4.8","4.7","4.6","4.5","4.5","4.4","4.3","4.3","4.2","4.1","4","",
"OECD members","OED","Mortality rate, infant (per 1,000 live births)","SP.DYN.IMRT.IN","","","","","","","","","","","","","","","","","","","","","","","","","","","","","","","18.2237994788435","17.4473108853902","16.6902541719363","16.0704411306133","15.351523339129","14.6671627958395","13.9287697844738","13.2559554714353","12.6304467888696","12.0296870402202","11.3833644664251","10.8970336734802","10.4377376018958","9.96024603746905","9.53796616287999","9.20212317800109","8.81917354680212","8.48289379126494","8.17965616207063","7.92707917841232","7.6484037783175","7.44695808542711","7.25440209299657","7.10319850099227","6.90425862464224","6.73424613718391","6.56538407233189","6.44053838549282","6.35181307348757","6.24325876037331","6.16574364465145","6.06250471900368","6.00274819668509","6.05452960982659","5.84271995128145","",
"Oman","OMN","Mortality rate, infant (per 1,000 live births)","SP.DYN.IMRT.IN","238.9","230.9","223.3","215.8","208.1","201.2","194","186.7","179.4","172.1","164.6","156.9","149.6","141.8","134.3","126.6","118.6","110.4","102.3","94.3","86.5","78.8","71.5","64.5","58","52.2","46.9","42.3","38.2","34.6","31.4","28.5","25.8","23.5","21.4","19.6","18","16.7","15.5","14.4","13.4","12.6","11.9","11.3","10.8","10.4","10.2","9.9","9.8","9.7","9.5","9.4","9.3","9.2","9.1","9","9","8.9","8.8","8.7","8.6","8.6","8.5","8.4","8.3","",
"Other small states","OSS","Mortality rate, infant (per 1,000 live births)","SP.DYN.IMRT.IN","","","","","","","","","","","","","","","","","","","","","","","","","","","","","","","64.5097535095657","63.8790168138729","62.2851417512002","61.39656149748","60.9581687193042","61.055948081945","59.9114577437192","59.0417040160536","58.9157518388573","59.9171990464839","48.8663033354543","48.2394612654961","47.2101035066638","46.1160129466761","44.5406500006746","43.0281154137645","40.2086626551743","39.0089748024492","38.0618399069755","36.638245318952","35.2274199984755","33.7776039924418","33.0091781226567","32.3844051750759","31.7591606317805","30.6358450787077","29.4232689813193","28.8792153998443","27.8833337377757","27.3682789590699","26.842599403847","26.1488411142242","25.903903002656","25.2972589405944","24.4935735362477","",
"Pakistan","PAK","Mortality rate, infant (per 1,000 live births)","SP.DYN.IMRT.IN","168.3","163.1","158.3","153.7","149.7","146.2","143.2","140.8","138.8","137.2","135.7","134.4","133.2","132.2","131.4","130.6","129.9","129.3","128.8","128.1","127.4","126.6","125.7","124.5","123.2","121.7","120.1","118.4","116.6","114.8","113","111","108.9","106.7","104.3","101.8","99.1","96.4","93.8","91.2","88.8","86.6","84.7","83","81.4","80","78.6","77.3","75.9","74.4","72.8","71.1","69.3","67.4","65.5","63.6","61.7","59.8","58.1","56.3","54.6","53","51.3","49.7","48.2","",
"Panama","PAN","Mortality rate, infant (per 1,000 live births)","SP.DYN.IMRT.IN","65.1","63.8","62.5","61.1","59.9","58.6","57.4","56.1","54.7","53","50.9","48.6","46.1","43.6","41.4","39.5","38","36.7","35.7","34.7","33.8","32.7","31.6","30.5","29.3","28.2","27.2","26.3","25.4","24.7","24","23.5","23","22.7","22.5","22.3","22","21.8","21.4","21","20.5","19.9","19.3","18.7","18","17.4","16.9","16.3","15.8","15.3","14.9","14.5","14.2","14","13.8","13.6","13.5","13.3","12.9","12.6","12.2","12","11.9","11.9","12","",
"Peru","PER","Mortality rate, infant (per 1,000 live births)","SP.DYN.IMRT.IN","154.9","150.9","146.6","142","137.5","133","128.7","124.7","121","117.6","127.3","111.2","108.2","105.2","102.1","99.3","97","94.9","93.1","91.4","89.7","87.8","85.5","82.9","79.8","76.3","72.8","69.3","65.9","62.9","60","57","54","50.9","47.7","44.4","41.2","38.1","35.2","32.5","30.1","27.8","25.9","24.2","22.7","21.3","20.1","19.1","18.1","17.3","16.5","15.8","15.2","14.7","14.2","13.8","13.4","13.1","12.8","12.5","12.2","11.9","11.6","11.3","11","",
"Philippines","PHL","Mortality rate, infant (per 1,000 live births)","SP.DYN.IMRT.IN","62.3","60.7","59.4","58.3","57.4","56.5","55.7","54.9","54.2","53.6","53.2","52.9","52.9","53","53.1","53.3","53.4","53.4","53.3","52.9","52.6","52.1","51.5","50.7","49.9","48.7","47.2","45.4","43.3","41","38.8","36.7","34.9","33.3","32","30.8","29.8","29","28.3","27.7","27.3","26.8","26.4","25.9","25.4","25","24.5","24.1","23.7","23.3","23","22.7","22.4","22.2","22.1","22.1","22.2","22.3","22.5","22.6","22.7","22.6","22.4","22","21.7","",
"Palau","PLW","Mortality rate, infant (per 1,000 live births)","SP.DYN.IMRT.IN","","","","","","80.9","78.3","75.5","72.9","70.2","67.3","64.2","60.8","57.5","54.1","50.9","47.9","45.2","42.8","40.7","38.9","37.3","36","34.8","33.7","32.8","32.1","31.5","30.9","30.5","30","29.5","28.9","28.2","27.4","26.7","25.8","25","24.1","23.3","22.5","21.7","20.9","20.1","19.4","18.8","18.1","17.6","17.1","16.8","16.6","16.6","16.8","17.2","17.7","18.2","18.8","19.4","19.7","19.8","19.8","19.6","19.4","19","18.6","",
"Papua New Guinea","PNG","Mortality rate, infant (per 1,000 live births)","SP.DYN.IMRT.IN","146.5","142.4","138.2","134.1","130","126","122.1","118.2","114.5","110.8","107.2","103.8","100.5","97.3","94.4","91.5","88.9","86.4","84","81.9","80","78","76.3","74.6","73.1","71.7","70.3","69.1","67.9","66.8","65.6","64.5","63.4","62.3","61.3","60.4","59.5","64.3","57.8","57","56.2","55.4","54.5","53.6","52.6","51.6","50.6","49.5","48.4","47.2","46.1","44.9","43.8","42.7","41.6","43.6","39.4","38.3","37.3","36.2","35.2","34.1","33.1","32.2","31.3","",
"Poland","POL","Mortality rate, infant (per 1,000 live births)","SP.DYN.IMRT.IN","57.8","53.5","50","46.7","43.5","40.6","38.1","36.1","34.5","33.2","31.9","30.4","28.6","27","25.7","24.6","23.8","23.1","22.4","21.7","21.1","20.5","19.9","19.3","18.5","17.8","17.2","16.6","16.1","15.6","15.2","14.8","14.4","13.9","13.3","12.5","11.5","10.4","9.4","8.7","8.1","7.6","7.3","7","6.8","6.5","6.3","6","5.8","5.4","5.1","4.9","4.7","4.5","4.3","4.2","4.1","4","3.9","3.8","3.8","3.7","3.7","3.7","3.6","",
"Pre-demographic dividend","PRE","Mortality rate, infant (per 1,000 live births)","SP.DYN.IMRT.IN","","","","","","","","","","","","","","","","","","","","","","","","","","","","","","","104.600297328753","105.487475882435","104.629326845435","103.751357103666","100.593979278272","99.5742153072358","100.645981895124","98.7563717321827","98.5811336590385","93.7152639676045","90.7977906730906","88.5729586546513","84.3078719450049","81.0428036119945","77.9839671360782","73.3636005005767","70.3044111678617","67.687898297891","65.327566723402","64.2705194979514","61.8117712229254","62.043525008577","58.5885284058497","56.9876218491189","56.6951123578899","55.9215672831297","55.2834511967137","54.9009635136217","53.0125068089293","52.4421630353559","51.5352354471261","51.1623509512758","51.70133633076","49.8404360616042","48.9788397649421","",
"Puerto Rico (US)","PRI","Mortality rate, infant (per 1,000 live births)","SP.DYN.IMRT.IN","","","","","","","","","","","","","","","","","","","","","","","","","","","","","","","","","","","","","","","","","","","","","","","","","","","","","","","","","","","","","","","","","","",
"Korea, Dem. People's Rep.","PRK","Mortality rate, infant (per 1,000 live births)","SP.DYN.IMRT.IN","81.8","79.3","76.9","74.4","71.7","68.7","65.6","62.3","58.9","55.7","52.6","49.8","47.2","44.8","42.7","40.7","38.9","37.3","35.7","34.3","33","31.8","30.7","29.9","29.3","29","29","29.6","30.2","31","32","32.7","33.2","33.4","33.3","64.3","63.4","62.3","61.4","60.4","59.4","58.6","57.7","27.3","26.8","26.3","25.9","25.6","24.7","23.9","22.9","21.7","20.6","19.3","18.2","17.2","16.5","15.4","14.8","14.3","14.1","14.1","14.3","14.5","13.3","",
"Portugal","PRT","Mortality rate, infant (per 1,000 live births)","SP.DYN.IMRT.IN","84.4","82","78.5","74.5","70.3","66.5","63.7","61.7","60","58","55.4","51.7","47.4","43.2","39.5","36","32.6","29.5","26.8","24.6","22.8","21.2","19.9","18.6","17.5","16.5","15.5","14.5","13.5","12.5","11.5","10.6","9.7","8.8","8.1","7.5","7","6.6","6.3","5.9","5.5","5.1","4.7","4.3","3.9","3.7","3.4","3.3","3.2","3.1","3","3","3","2.9","2.9","2.9","2.9","2.9","2.9","2.8","2.8","2.7","2.7","2.7","2.7","",
"Paraguay","PRY","Mortality rate, infant (per 1,000 live births)","SP.DYN.IMRT.IN","63.4","63","62.7","62.4","62.3","62.1","62.1","62","61.9","61.6","61.4","61.1","60.6","60","59.2","58.4","57.4","56.4","55.2","54","52.6","51.2","49.7","48.1","46.6","45","43.5","42","40.6","39.2","37.8","36.5","35.3","34.2","33.2","32.3","31.5","30.7","30","29.4","28.7","28.1","27.5","26.9","26.4","25.8","25.1","24.5","23.8","23.2","22.5","21.9","21.2","20.6","20","19.3","18.7","18.1","17.6","17","16.5","16","15.5","15","14.5","",
"West Bank and Gaza","PSE","Mortality rate, infant (per 1,000 live births)","SP.DYN.IMRT.IN","","","","","","","","","","","","","","","","94.5","88.9","83.5","78.5","73.8","69.5","65.4","61.5","57.9","54.6","51.4","48.5","45.9","43.4","41.2","39.2","37.3","35.7","34.2","32.9","31.6","30.4","29.2","28.2","27.2","26.3","25.5","24.8","24","23.3","22.6","21.8","21.1","20.4","19.7","19","18.3","17.7","17","17.6","15.8","15.2","14.6","14.1","13.6","13.2","12.8","12.3","16.8","17","",
"Pacific island small states","PSS","Mortality rate, infant (per 1,000 live births)","SP.DYN.IMRT.IN","","","","","","","","","","","","","","","","","","","","","","","","","","","","","","","27.9302150664003","27.0177741616199","26.2007707679132","25.4316939982244","24.7688495811947","24.1800605889109","23.6418897376287","23.2257564391098","22.7727657659159","22.3733489976503","22.0237819392426","21.7117549586571","21.5555344833273","21.249366714792","21.1897667738408","21.1491068386469","21.0823906752412","20.9253063569058","20.7178709636491","20.6113055990386","20.0557993779897","19.7279972345307","19.3863746237699","19.0913349525828","18.9580167190736","18.9028566606833","18.9539758553786","19.0774590354896","19.2835998936885","19.4930674817628","19.5113323609614","19.4896732751784","19.3452400688644","19.0789703343776","18.7181576263624","",
"Post-demographic dividend","PST","Mortality rate, infant (per 1,000 live births)","SP.DYN.IMRT.IN","","","","","","","","","","","","","","","","","","","","","","","","","","","","","","","9.03328338849386","8.68524746635175","8.41341165003085","8.03321057816717","7.5857581590175","7.26949035303555","6.96053970227187","6.68846472129777","6.44454979719708","6.23145471978777","6.05988893920801","5.88596813389299","5.78670595315404","5.65754547405334","5.52209849592873","5.42570529126171","5.3325522657409","5.21226351283376","5.08868952843755","4.96850594855995","4.7919235293189","4.68540394619567","4.58398746115236","4.50824093483799","4.41450026396991","4.35678117098736","4.28378586192832","4.2096051400372","4.18577737798877","4.12166747078415","4.10746058799424","4.10447528221322","4.10429066637624","4.10730733839087","4.09735339069774","",
"French Polynesia","PYF","Mortality rate, infant (per 1,000 live births)","SP.DYN.IMRT.IN","","","","","","","","","","","","","","","","","","","","","","","","","","","","","","","","","","","","","","","","","","","","","","","","","","","","","","","","","","","","","","","","","","",
"Qatar","QAT","Mortality rate, infant (per 1,000 live births)","SP.DYN.IMRT.IN","","","","","","","","","","56.7","53.1","49.7","46.6","43.7","41.1","38.7","36.6","34.6","32.8","31.2","29.8","28.4","27.2","25.9","24.7","23.5","22.3","21","19.8","18.6","17.4","16.3","15.2","14.3","13.5","12.8","12.2","11.7","11.2","10.8","10.4","10","9.7","9.3","9","8.7","8.4","8.2","7.9","7.7","7.5","7.3","7.1","6.9","6.7","6.4","6.2","5.9","5.6","5.4","5.2","5.1","5","4.9","4.8","",
"Romania","ROU","Mortality rate, infant (per 1,000 live births)","SP.DYN.IMRT.IN","74.4","67.5","59.5","52.1","46.8","45","48.2","54.1","56.7","52.7","46.6","42","39.3","37.6","36.2","34.9","33.2","31.4","30.1","29.4","28.6","27.3","25.7","24.6","24.2","24.6","25.7","26.9","27.1","25.9","24.2","23.2","22.8","22.6","22.3","22","21.7","21.3","20.5","19.1","18","17.3","17.1","16.9","16.4","15.5","14.3","12.9","11.8","11.1","10.5","10","9.5","8.9","8.3","7.7","7.1","6.6","6.1","5.6","5.4","5.3","5.4","5.6","6","",
"Russian Federation","RUS","Mortality rate, infant (per 1,000 live births)","SP.DYN.IMRT.IN","36.3","33.9","31.8","29.9","28.2","26.8","25.7","24.7","23.9","23.3","22.9","22.5","22.2","22","21.9","21.9","21.9","21.9","21.9","21.8","21.6","21.4","21.2","20.9","20.5","20","19.4","18.8","18.2","17.7","17.5","17.4","17.5","17.7","17.8","17.8","17.5","17.2","16.8","16.2","15.6","14.8","13.9","12.9","12","11.1","10.2","9.5","9","8.6","8.3","8.1","7.9","7.6","7.1","6.6","6","5.5","5.1","4.8","4.6","4.4","4.3","4.2","4.1","",
"Rwanda","RWA","Mortality rate, infant (per 1,000 live births)","SP.DYN.IMRT.IN","123.2","119.7","117","115","113.8","113.3","113.2","113.5","114.2","115.2","116.4","117.8","119.3","121.7","124.7","128","130.7","131.7","129.7","124.4","117.1","109","101.7","96","92.6","90.3","88.1","86.2","84.9","84.8","86.9","92.6","101.5","111.5","212.9","126.5","129","128.5","124.4","117.1","108.1","98.4","88.7","79.5","71.1","64","58.1","53.2","49.1","45.7","42.6","39.3","37.4","35.9","34.7","33.9","33.2","32.7","32.2","31.7","31.3","30.9","30.5","30.1","29.4","",
"South Asia","SAS","Mortality rate, infant (per 1,000 live births)","SP.DYN.IMRT.IN","","","","","","","","","","","","","","","","","","","","","","","","","","","","","","","85.5","83.4","81.3","79.3","77.3","75.4","73.4","71.3","69.2","67.1","64.9","62.7","60.6","58.6","56.6","54.6","52.6","50.6","48.7","46.7","44.7","42.7","40.8","38.8","37","35.2","33.5","31.9","30.3","28.9","27.6","26.3","25.2","24.2","23.2","",
"Saudi Arabia","SAU","Mortality rate, infant (per 1,000 live births)","SP.DYN.IMRT.IN","","","","","","","","","","","","","148.7","138.7","129.5","121.2","113.3","105.7","98.8","92.3","86.2","80.4","74.8","69.5","64.6","59.9","55.6","51.5","47.6","43.9","40.6","37.5","34.6","32.1","29.8","27.7","25.8","24.1","22.5","21.1","19.8","18.6","17.5","16.4","15.4","14.5","13.6","12.7","11.9","11.1","10.4","9.7","9","8.4","7.8","7.3","6.8","6.4","6","5.7","5.4","5.2","5","4.8","4.7","",
"Sudan","SDN","Mortality rate, infant (per 1,000 live births)","SP.DYN.IMRT.IN","92.9","92.7","92.3","91.9","91.6","91.3","91.1","91","90.9","90.9","91","91.1","91.2","91.2","91.2","91","90.8","90.6","90.4","90.2","90","89.8","89.6","111.2","110.5","109.7","88","87.3","180.9","85.7","84.7","83.7","82.6","81.4","80.2","78.8","77.4","75.8","96.7","72.3","70.5","68.6","66.7","64.8","67.8","66.4","59.7","58.2","56.8","55.5","54.3","53.1","51.9","50.8","49.7","48.4","47.2","45.9","44.6","43.4","42.2","41","39.8","44","42.9","",
"Senegal","SEN","Mortality rate, infant (per 1,000 live births)","SP.DYN.IMRT.IN","127.5","126.3","125.5","125","124.6","124.2","123.8","123.5","123.2","122.7","122.1","121.1","119.7","118","115.8","113.1","109.8","106.2","102.7","99.6","97.1","95.1","93.4","91.5","89.2","86.4","83","79.6","76.6","74.4","73","72.6","72.9","73.7","74.7","75.7","76.6","77.2","77.1","76.1","74","70.6","66.4","61.9","57.5","53.5","50.1","47.3","44.9","43.1","41.5","40.3","39.3","38.5","37.8","37.3","36.8","36.3","35.7","34.8","33.7","32.5","31.2","30","28.9","",
"Singapore","SGP","Mortality rate, infant (per 1,000 live births)","SP.DYN.IMRT.IN","35.5","32.9","30.8","29.3","28.2","27.3","26.2","25.1","24","22.8","21.8","20.7","19.3","17.6","15.8","14.2","13.2","12.5","12.2","12.2","11.9","11.4","10.7","10","9.4","8.8","8.3","7.8","7.3","6.7","6.1","5.5","5","4.6","4.2","4","3.8","3.6","3.4","3.2","3","2.8","2.7","2.5","2.4","2.3","2.3","2.3","2.2","2.2","2.2","2.2","2.2","2.2","2.2","2.2","2.1","2.1","2","2","2","2","2","2.1","2.2","",
"Solomon Islands","SLB","Mortality rate, infant (per 1,000 live births)","SP.DYN.IMRT.IN","117.6","113.4","109.1","104.8","100.4","96","91.5","86.8","82","77.1","72.4","67.8","63.5","59.4","55.6","54.9","49","46.1","43.6","41.5","39.6","37.9","36.4","35.1","33.9","32.9","31.9","31.1","30.3","29.5","28.8","28","27.4","26.7","26.1","25.5","25","24.6","24.2","23.8","23.5","23.3","23.1","22.9","22.8","22.6","22.5","22.2","22","21.7","21.4","21.1","20.8","20.5","20.3","20","19.7","19.4","19.1","18.7","18.3","17.8","17.4","16.9","16.4","",
"Sierra Leone","SLE","Mortality rate, infant (per 1,000 live births)","SP.DYN.IMRT.IN","165.7","164.7","163.6","162.4","161.2","159.8","158.3","156.8","155.3","153.9","152.5","151","149.7","148.4","147.4","146.2","145.1","144","142.9","141.9","140.9","140.1","139.3","138.7","138.1","137.5","136.9","136.4","135.9","135.6","135.4","135.1","134.8","134.5","133.8","132.9","131.6","130","128","125.9","123.4","120.8","118.2","115.4","112.4","109.3","105.9","102.3","98.6","94.7","90.8","87","83.4","80.1","77.8","76.9","71.3","68.7","66.3","64","61.9","59.9","58.1","56.3","54.6","",
"El Salvador","SLV","Mortality rate, infant (per 1,000 live births)","SP.DYN.IMRT.IN","136.3","134.3","132.5","130.4","128.4","126.5","124.4","122.1","120","117.7","115.3","112.8","110.1","107.2","104.2","100.8","97.2","93.5","89.7","85.8","89.9","77.8","73.8","69.9","66","62.2","58.8","55.5","52.6","49.8","47.2","44.8","42.4","40.1","37.9","35.7","33.6","31.6","29.8","28","26.4","25","23.6","22.3","21.1","20","19","18.1","17.2","16.4","15.6","14.9","14.3","13.7","13.1","12.6","12","11.5","11.1","10.6","10.2","9.8","9.5","9.2","8.8","",
"San Marino","SMR","Mortality rate, infant (per 1,000 live births)","SP.DYN.IMRT.IN","","","","","","","","","","","","","","","","","","","","","","","","","","16.8","15.5","14.2","13","12","11","10.2","9.4","8.6","8","7.4","6.8","6.3","5.8","5.3","4.9","4.5","4.2","3.9","3.6","3.4","3.1","2.9","2.8","2.6","2.4","2.3","2.2","2","1.9","1.8","1.7","1.6","1.6","1.5","1.4","1.4","1.3","1.3","1.2","",
"Somalia, Fed. Rep.","SOM","Mortality rate, infant (per 1,000 live births)","SP.DYN.IMRT.IN","","","","","","","","","","","","","","","","","","","","","","","","107.2","106.9","107","107.3","107.7","107.7","107.2","106.3","216.4","223.2","218.5","103.9","103.9","103.9","103.9","103.9","103.9","103.9","103.9","103.9","103.9","103.9","103.9","103.5","102.5","100.5","98.4","112.5","217.6","112.2","88.4","86","83.7","81.5","96.5","85.1","75","72.9","70.9","89.2","67.3","65.4","",
"Serbia","SRB","Mortality rate, infant (per 1,000 live births)","SP.DYN.IMRT.IN","","","","","","","","","","","","","","","","","","","","","","","","","34.7","33.4","32.3","31.2","29.3","26.6","24.2","22.4","21.3","20.1","18.6","16.9","15.1","13.4","12.2","11.5","11","10.5","9.9","9.2","8.4","7.8","7.3","7.1","6.9","6.7","6.6","6.4","6.1","5.9","5.6","5.4","5.2","5.1","4.9","4.8","4.7","4.6","4.6","4.5","4.6","",
"Sub-Saharan Africa (excluding high income)","SSA","Mortality rate, infant (per 1,000 live births)","SP.DYN.IMRT.IN","","","","","","","","","","","","","","","","","","","","","","","","","","","","","","","102.103222762459","102.879413277651","102.298209388322","101.464363556315","100.063561345547","97.5905279406226","98.4024189614712","96.6325188389985","96.1764773918709","91.6690514660684","88.9178393672323","86.6948013993556","82.6545485420266","79.4616792045632","76.4676304478169","72.1166625494319","69.1134722690309","66.5246198405906","64.1203151444688","62.9608056080532","60.5601514518328","60.5458347580391","57.218908570703","55.6066507231575","55.135686215162","54.2432528602101","53.4805129983289","52.9519460931187","51.1076169313005","50.4792996755302","49.5822183567434","50.3661111495221","50.7627321291086","48.2421964668044","47.1195528095233","",
"South Sudan","SSD","Mortality rate, infant (per 1,000 live births)","SP.DYN.IMRT.IN","195.9","193.7","191.4","207","187.5","185.4","213.5","211.2","209","210.6","208.4","172.3","170.3","168.5","166.6","164.8","163.1","161.5","159.7","157.9","156.6","155.2","154","152.9","151.8","150.6","149.5","171.2","484","158.5","157.4","155.8","165.5","163.4","138.5","146.8","143.7","140.3","238.8","122.4","118.2","113.6","109","104.5","100.2","96.2","92.3","88.6","85","81.5","78.2","75.3","73.2","72.2","118.2","151.3","169.8","181.5","92.9","71.9","71.9","71.9","71.9","71.9","71.9","",
"Sub-Saharan Africa","SSF","Mortality rate, infant (per 1,000 live births)","SP.DYN.IMRT.IN","","","","","","","","","","","","","","","","","","","","","","","","","","","","","","","102.1","102.9","102.3","101.4","100","97.6","98.4","96.6","96.2","91.7","88.9","86.7","82.7","79.4","76.5","72.1","69.1","66.5","64.1","63","60.6","60.5","57.2","55.6","55.1","54.2","53.5","53","51.1","50.5","49.6","50.4","50.8","48.2","47.1","",
"Small states","SST","Mortality rate, infant (per 1,000 live births)","SP.DYN.IMRT.IN","","","","","","","","","","","","","","","","","","","","","","","","","","","","","","","51.9734960610678","51.3682544170672","50.1689785526733","49.1423044491205","48.5782246612895","48.1806332752428","47.2436226249031","46.4514792497528","46.2030452846322","46.6765886287625","39.4229621831045","38.8781133052331","38.2390816146115","37.4779253971587","36.4255089461327","35.3735160637554","33.5051160325721","32.6504137163638","31.9679952453784","30.9827449732228","29.9439287566428","28.8889148014744","28.2534690725269","27.6859663910708","27.1606864527123","26.3610123562287","25.5561762973401","25.1492688282222","24.4825080801933","24.1941993553849","23.7506663553416","23.2658505162397","22.9700556480149","22.4414144693519","21.78651542672","",
"Sao Tome and Principe","STP","Mortality rate, infant (per 1,000 live births)","SP.DYN.IMRT.IN","","","","","","56.1","54.4","52.9","51.6","50.9","50.5","50.6","50.9","51.3","51.7","52.1","52.5","52.8","53.2","53.6","54.1","54.9","56","57.2","58.6","60","65.2","62.7","63.8","64.8","65.5","66.1","66.2","65.9","65.1","63.7","61.9","59.6","56.8","53.9","50.7","47.4","44.1","40.9","37.8","34.9","32.1","29.6","27.3","25.2","23.2","21.3","19.6","18.1","16.6","15.2","14","12.9","12","11.3","10.8","10.3","9.9","9.5","9.2","",
"Suriname","SUR","Mortality rate, infant (per 1,000 live births)","SP.DYN.IMRT.IN","","","","","","","","","","","","","","","","","","","","","","","","44.1","43.1","42.1","41.2","40.3","39.3","38.3","37.3","36.3","35.3","34.2","33.2","32.1","31.1","30.1","29.2","28.2","27.3","26.5","25.8","25","24.4","23.8","23.2","22.6","22.1","21.6","21.2","20.7","20.3","19.9","19.5","19","18.6","18","17.6","17.1","16.6","16.2","15.6","15.2","14.8","",
"Slovak Republic","SVK","Mortality rate, infant (per 1,000 live births)","SP.DYN.IMRT.IN","31","29.3","28.1","27.3","26.7","26.3","26","25.8","25.7","25.5","25.4","25.2","24.9","24.5","24.1","23.5","22.9","22.1","21.3","20.5","19.7","18.9","18.1","17.3","16.5","15.8","15","14.3","13.7","13.1","12.6","12.2","11.7","11.1","10.6","10.1","9.7","9.2","8.8","8.4","8","7.8","7.5","7.3","7.1","6.9","6.6","6.3","6.1","5.9","5.7","5.5","5.4","5.3","5.2","5.2","5.1","5","5","5","5","5","5.1","5.2","5.3","",
"Slovenia","SVN","Mortality rate, infant (per 1,000 live births)","SP.DYN.IMRT.IN","","","","","","","","","","","","","","","","","","","","","","15.3","14.5","13.8","13.1","12.3","11.6","10.8","10.1","9.4","8.8","8.2","7.6","7.1","6.6","6.2","5.8","5.4","5.1","4.8","4.5","4.3","4.1","3.9","3.7","3.5","3.3","3.1","2.9","2.8","2.6","2.5","2.4","2.3","2.2","2.1","2.1","2","2","2","1.9","1.9","1.9","1.9","1.8","",
"Sweden","SWE","Mortality rate, infant (per 1,000 live births)","SP.DYN.IMRT.IN","16.3","16","15.6","15","14.4","13.7","13.1","12.6","12.2","11.7","11.3","10.9","10.4","9.8","9.3","8.8","8.3","8","7.7","7.4","7.2","6.9","6.8","6.6","6.5","6.4","6.3","6.3","6.2","6.1","5.9","5.6","5.2","4.8","4.4","4","3.8","3.6","3.5","3.4","3.4","3.3","3.3","3.2","3.1","3","2.8","2.7","2.6","2.6","2.5","2.5","2.4","2.4","2.4","2.3","2.3","2.3","2.2","2.2","2.1","2.1","2","2","2","",
"Eswatini","SWZ","Mortality rate, infant (per 1,000 live births)","SP.DYN.IMRT.IN","136.8","135.9","134.7","133.3","131.9","130.4","128.8","127.1","125.4","123.4","121.1","118.7","115.9","112.8","109.4","105.9","102.3","98.9","95.6","92.1","88.7","85.2","81.4","83.7","73.7","70","66.5","63.4","60.6","58.4","56.7","56","56.4","57.8","60","62.1","65.2","67.5","69.1","70.7","71.7","72.6","73.1","73.7","73.2","72.2","63","63.7","66.1","63.8","60.4","55.3","56","55.4","56.5","54.1","51.3","51.1","47.7","47.6","47.3","46.2","45.9","44.7","42.2","",
"Sint Maarten (Dutch part)","SXM","Mortality rate, infant (per 1,000 live births)","SP.DYN.IMRT.IN","","","","","","","","","","","","","","","","","","","","","","","","","","","","","","","","","","","","","","","","","","","","","","","","","","","","","","","","","","","","","","","","","","",
"Seychelles","SYC","Mortality rate, infant (per 1,000 live births)","SP.DYN.IMRT.IN","71.7","70.3","68.8","67.3","65.7","63.9","61.9","59.6","56.9","54","51","47.8","44.8","41.6","38.5","35.4","32.3","29.4","26.6","24.2","22.1","20.3","18.8","17.5","16.5","15.7","15","14.5","14","13.5","13.2","12.8","12.5","12.3","12.1","12","11.9","11.8","11.8","11.8","11.8","11.9","11.9","12","12","12.1","12.2","12.3","12.4","12.5","12.6","12.7","12.8","12.9","13.1","13.2","13.3","13.4","13.5","13.6","13.6","13.5","13.4","13.1","12.9","",
"Syrian Arab Republic","SYR","Mortality rate, infant (per 1,000 live births)","SP.DYN.IMRT.IN","107.3","103.8","100.5","97.6","94.9","92.1","89.3","86.2","82.9","79.5","76.2","72.9","69.8","66.8","64","61.3","58.6","55.9","53.2","50.6","48.2","48.4","50.5","41.7","39.9","38.2","36.7","35.3","34","32.8","31.6","30.4","29.3","28.1","26.9","25.7","24.6","23.5","22.5","21.6","20.8","20.1","19.4","18.9","18.5","18.1","17.8","17.6","17.5","17.5","17.5","18.7","23.8","25","24.6","25.5","23.7","24.2","24.2","21.1","20","19.3","19.1","18.6","17.7","",
"Turks and Caicos Islands","TCA","Mortality rate, infant (per 1,000 live births)","SP.DYN.IMRT.IN","","","","","","","75","69.7","64.9","60.5","56.4","52.6","49","45.8","42.7","39.9","37.4","35","32.7","30.7","28.8","26.9","25.3","23.8","22.4","21","19.7","18.5","17.4","16.4","15.4","14.5","13.6","12.8","12","11.3","10.5","9.9","9.3","8.7","8.2","7.7","7.2","6.8","6.4","6","5.8","5.5","5.2","5","4.8","4.6","4.5","4.3","4.2","4.1","3.9","3.8","3.7","3.6","3.4","3.3","3.2","3.1","3","",
"Chad","TCD","Mortality rate, infant (per 1,000 live births)","SP.DYN.IMRT.IN","142.4","142.1","141.7","141.3","141","140.5","140.1","139.5","139","138.5","137.8","137.3","136.7","136.1","135.5","134.9","134.1","133.4","132.6","131.8","130.8","129.7","128.6","127.3","125.9","124.4","123","121.5","119.9","118.3","116.8","115.2","113.6","112.2","110.9","109.5","108.1","106.7","105.1","103.5","101.7","99.9","98","96.2","94.3","92.4","90.4","88.3","86.2","84.1","82","79.9","77.8","75.9","74","72.1","70.2","68.3","66.4","64.6","62.9","61.3","59.6","58","56.3","",
"East Asia & Pacific (IDA & IBRD countries)","TEA","Mortality rate, infant (per 1,000 live births)","SP.DYN.IMRT.IN","","","","","","","","","","","","","","","","","","","","","","","","","","","","","","","46.7421673963807","46.3822498559098","45.3742501074906","44.1823524832381","42.8561248891307","41.4349764738043","39.9976576761828","38.4468192802094","36.8649891382944","35.1632311390466","33.1963495682264","31.4941119567121","29.6777766525706","27.8385806080203","26.3959204134529","24.4360383278058","22.9332263559182","21.5209490051799","20.6370994684463","18.9977993496039","17.9930018922012","17.0792197693659","15.9491891904835","15.2932750641768","14.3991276696593","13.9507795029941","13.1245049845938","12.4626045759779","12.4071301006166","12.0422004171441","12.1855100266913","12.0805913288042","11.9768707680509","11.6764097339227","11.3017036600591","",
"Europe & Central Asia (IDA & IBRD countries)","TEC","Mortality rate, infant (per 1,000 live births)","SP.DYN.IMRT.IN","","","","","","","","","","","","","","","","","","","","","","","","","","","","","","","37.1241971205222","37.0045173298822","37.2289820615682","37.3616592790738","36.4290935248037","35.7606174429046","34.3325530058297","33.0876876571449","31.4827908935964","29.8582134021329","27.9521916399725","26.2191180626628","24.4837196849222","22.7586912650313","21.4392724749526","20.1083624294114","18.7881589720451","17.5051108058918","16.323293476693","15.2809098241308","14.4413882178953","13.7222790092874","12.9817995735658","12.4147024543041","11.7997466003425","11.2405266150363","10.6645879222469","10.3262439132312","10.0744908261264","9.8982615505469","9.71175441652214","9.51772527430066","9.44155700127317","9.56302906839522","9.05954315660152","",
"Togo","TGO","Mortality rate, infant (per 1,000 live births)","SP.DYN.IMRT.IN","134.4","133.5","132.6","131.5","130.3","129","127.6","126.1","124.4","122.7","120.8","118.9","116.9","114.9","112.8","110.7","108.6","106.5","104.3","102.2","100.2","98.3","96.3","94.5","92.8","91.2","89.8","88.5","87.4","86.4","85.4","84.5","83.5","82.5","81.3","79.9","78.3","76.6","74.7","72.8","70.8","68.8","66.7","64.8","62.9","61.1","59.4","57.7","56.1","54.5","53","51.4","49.8","48.3","46.8","45.4","44","42.6","41.4","40.2","39.1","38","37","35.9","34.8","",
"Thailand","THA","Mortality rate, infant (per 1,000 live births)","SP.DYN.IMRT.IN","113.3","109.7","106.1","102.6","99.2","95.9","92.6","89.1","85.7","82.2","78.7","75.2","71.7","68.4","65.2","62.1","59.3","56.7","54.2","51.9","49.6","47.5","45.5","43.6","41.7","39.8","38","36.2","34.4","32.6","30.9","29.2","27.6","26.2","24.8","23.5","22.4","21.3","20.2","19.2","18.3","17.4","16.6","15.9","15.2","14.5","13.9","13.4","12.9","12.4","11.9","11.5","11.1","10.8","10.4","10.1","9.8","9.5","9.2","8.9","8.7","8.4","8.2","7.9","7.7","",
"Tajikistan","TJK","Mortality rate, infant (per 1,000 live births)","SP.DYN.IMRT.IN","","","","","","","","","","","","","113.9","110.2","106.7","103.7","101.1","99.1","97.3","96.4","95.7","95.3","94.3","92.8","90.5","87.6","84.4","80.8","77.7","76.2","76.7","78.5","81.2","83.8","84.8","83.5","80.4","76.3","71.6","66.5","61.5","56.5","51.7","47.3","43.3","40","37.2","34.9","33.1","31.6","30.4","29.3","28.4","27.6","26.9","26.3","25.8","25.5","25.3","25","24.9","24.7","24.4","24","23.5","",
"Turkmenistan","TKM","Mortality rate, infant (per 1,000 live births)","SP.DYN.IMRT.IN","","","","","","","","","","","","","","","","","","118.9","114.4","110","105.5","101.2","96.6","92","87.6","83.3","79.3","75.7","72.5","70","68.1","67.2","66.9","66.9","67","66.8","66.2","64.9","62.9","60.4","57.5","54.5","51.3","48.4","45.6","43","40.9","39","37.5","36.3","35.3","34.7","34.2","33.9","33.9","33.9","34.1","34.2","34.1","33.9","33.4","32.7","32","31.3","30.4","",
"Latin America & the Caribbean (IDA & IBRD countries)","TLA","Mortality rate, infant (per 1,000 live births)","SP.DYN.IMRT.IN","","","","","","","","","","","","","","","","","","","","","","","","","","","","","","","44.5922653397431","42.7712993045362","40.8467551187162","38.9794321053076","37.1203603563","35.3274437466758","33.5926445214022","31.8840126485321","30.5207743716986","28.7871107118416","27.3635293589896","26.018262962934","24.798752930653","23.682950347738","22.6233724350968","21.6449048479234","20.7787778400655","20.0078035324213","19.2818186640306","18.6313612694458","18.6625805569531","17.4941301128684","17.0113468555451","16.552711013279","16.1050991132339","15.7498280161042","16.0323680268225","15.3939832152582","15.0311144710055","14.7277092822441","14.5002276499837","14.2317618151974","13.9827191462039","13.6663728063449","13.3773185376884","",
"Timor-Leste","TLS","Mortality rate, infant (per 1,000 live births)","SP.DYN.IMRT.IN","","","","","","","","","","","","","","","","","","","","","","","","","","200.5","193.8","181","177.7","169.6","165.5","161.7","153.5","145.5","139.1","137.9","131.4","125.2","124.8","134","84.4","80.4","76.4","72.6","69.1","65.6","62.5","59.5","56.8","54.3","52","50","48.1","46.5","45","43.6","42.5","41.4","40.6","39.6","38.7","37.7","36.7","35.7","34.6","",
"Middle East, North Africa, Afghanistan & Pakistan (IDA & IBRD)","TMN","Mortality rate, infant (per 1,000 live births)","SP.DYN.IMRT.IN","","","","","","","","","","","","","","","","","","","","","","","","","","","","","","","81.9323571147492","80.0103368363463","78.3824828305711","77.2787784534835","76.2248638459189","74.871036461745","73.2227719177153","71.3483397748256","69.3466140701267","67.4284744286879","65.4291766544617","63.2678391316158","61.3664367888961","59.6421169664937","57.7057462087737","55.9796771852355","54.4631671749249","52.93244171322","51.4854359240134","50.1768645580206","48.7576563224184","47.3045291196204","45.9488773951889","44.5035803675885","43.1183642748564","41.9650635249281","40.8132033271027","39.902533909126","39.3434807294902","38.5595764016893","37.6229268023937","36.8008530927113","35.8054853221345","34.7941815337804","33.7113790157987","",
"Tonga","TON","Mortality rate, infant (per 1,000 live births)","SP.DYN.IMRT.IN","","","","62.2","58.4","54.6","51.3","48","44.8","41.9","39.2","36.8","34.7","32.8","31.2","29.6","28.3","27","25.9","24.8","23.9","23.1","22.4","21.9","21.3","20.8","20.3","19.8","19.3","18.6","18","17.3","16.7","16.2","15.7","15.3","15","14.7","14.4","14.1","13.8","13.4","13.1","12.7","12.4","12","11.7","11.4","11.1","10.9","10.6","10.4","10.2","10","9.8","9.6","9.4","9.2","9.1","8.8","8.7","8.5","8.2","8","7.8","",
"South Asia (IDA & IBRD)","TSA","Mortality rate, infant (per 1,000 live births)","SP.DYN.IMRT.IN","","","","","","","","","","","","","","","","","","","","","","","","","","","","","","","85.5276494857301","83.3533578125056","81.2785693498466","79.2823260339023","77.3071863254552","75.3487555016411","73.3881234655001","71.3564235788864","69.2278876049604","67.0939361827509","64.8873124596295","62.7240763004646","60.6804728824951","58.5857699136376","56.6869693033503","54.605276788285","52.592245840607","50.6084940011222","48.6875970798976","46.7484274089351","44.7223591602732","42.7279439424042","40.8095163784819","38.8067077706587","36.9574455474911","35.1486708224923","33.518229348411","31.8764606632544","30.358809839756","28.9424349682594","27.5499051306387","26.3863416373173","25.2523801257881","24.2252224457107","23.1983353430041","",
"Sub-Saharan Africa (IDA & IBRD countries)","TSS","Mortality rate, infant (per 1,000 live births)","SP.DYN.IMRT.IN","","","","","","","","","","","","","","","","","","","","","","","","","","","","","","","102.096878666789","102.872808903389","102.292071191924","101.458190784212","100.057479363554","97.5852414643314","98.3972463649438","96.6278756835758","96.1721068388801","91.6649387435408","88.9138731629461","86.6911576400567","82.6510737995907","79.4583951279433","76.4645741574351","72.1136858054593","69.1108122787121","66.5219938974587","64.1177671668983","62.9583131601283","60.5579962873256","60.5435511895491","57.2167475827182","55.6047620591435","55.1338468121156","54.2414061262112","53.4786404092455","52.9500908356839","51.1058761277368","50.4776217602032","49.5806155476004","50.3645082636277","50.7611487561002","48.2407285889682","47.1181350718033","",
"Trinidad and Tobago","TTO","Mortality rate, infant (per 1,000 live births)","SP.DYN.IMRT.IN","63","60.9","59","57.1","55.4","53.8","52.4","51.1","49.9","48.8","47.7","46.7","45.6","44.5","43.4","42.3","41.1","40","38.9","37.8","36.7","35.7","34.8","33.9","33.1","32.3","31.6","31","30.4","29.9","29.4","29","28.6","28.3","28","27.7","27.4","27.2","26.9","26.6","26.3","25.9","25.6","25.2","24.8","24.5","24.1","23.7","23.3","22.9","22.5","22.1","21.7","21.3","20.9","20.6","20.2","19.9","19.5","19.2","18.8","18.4","18","17.5","17","",
"Tunisia","TUN","Mortality rate, infant (per 1,000 live births)","SP.DYN.IMRT.IN","","","162.5","156","149.6","143.2","136.9","130.5","124.4","118.4","112.6","107.1","101.6","96.2","90.7","85.3","80","74.7","69.8","65.3","61.3","57.6","54.3","51.3","48.5","46","43.7","41.7","40","38.5","37.2","36.1","34.9","33.7","32.5","31.1","29.7","28.2","26.7","25.3","23.9","22.7","21.6","20.5","19.7","18.9","18.2","17.7","17.2","16.9","16.7","16.5","16.4","16.3","16.1","16","15.8","15.5","15.1","14.4","13.5","12.5","11.5","10.5","9.7","",
"Turkiye","TUR","Mortality rate, infant (per 1,000 live births)","SP.DYN.IMRT.IN","178.3","174.3","170","165.5","161.2","157","153.3","150","147","144","141","138.1","134.9","131.5","128","124.2","120.2","116.1","111.9","107.6","103.1","98.5","93.9","89.3","84.8","80.4","76.2","72.2","68.3","64.6","60.9","57.3","53.8","50.4","47.2","44.1","41.2","38.3","35.6","33.1","30.7","28.5","26.4","24.4","22.5","20.9","19.3","17.9","16.7","15.5","14.5","13.6","12.8","12.1","11.5","11","10.5","10.1","9.7","9.4","9.1","8.8","8.5","9.8","8","",
"Tuvalu","TUV","Mortality rate, infant (per 1,000 live births)","SP.DYN.IMRT.IN","136.1","131.1","126","121.1","116.1","111.3","106.5","101.8","97.3","92.8","88.2","83.8","79.5","75.1","70.9","67","63.5","60.4","57.6","55.2","53.1","51.3","49.7","48.5","47.6","46.8","46.3","46","45.6","45.4","45","44.6","44.1","43.4","42.7","41.7","40.7","39.5","38.3","37.2","36.1","35.3","34.5","33.8","33.1","32.3","31.3","30.2","29","27.9","26.7","25.7","24.7","23.8","23","22.2","21.5","20.8","20.1","19.4","18.7","18.2","17.6","17","16.5","",
"Tanzania","TZA","Mortality rate, infant (per 1,000 live births)","SP.DYN.IMRT.IN","121.9","121.7","121.4","121","120.5","119.9","119.1","118.3","117.3","116.4","115.4","114.3","113.2","112","110.7","109.3","108","106.7","105.6","105","105","105.6","106.5","107.6","108.5","109.1","109.2","108.8","108.1","107.1","106.2","105.2","104.4","103.5","102.4","101.1","99.3","96.8","93.7","89.8","85.2","80.3","75.3","70.6","66.3","62.3","58.9","55.5","53","50.3","48.3","46.4","44.8","43.5","42.1","40.8","39.3","37.5","35.9","34.5","33.2","32.1","30.9","29.7","28.7","",
"Uganda","UGA","Mortality rate, infant (per 1,000 live births)","SP.DYN.IMRT.IN","124.6","122.7","120.7","119.1","117.5","115.9","114.3","112.7","111.3","110.1","109.4","109.4","110","111.4","113.3","115.8","118.8","121.7","124.3","126.1","127.7","127.4","125.8","123.1","119.7","116.6","114.2","112.2","110.5","109.2","107.1","104.8","102.6","100.7","99.2","98.1","97.3","96.4","94.8","92.4","89.3","85.5","81.2","76.6","71.9","67.3","63","58.9","55.3","52.7","49.9","47","44.4","42.9","41.6","40.3","39.1","38.1","37.3","36.9","36.6","36.4","36.5","36.2","35.9","",
"Ukraine","UKR","Mortality rate, infant (per 1,000 live births)","SP.DYN.IMRT.IN","","","","","","","","","","","","29.4","28.5","27.8","27.1","26.5","26.1","25.7","25.3","24.8","24.3","23.7","23","22.2","21.4","20.7","19.9","19.3","18.8","18.5","18.3","18.4","18.6","18.9","19.1","19.4","19.4","19.2","18.8","18.3","17.6","16.8","16.1","15.3","14.7","14.1","13.6","13.1","12.5","12","11.4","10.9","10.4","10","9.6","9.2","8.9","8.7","8.5","8.3","8.2","8","8","7.8","7.6","",
"Upper middle income","UMC","Mortality rate, infant (per 1,000 live births)","SP.DYN.IMRT.IN","","","","","","","","","","","","","","","","","","","","","","","","","","","","","","","45.5","44.5","43.2","41.9","40.4","38.8","37.2","35.6","34","32.3","30.6","29","27.3","25.8","24.6","22.9","21.6","20.3","19.1","18","17.1","16.3","15.3","14.7","13.9","13.4","12.8","12.1","12","11.7","11.7","11.6","11.4","11.3","10.9","",
"Uruguay","URY","Mortality rate, infant (per 1,000 live births)","SP.DYN.IMRT.IN","56.7","55.5","54.3","53.2","52.4","52","51.7","51.3","50.7","49.8","48.8","48.1","48","48.6","49.3","49.5","48.6","46.6","43.4","39.5","35.6","32.1","29.4","27.6","26.3","25.2","24.1","23.1","22.2","21.3","20.7","20.4","20","19.7","19.2","18.5","17.7","16.8","16","15.2","14.7","14.3","14","13.6","13.1","12.4","11.7","10.9","10.2","9.7","9.2","8.9","8.5","8.2","7.9","7.5","7.1","6.8","6.5","6.2","6.1","6.1","6.1","6.1","6.2","",
"United States","USA","Mortality rate, infant (per 1,000 live births)","SP.DYN.IMRT.IN","25.9","25.5","25","24.4","23.9","23.3","22.7","22.1","21.4","20.7","19.9","19.1","18.3","17.5","16.7","15.9","15.2","14.4","13.8","13.1","12.6","12.1","11.6","11.2","10.9","10.6","10.4","10.1","9.9","9.7","9.4","9.1","8.8","8.5","8.2","7.9","7.7","7.5","7.3","7.2","7.1","7","7","6.9","6.8","6.8","6.7","6.6","6.5","6.4","6.2","6.1","6","5.9","5.8","5.8","5.7","5.6","5.6","5.5","5.5","5.5","5.5","5.5","5.5","",
"Uzbekistan","UZB","Mortality rate, infant (per 1,000 live births)","SP.DYN.IMRT.IN","","","","","","","","","","","","","","","","","","","","101.3","95","89.1","83.6","78.6","74.2","70.3","66.9","64.2","62.1","60.8","60.2","60.2","60.5","60.8","60.8","60.5","60.1","59.3","58.2","56.7","54.8","52.6","50","47.3","44.4","41.4","38.5","35.7","32.9","30.2","27.8","25.5","23.4","21.6","20","18.6","17.4","16.4","15.6","14.9","14.4","13.9","13.5","13.1","12.8","",
"St. Vincent and the Grenadines","VCT","Mortality rate, infant (per 1,000 live births)","SP.DYN.IMRT.IN","","","","","","","","","","42.8","46.1","49.6","52.9","55.9","57.8","58.3","56.9","54.1","50.3","46.1","41.9","38","34.4","31.2","28.3","25.9","23.9","22.3","21.1","20.2","19.5","19","18.7","18.6","18.6","18.7","18.8","19","19.1","19.2","19.3","19.4","19.5","19.6","19.7","19.8","19.9","19.9","19.7","19.4","18.9","18.3","17.6","16.9","16.2","15.5","14.8","14.1","13.5","12.8","12.2","11.7","11.1","10.7","10.2","",
"Venezuela, RB","VEN","Mortality rate, infant (per 1,000 live births)","SP.DYN.IMRT.IN","58.6","57.1","55.9","54.8","54","53.2","52.6","51.9","51.2","50.4","49.3","48.2","46.9","45.6","44.4","43.1","41.7","40.3","38.9","37.4","35.9","34.4","33.1","31.9","30.8","29.7","28.7","27.6","26.5","25.3","24.3","23.5","22.8","22.4","22","21.5","20.8","19.9","19.1","18.2","17.5","17","16.6","16.2","15.7","15.3","14.8","14.5","14.4","14.4","14.5","14.8","15.1","15.4","15.8","16.5","21.2","21.2","21.2","21.2","21.2","21.2","21.2","21.2","21.2","",
"British Virgin Islands","VGB","Mortality rate, infant (per 1,000 live births)","SP.DYN.IMRT.IN","70.6","66.4","62.5","58.7","55.1","51.8","48.6","45.6","43","40.5","38.3","36.4","34.7","33.3","32.2","31.2","30.4","29.7","29.1","28.5","27.9","27.2","26.5","25.6","24.8","23.9","22.9","22","21","20.1","19.2","18.4","17.7","17","16.5","16","15.7","15.3","15.1","14.8","14.6","14.4","14.3","14.2","14.1","14","13.9","13.9","14","14","14","14.1","14.1","14.1","14.2","14.1","13.9","13.6","13.4","13","12.7","12.4","12.1","11.7","11.4","",
"Virgin Islands (U.S.)","VIR","Mortality rate, infant (per 1,000 live births)","SP.DYN.IMRT.IN","","","","","","","","","","","","","","","","","","","","","","","","","","","","","","","","","","","","","","","","","","","","","","","","","","","","","","","","","","","","","","","","","","",
"Viet Nam","VNM","Mortality rate, infant (per 1,000 live births)","SP.DYN.IMRT.IN","","","","","60.8","62.3","62.5","62.9","69.5","66","65.7","64.7","70.6","64.2","65.5","52.9","52.1","51.2","50.3","49.3","48.4","47.5","46.7","45.9","45.1","44.2","43.1","42","40.6","39","37.4","35.7","33.9","32.1","30.4","28.8","27.2","25.7","24.4","23.2","22.1","21.2","20.3","19.6","19","18.5","18","17.6","17.3","17","16.7","16.4","16.2","16","15.7","15.5","15.2","14.9","14.5","14.1","13.7","13.3","12.9","12.4","12","",
"Vanuatu","VUT","Mortality rate, infant (per 1,000 live births)","SP.DYN.IMRT.IN","112.9","110.4","107.7","104.8","101.8","98.6","95.2","92","88.5","85.2","81.9","78.8","75.7","72.8","70.1","67.4","64.7","61.9","59","55.9","52.7","49.4","46.1","42.9","39.8","37","34.6","32.4","30.6","29","27.6","26.5","25.5","24.6","23.9","23.3","22.8","22.4","22","21.7","21.3","21","20.7","20.4","20.2","19.9","19.5","19.1","18.5","17.9","17.3","16.7","16.2","15.8","15.5","15.4","15.3","15.2","15.2","15.1","15.1","15.1","14.9","14.7","14.4","",
"World","WLD","Mortality rate, infant (per 1,000 live births)","SP.DYN.IMRT.IN","","","","","","","","","","","","","","","","","","","","","","","","","","","","","","","64","64","63.3","62.5","61.4","60.2","59.5","58.1","57","55.1","53.3","51.9","49.9","48","46.3","44.1","42.3","40.7","39.2","38","36.7","35.9","34","33.1","32.1","31.5","30.6","30","29.6","29.2","29.1","29.3","29.3","28.4","27.7","",
"Samoa","WSM","Mortality rate, infant (per 1,000 live births)","SP.DYN.IMRT.IN","78.6","75.7","73","70.5","75.4","65.9","63.6","61.3","58.9","56.4","54","51.5","49.2","46.9","44.7","42.6","40.6","38.6","36.7","35","33.4","31.9","30.6","29.4","28.2","27.2","26.1","25.2","24.4","23.6","22.9","22.2","21.5","20.8","20.1","19.5","18.8","18.2","17.5","16.9","16.4","15.9","15.5","15.3","15.1","15","15","15.1","15.1","17.4","15.2","15.2","15.1","15","14.9","14.8","14.6","14.5","14.2","14.9","13.6","13.3","13","12.6","12.3","",
"Kosovo","XKX","Mortality rate, infant (per 1,000 live births)","SP.DYN.IMRT.IN","","","","","","","","","","","","","","","","","","","","","","","","","","127.8","119.4","111.7","104.6","97.8","91.5","85.8","80.4","75.1","70.1","65.2","60.5","56","51.6","47.5","43.6","39.8","36.4","33.2","30.3","27.8","25.4","23.4","21.5","19.8","18.3","17","15.9","14.8","13.9","13.1","12.3","11.5","10.8","10.2","9.6","9.1","8.7","8.3","8","",
"Yemen, Rep.","YEM","Mortality rate, infant (per 1,000 live births)","SP.DYN.IMRT.IN","275.9","273.4","270.6","267.5","263.8","259.3","253.9","247.5","240.5","233.2","225.8","218.8","212","205.4","198.5","191.5","184.2","176.3","168.2","159.9","151.6","143.4","135.5","128","121.3","115.5","110.6","106.3","102.7","99.6","96.9","94.7","92.7","91","89.4","87.9","86.3","84.4","82","79.1","75.8","72.2","68.7","65.2","61.9","58.8","55.9","53.2","50.8","48.6","46.7","45.2","44","42.6","41.8","41.6","40.7","40.1","39.7","39","37.6","36.9","36","34.9","33.8","",
"South Africa","ZAF","Mortality rate, infant (per 1,000 live births)","SP.DYN.IMRT.IN","","","","","","","","","","","","","","","","","108.9","102.6","96.7","91.2","86.1","81.4","77","73.1","69.6","66.2","62.9","59.9","57","54.4","52.1","50.1","48.6","47.5","46.7","46","45.5","45.3","45.4","46","46.5","47.2","47.6","48.3","48.7","47.7","46","44","41","38.2","36","34.5","33.3","32.1","30.7","29.3","28","26.8","25.8","25.1","24.5","24.3","24.3","24.3","24.2","",
"Zambia","ZMB","Mortality rate, infant (per 1,000 live births)","SP.DYN.IMRT.IN","99.4","98.1","96.9","96","95.3","94.8","94.6","94.6","94.2","93.5","92","90","87.6","85.3","83.1","81.7","80.9","81.1","81.6","82.3","83.2","84.1","85.2","87","89.3","92","94.9","97.5","99.7","101.4","102.3","102.6","102.4","101.5","100.3","98.5","96.9","95.6","94.5","92.5","89.3","84.6","78.7","72.3","65.8","60.2","56.4","54.3","52.1","50.2","48.6","47.4","46.1","44.5","43","42.4","40.6","38.8","37.7","36.1","35.7","35.6","35.4","35","34.6","",
"Zimbabwe","ZWE","Mortality rate, infant (per 1,000 live births)","SP.DYN.IMRT.IN","79.3","78.1","76.9","75.5","74","72.4","70.9","69.5","68.6","68.1","67.9","67.8","68.1","68.7","69.8","71","72.3","73.6","75","76.3","76.8","75.7","73.4","70.2","66.8","63.4","60.5","58.1","56.2","55","54","53.5","53.7","55.2","58","58.7","63.1","62.2","59.6","59","58.3","58.3","58.7","59.5","61.7","64.5","65.9","68.8","69.8","69.8","67.4","64.2","58.8","56.6","54.7","54.7","54.3","54.2","54.4","55.8","57.8","59.8","61.6","62.2","62.4","",
