Entity,Code,Year,Outdoor air pollution exposure (population-weighted PM2.5)
Afghanistan,AFG,1998,20.7
Afghanistan,AFG,1999,23
Afghanistan,AFG,2000,30.4
Afghanistan,AFG,2001,35
Afghanistan,AFG,2002,33.9
Afghanistan,AFG,2003,34.1
Afghanistan,AFG,2004,33
Afghanistan,AFG,2005,29.6
Afghanistan,AFG,2006,32.3
Afghanistan,AFG,2007,32.2
Afghanistan,AFG,2008,34.4
Afghanistan,AFG,2009,31.7
Afghanistan,AFG,2010,34.1
Afghanistan,AFG,2011,37.4
Afghanistan,AFG,2012,30.1
Afghanistan,AFG,2013,32.6
Afghanistan,AFG,2014,32
Afghanistan,AFG,2015,33.7
Afghanistan,AFG,2016,34.6
Afghanistan,AFG,2017,32.1
Afghanistan,AFG,2018,33.7
Afghanistan,AFG,2019,31.8
Afghanistan,AFG,2020,29.4
Afghanistan,AFG,2021,34.7
Afghanistan,AFG,2022,35.4
Afghanistan,AFG,2023,38.5
Afghanistan,AFG,2024,40
Africa,OWID_AFR,1998,28.174623
Africa,OWID_AFR,1999,25.176825
Africa,OWID_AFR,2000,30.349884
Africa,OWID_AFR,2001,31.298487
Africa,OWID_AFR,2002,30.904272
Africa,OWID_AFR,2003,30.291553
Africa,OWID_AFR,2004,31.459473
Africa,OWID_AFR,2005,31.437254
Africa,OWID_AFR,2006,30.087257
Africa,OWID_AFR,2007,32.47128
Africa,OWID_AFR,2008,32.761497
Africa,OWID_AFR,2009,31.197775
Africa,OWID_AFR,2010,32.224255
Africa,OWID_AFR,2011,32.725185
Africa,OWID_AFR,2012,32.244366
Africa,OWID_AFR,2013,31.654968
Africa,OWID_AFR,2014,30.29714
Africa,OWID_AFR,2015,33.33561
Africa,OWID_AFR,2016,32.329105
Africa,OWID_AFR,2017,32.293785
Africa,OWID_AFR,2018,31.039633
Africa,OWID_AFR,2019,30.780113
Africa,OWID_AFR,2020,30.882504
Africa,OWID_AFR,2021,31.27518
Africa,OWID_AFR,2022,32.21616
Africa,OWID_AFR,2023,29.608076
Africa,OWID_AFR,2024,31.853401
Akrotiri and Dhekelia,OWID_AKD,1998,14.8
Akrotiri and Dhekelia,OWID_AKD,1999,14.5
Akrotiri and Dhekelia,OWID_AKD,2000,15.6
Akrotiri and Dhekelia,OWID_AKD,2001,15.7
Akrotiri and Dhekelia,OWID_AKD,2002,14.9
Akrotiri and Dhekelia,OWID_AKD,2003,15.2
Akrotiri and Dhekelia,OWID_AKD,2004,14.7
Akrotiri and Dhekelia,OWID_AKD,2005,14.9
Akrotiri and Dhekelia,OWID_AKD,2006,15.3
Akrotiri and Dhekelia,OWID_AKD,2007,16
Akrotiri and Dhekelia,OWID_AKD,2008,15.6
Akrotiri and Dhekelia,OWID_AKD,2009,17.9
Akrotiri and Dhekelia,OWID_AKD,2010,18.6
Akrotiri and Dhekelia,OWID_AKD,2011,20.9
Akrotiri and Dhekelia,OWID_AKD,2012,20.8
Akrotiri and Dhekelia,OWID_AKD,2013,15.9
Akrotiri and Dhekelia,OWID_AKD,2014,15.8
Akrotiri and Dhekelia,OWID_AKD,2015,15.1
Akrotiri and Dhekelia,OWID_AKD,2016,13.5
Akrotiri and Dhekelia,OWID_AKD,2017,14.4
Akrotiri and Dhekelia,OWID_AKD,2018,13.7
Akrotiri and Dhekelia,OWID_AKD,2019,14.2
Akrotiri and Dhekelia,OWID_AKD,2020,13
Akrotiri and Dhekelia,OWID_AKD,2021,12.9
Akrotiri and Dhekelia,OWID_AKD,2022,14.3
Akrotiri and Dhekelia,OWID_AKD,2023,14.5
Akrotiri and Dhekelia,OWID_AKD,2024,15.1
Aland Islands,ALA,1998,7.3
Aland Islands,ALA,1999,7.5
Aland Islands,ALA,2000,6.2
Aland Islands,ALA,2001,5.8
Aland Islands,ALA,2002,6.6
Aland Islands,ALA,2003,6.6
Aland Islands,ALA,2004,6.6
Aland Islands,ALA,2005,6.8
Aland Islands,ALA,2006,7.5
Aland Islands,ALA,2007,6.1
Aland Islands,ALA,2008,6.9
Aland Islands,ALA,2009,5.9
Aland Islands,ALA,2010,6.4
Aland Islands,ALA,2011,5.9
Aland Islands,ALA,2012,5.8
Aland Islands,ALA,2013,5.4
Aland Islands,ALA,2014,6.9
Aland Islands,ALA,2015,4.7
Aland Islands,ALA,2016,4.3
Aland Islands,ALA,2017,3.7
Aland Islands,ALA,2018,5.2
Aland Islands,ALA,2019,4.9
Aland Islands,ALA,2020,4.6
Aland Islands,ALA,2021,4.5
Aland Islands,ALA,2022,4
Aland Islands,ALA,2023,4
Aland Islands,ALA,2024,4.3
Albania,ALB,1998,18.7
Albania,ALB,1999,17.9
Albania,ALB,2000,19.9
Albania,ALB,2001,18.6
Albania,ALB,2002,19.4
Albania,ALB,2003,20.8
Albania,ALB,2004,19.1
Albania,ALB,2005,18.5
Albania,ALB,2006,19.9
Albania,ALB,2007,20.5
Albania,ALB,2008,19.1
Albania,ALB,2009,18.5
Albania,ALB,2010,18
Albania,ALB,2011,21.6
Albania,ALB,2012,18.2
Albania,ALB,2013,17.3
Albania,ALB,2014,16.5
Albania,ALB,2015,18.6
Albania,ALB,2016,16.4
Albania,ALB,2017,17.6
Albania,ALB,2018,17.3
Albania,ALB,2019,16.4
Albania,ALB,2020,15.6
Albania,ALB,2021,14.5
Albania,ALB,2022,15.6
Albania,ALB,2023,15.7
Albania,ALB,2024,16.9
Algeria,DZA,1998,12.3
Algeria,DZA,1999,13.1
Algeria,DZA,2000,12.9
Algeria,DZA,2001,13
Algeria,DZA,2002,13.4
Algeria,DZA,2003,14.4
Algeria,DZA,2004,13.4
Algeria,DZA,2005,13.6
Algeria,DZA,2006,13.6
Algeria,DZA,2007,15.1
Algeria,DZA,2008,14
Algeria,DZA,2009,14.4
Algeria,DZA,2010,13.6
Algeria,DZA,2011,13.5
Algeria,DZA,2012,13.3
Algeria,DZA,2013,12.3
Algeria,DZA,2014,12.6
Algeria,DZA,2015,13.4
Algeria,DZA,2016,13.6
Algeria,DZA,2017,13.3
Algeria,DZA,2018,13.5
Algeria,DZA,2019,12.9
Algeria,DZA,2020,12.5
Algeria,DZA,2021,13.3
Algeria,DZA,2022,14.8
Algeria,DZA,2023,13.8
Algeria,DZA,2024,14.4
American Samoa,ASM,1998,3.1
American Samoa,ASM,1999,2.4
American Samoa,ASM,2000,3.2
American Samoa,ASM,2001,3.4
American Samoa,ASM,2002,3.2
American Samoa,ASM,2003,3.4
American Samoa,ASM,2004,3.4
American Samoa,ASM,2005,3.7
American Samoa,ASM,2006,3.9
American Samoa,ASM,2007,3.8
American Samoa,ASM,2008,3.4
American Samoa,ASM,2009,3.5
American Samoa,ASM,2010,3.7
American Samoa,ASM,2011,3.4
American Samoa,ASM,2012,3.3
American Samoa,ASM,2013,3.4
American Samoa,ASM,2014,3.6
American Samoa,ASM,2015,4.2
American Samoa,ASM,2016,3.8
American Samoa,ASM,2017,4
American Samoa,ASM,2018,4
American Samoa,ASM,2019,3.8
American Samoa,ASM,2020,3.5
American Samoa,ASM,2021,2.9
American Samoa,ASM,2022,4.1
American Samoa,ASM,2023,4
American Samoa,ASM,2024,3.8
Andorra,AND,1998,10.3
Andorra,AND,1999,9.7
Andorra,AND,2000,11.5
Andorra,AND,2001,11
Andorra,AND,2002,11
Andorra,AND,2003,11.8
Andorra,AND,2004,11.1
Andorra,AND,2005,10.5
Andorra,AND,2006,10.7
Andorra,AND,2007,10.5
Andorra,AND,2008,9.3
Andorra,AND,2009,10.3
Andorra,AND,2010,9.7
Andorra,AND,2011,10.6
Andorra,AND,2012,10.2
Andorra,AND,2013,9.2
Andorra,AND,2014,8.8
Andorra,AND,2015,9.5
Andorra,AND,2016,9
Andorra,AND,2017,9.2
Andorra,AND,2018,9.2
Andorra,AND,2019,8.8
Andorra,AND,2020,8
Andorra,AND,2021,9.2
Andorra,AND,2022,9.8
Andorra,AND,2023,9.6
Andorra,AND,2024,8.7
Angola,AGO,1998,18.2
Angola,AGO,1999,16.1
Angola,AGO,2000,18.8
Angola,AGO,2001,23.7
Angola,AGO,2002,21.1
Angola,AGO,2003,20.1
Angola,AGO,2004,21.3
Angola,AGO,2005,24
Angola,AGO,2006,19.3
Angola,AGO,2007,22.3
Angola,AGO,2008,23
Angola,AGO,2009,21.4
Angola,AGO,2010,26
Angola,AGO,2011,24.4
Angola,AGO,2012,22.2
Angola,AGO,2013,22.1
Angola,AGO,2014,19.8
Angola,AGO,2015,21
Angola,AGO,2016,20.4
Angola,AGO,2017,18.3
Angola,AGO,2018,19.7
Angola,AGO,2019,21.1
Angola,AGO,2020,19.1
Angola,AGO,2021,18.7
Angola,AGO,2022,23.6
Angola,AGO,2023,23.6
Angola,AGO,2024,26.1
Anguilla,AIA,1998,8.3
Anguilla,AIA,1999,8.6
Anguilla,AIA,2000,8.3
Anguilla,AIA,2001,8.4
Anguilla,AIA,2002,8.4
Anguilla,AIA,2003,6.8
Anguilla,AIA,2004,5.9
Anguilla,AIA,2005,6.6
Anguilla,AIA,2006,6.8
Anguilla,AIA,2007,6.7
Anguilla,AIA,2008,6.1
Anguilla,AIA,2009,6.4
Anguilla,AIA,2010,7.5
Anguilla,AIA,2011,5.9
Anguilla,AIA,2012,6.9
Anguilla,AIA,2013,5.4
Anguilla,AIA,2014,6.3
Anguilla,AIA,2015,6.5
Anguilla,AIA,2016,6.5
Anguilla,AIA,2017,6.8
Anguilla,AIA,2018,6.8
Anguilla,AIA,2019,6.5
Anguilla,AIA,2020,6.2
Anguilla,AIA,2021,6.3
Anguilla,AIA,2022,5.6
Anguilla,AIA,2023,6.5
Anguilla,AIA,2024,6.1
Antigua and Barbuda,ATG,1998,8.8
Antigua and Barbuda,ATG,1999,9.3
Antigua and Barbuda,ATG,2000,8.6
Antigua and Barbuda,ATG,2001,9
Antigua and Barbuda,ATG,2002,8.5
Antigua and Barbuda,ATG,2003,7.9
Antigua and Barbuda,ATG,2004,7.6
Antigua and Barbuda,ATG,2005,8.2
Antigua and Barbuda,ATG,2006,8.4
Antigua and Barbuda,ATG,2007,8.6
Antigua and Barbuda,ATG,2008,7.6
Antigua and Barbuda,ATG,2009,8.9
Antigua and Barbuda,ATG,2010,8.7
Antigua and Barbuda,ATG,2011,7.8
Antigua and Barbuda,ATG,2012,8.5
Antigua and Barbuda,ATG,2013,7
Antigua and Barbuda,ATG,2014,7.5
Antigua and Barbuda,ATG,2015,8.8
Antigua and Barbuda,ATG,2016,8.6
Antigua and Barbuda,ATG,2017,8.5
Antigua and Barbuda,ATG,2018,8.3
Antigua and Barbuda,ATG,2019,7.9
Antigua and Barbuda,ATG,2020,7.5
Antigua and Barbuda,ATG,2021,8.1
Antigua and Barbuda,ATG,2022,7.3
Antigua and Barbuda,ATG,2023,8
Antigua and Barbuda,ATG,2024,7.8
Argentina,ARG,1998,13.7
Argentina,ARG,1999,15.1
Argentina,ARG,2000,15
Argentina,ARG,2001,15.4
Argentina,ARG,2002,15.5
Argentina,ARG,2003,15.2
Argentina,ARG,2004,14.9
Argentina,ARG,2005,14.5
Argentina,ARG,2006,15.2
Argentina,ARG,2007,16.1
Argentina,ARG,2008,15.8
Argentina,ARG,2009,14.8
Argentina,ARG,2010,14.4
Argentina,ARG,2011,15.2
Argentina,ARG,2012,14.5
Argentina,ARG,2013,14.4
Argentina,ARG,2014,14
Argentina,ARG,2015,15.2
Argentina,ARG,2016,14.5
Argentina,ARG,2017,13.8
Argentina,ARG,2018,13.7
Argentina,ARG,2019,14.3
Argentina,ARG,2020,15.3
Argentina,ARG,2021,13.9
Argentina,ARG,2022,15.2
Argentina,ARG,2023,14.6
Argentina,ARG,2024,14.5
Armenia,ARM,1998,22.3
Armenia,ARM,1999,22.5
Armenia,ARM,2000,25.3
Armenia,ARM,2001,24.8
Armenia,ARM,2002,25.9
Armenia,ARM,2003,25.6
Armenia,ARM,2004,25.9
Armenia,ARM,2005,27.3
Armenia,ARM,2006,25.7
Armenia,ARM,2007,25.2
Armenia,ARM,2008,30.2
Armenia,ARM,2009,26.6
Armenia,ARM,2010,30.1
Armenia,ARM,2011,26.4
Armenia,ARM,2012,27.1
Armenia,ARM,2013,27.8
Armenia,ARM,2014,29.9
Armenia,ARM,2015,29.5
Armenia,ARM,2016,27.3
Armenia,ARM,2017,29.6
Armenia,ARM,2018,27.7
Armenia,ARM,2019,31.1
Armenia,ARM,2020,28.5
Armenia,ARM,2021,31.8
Armenia,ARM,2022,28.6
Armenia,ARM,2023,29.1
Armenia,ARM,2024,31.8
Aruba,ABW,1998,9.7
Aruba,ABW,1999,10.2
Aruba,ABW,2000,9.3
Aruba,ABW,2001,9.3
Aruba,ABW,2002,9.5
Aruba,ABW,2003,9.9
Aruba,ABW,2004,9.1
Aruba,ABW,2005,10
Aruba,ABW,2006,9.6
Aruba,ABW,2007,10.6
Aruba,ABW,2008,9.8
Aruba,ABW,2009,10.1
Aruba,ABW,2010,11.4
Aruba,ABW,2011,10.6
Aruba,ABW,2012,10.5
Aruba,ABW,2013,9.9
Aruba,ABW,2014,9.3
Aruba,ABW,2015,10.6
Aruba,ABW,2016,10.9
Aruba,ABW,2017,11
Aruba,ABW,2018,10.5
Aruba,ABW,2019,11
Aruba,ABW,2020,10.6
Aruba,ABW,2021,10.3
Aruba,ABW,2022,9.9
Aruba,ABW,2023,10
Aruba,ABW,2024,10.9
Asia,OWID_ASI,1998,27.50536
Asia,OWID_ASI,1999,27.338274
Asia,OWID_ASI,2000,31.769949
Asia,OWID_ASI,2001,33.192738
Asia,OWID_ASI,2002,34.223473
Asia,OWID_ASI,2003,36.7178
Asia,OWID_ASI,2004,36.707283
Asia,OWID_ASI,2005,37.605827
Asia,OWID_ASI,2006,40.103912
Asia,OWID_ASI,2007,40.69942
Asia,OWID_ASI,2008,41.672497
Asia,OWID_ASI,2009,41.332035
Asia,OWID_ASI,2010,41.045864
Asia,OWID_ASI,2011,43.787495
Asia,OWID_ASI,2012,42.022873
Asia,OWID_ASI,2013,42.86141
Asia,OWID_ASI,2014,44.34421
Asia,OWID_ASI,2015,45.471752
Asia,OWID_ASI,2016,44.51565
Asia,OWID_ASI,2017,43.111267
Asia,OWID_ASI,2018,42.1402
Asia,OWID_ASI,2019,40.257034
Asia,OWID_ASI,2020,36.92353
Asia,OWID_ASI,2021,37.991783
Asia,OWID_ASI,2022,36.848873
Asia,OWID_ASI,2023,36.927677
Asia,OWID_ASI,2024,35.794952
Australia,AUS,1998,5.1
Australia,AUS,1999,5.2
Australia,AUS,2000,5.3
Australia,AUS,2001,5.6
Australia,AUS,2002,6.1
Australia,AUS,2003,6.8
Australia,AUS,2004,5.2
Australia,AUS,2005,5
Australia,AUS,2006,6.1
Australia,AUS,2007,5.2
Australia,AUS,2008,4.8
Australia,AUS,2009,6.2
Australia,AUS,2010,4.8
Australia,AUS,2011,5
Australia,AUS,2012,5.2
Australia,AUS,2013,5.7
Australia,AUS,2014,6
Australia,AUS,2015,5.8
Australia,AUS,2016,5.7
Australia,AUS,2017,5.8
Australia,AUS,2018,5.9
Australia,AUS,2019,9
Australia,AUS,2020,6.7
Australia,AUS,2021,5.3
Australia,AUS,2022,5.1
Australia,AUS,2023,5.5
Australia,AUS,2024,5.4
Austria,AUT,1998,16.5
Austria,AUT,1999,16.5
Austria,AUT,2000,16.1
Austria,AUT,2001,16.4
Austria,AUT,2002,18.3
Austria,AUT,2003,18.1
Austria,AUT,2004,16.3
Austria,AUT,2005,18.8
Austria,AUT,2006,19.6
Austria,AUT,2007,14.6
Austria,AUT,2008,14.7
Austria,AUT,2009,15.6
Austria,AUT,2010,16.3
Austria,AUT,2011,16.8
Austria,AUT,2012,14.6
Austria,AUT,2013,15.7
Austria,AUT,2014,13.8
Austria,AUT,2015,13.7
Austria,AUT,2016,13
Austria,AUT,2017,13
Austria,AUT,2018,14.1
Austria,AUT,2019,11.3
Austria,AUT,2020,10.2
Austria,AUT,2021,10.6
Austria,AUT,2022,10.3
Austria,AUT,2023,9.5
Austria,AUT,2024,10.3
Azerbaijan,AZE,1998,24.5
Azerbaijan,AZE,1999,25.1
Azerbaijan,AZE,2000,24.2
Azerbaijan,AZE,2001,23.4
Azerbaijan,AZE,2002,21.9
Azerbaijan,AZE,2003,23
Azerbaijan,AZE,2004,21.3
Azerbaijan,AZE,2005,23.1
Azerbaijan,AZE,2006,22.5
Azerbaijan,AZE,2007,23.1
Azerbaijan,AZE,2008,25.8
Azerbaijan,AZE,2009,24.5
Azerbaijan,AZE,2010,26.2
Azerbaijan,AZE,2011,21.9
Azerbaijan,AZE,2012,23.9
Azerbaijan,AZE,2013,23.6
Azerbaijan,AZE,2014,25.4
Azerbaijan,AZE,2015,22.4
Azerbaijan,AZE,2016,21.2
Azerbaijan,AZE,2017,23.3
Azerbaijan,AZE,2018,22
Azerbaijan,AZE,2019,22
Azerbaijan,AZE,2020,22.9
Azerbaijan,AZE,2021,24.8
Azerbaijan,AZE,2022,22
Azerbaijan,AZE,2023,21.4
Azerbaijan,AZE,2024,23.7
Bahamas,BHS,1998,8.6
Bahamas,BHS,1999,7.1
Bahamas,BHS,2000,6.4
Bahamas,BHS,2001,6
Bahamas,BHS,2002,5.7
Bahamas,BHS,2003,5.8
Bahamas,BHS,2004,5.9
Bahamas,BHS,2005,6
Bahamas,BHS,2006,6.3
Bahamas,BHS,2007,5.7
Bahamas,BHS,2008,5.2
Bahamas,BHS,2009,5.2
Bahamas,BHS,2010,5.3
Bahamas,BHS,2011,5.7
Bahamas,BHS,2012,5.7
Bahamas,BHS,2013,4.6
Bahamas,BHS,2014,4.8
Bahamas,BHS,2015,4.6
Bahamas,BHS,2016,5.2
Bahamas,BHS,2017,5.5
Bahamas,BHS,2018,4.8
Bahamas,BHS,2019,4.6
Bahamas,BHS,2020,4.4
Bahamas,BHS,2021,4.9
Bahamas,BHS,2022,4.6
Bahamas,BHS,2023,5.5
Bahamas,BHS,2024,5.2
Bahrain,BHR,1998,44.3
Bahrain,BHR,1999,49.3
Bahrain,BHR,2000,50.9
Bahrain,BHR,2001,48
Bahrain,BHR,2002,46.2
Bahrain,BHR,2003,54.2
Bahrain,BHR,2004,48.4
Bahrain,BHR,2005,48.2
Bahrain,BHR,2006,48.9
Bahrain,BHR,2007,48.4
Bahrain,BHR,2008,51.8
Bahrain,BHR,2009,55.4
Bahrain,BHR,2010,53.3
Bahrain,BHR,2011,50.7
Bahrain,BHR,2012,52.2
Bahrain,BHR,2013,50.2
Bahrain,BHR,2014,47.9
Bahrain,BHR,2015,54
Bahrain,BHR,2016,51
Bahrain,BHR,2017,55.6
Bahrain,BHR,2018,59.8
Bahrain,BHR,2019,54.2
Bahrain,BHR,2020,48.8
Bahrain,BHR,2021,53.1
Bahrain,BHR,2022,59.5
Bahrain,BHR,2023,50.3
Bahrain,BHR,2024,48.1
Bangladesh,BGD,1998,43
Bangladesh,BGD,1999,44.7
Bangladesh,BGD,2000,50.5
Bangladesh,BGD,2001,52
Bangladesh,BGD,2002,51.5
Bangladesh,BGD,2003,53.7
Bangladesh,BGD,2004,53.2
Bangladesh,BGD,2005,56.7
Bangladesh,BGD,2006,62.2
Bangladesh,BGD,2007,60
Bangladesh,BGD,2008,62.7
Bangladesh,BGD,2009,68.9
Bangladesh,BGD,2010,66.3
Bangladesh,BGD,2011,67.7
Bangladesh,BGD,2012,71.9
Bangladesh,BGD,2013,65.2
Bangladesh,BGD,2014,69.2
Bangladesh,BGD,2015,68.1
Bangladesh,BGD,2016,65.2
Bangladesh,BGD,2017,65.2
Bangladesh,BGD,2018,80
Bangladesh,BGD,2019,68.5
Bangladesh,BGD,2020,71.8
Bangladesh,BGD,2021,73.4
Bangladesh,BGD,2022,63.5
Bangladesh,BGD,2023,69.3
Bangladesh,BGD,2024,65
Barbados,BRB,1998,10.3
Barbados,BRB,1999,10.9
Barbados,BRB,2000,10.8
Barbados,BRB,2001,10.9
Barbados,BRB,2002,10.9
Barbados,BRB,2003,10.9
Barbados,BRB,2004,9.8
Barbados,BRB,2005,10.5
Barbados,BRB,2006,10.3
Barbados,BRB,2007,11.7
Barbados,BRB,2008,9.7
Barbados,BRB,2009,11.7
Barbados,BRB,2010,11.4
Barbados,BRB,2011,10.3
Barbados,BRB,2012,11.4
Barbados,BRB,2013,9.7
Barbados,BRB,2014,9.6
Barbados,BRB,2015,11.8
Barbados,BRB,2016,10.6
Barbados,BRB,2017,12.4
Barbados,BRB,2018,10.7
Barbados,BRB,2019,10
Barbados,BRB,2020,11.2
Barbados,BRB,2021,11.4
Barbados,BRB,2022,10.4
Barbados,BRB,2023,10.3
Barbados,BRB,2024,11.2
Belarus,BLR,1998,19
Belarus,BLR,1999,19.6
Belarus,BLR,2000,18
Belarus,BLR,2001,18
Belarus,BLR,2002,21.8
Belarus,BLR,2003,17.3
Belarus,BLR,2004,17.6
Belarus,BLR,2005,18
Belarus,BLR,2006,17.9
Belarus,BLR,2007,17
Belarus,BLR,2008,17.9
Belarus,BLR,2009,19.5
Belarus,BLR,2010,21.3
Belarus,BLR,2011,18.5
Belarus,BLR,2012,16.6
Belarus,BLR,2013,15.7
Belarus,BLR,2014,17.8
Belarus,BLR,2015,15
Belarus,BLR,2016,13.2
Belarus,BLR,2017,13.5
Belarus,BLR,2018,13.4
Belarus,BLR,2019,12.8
Belarus,BLR,2020,12
Belarus,BLR,2021,12.8
Belarus,BLR,2022,11.3
Belarus,BLR,2023,12.3
Belarus,BLR,2024,12.9
Belgium,BEL,1998,16.3
Belgium,BEL,1999,15.1
Belgium,BEL,2000,14.9
Belgium,BEL,2001,14.2
Belgium,BEL,2002,14.5
Belgium,BEL,2003,17
Belgium,BEL,2004,14.8
Belgium,BEL,2005,14.1
Belgium,BEL,2006,16
Belgium,BEL,2007,17.2
Belgium,BEL,2008,16.3
Belgium,BEL,2009,17
Belgium,BEL,2010,16.5
Belgium,BEL,2011,16.3
Belgium,BEL,2012,14.7
Belgium,BEL,2013,15.5
Belgium,BEL,2014,12.9
Belgium,BEL,2015,12.4
Belgium,BEL,2016,12.1
Belgium,BEL,2017,11.7
Belgium,BEL,2018,12.1
Belgium,BEL,2019,10.4
Belgium,BEL,2020,8.9
Belgium,BEL,2021,10.3
Belgium,BEL,2022,9.9
Belgium,BEL,2023,8.8
Belgium,BEL,2024,9.3
Belize,BLZ,1998,14.4
Belize,BLZ,1999,11
Belize,BLZ,2000,12.7
Belize,BLZ,2001,13
Belize,BLZ,2002,11.9
Belize,BLZ,2003,14.8
Belize,BLZ,2004,11.5
Belize,BLZ,2005,13.9
Belize,BLZ,2006,12.4
Belize,BLZ,2007,12.7
Belize,BLZ,2008,11.2
Belize,BLZ,2009,11.2
Belize,BLZ,2010,11.1
Belize,BLZ,2011,13.3
Belize,BLZ,2012,10.4
Belize,BLZ,2013,12.9
Belize,BLZ,2014,12.2
Belize,BLZ,2015,12.1
Belize,BLZ,2016,10.9
Belize,BLZ,2017,10.7
Belize,BLZ,2018,11.3
Belize,BLZ,2019,11.2
Belize,BLZ,2020,13.3
Belize,BLZ,2021,11.1
Belize,BLZ,2022,11.2
Belize,BLZ,2023,12.2
Belize,BLZ,2024,14.4
Benin,BEN,1998,33.5
Benin,BEN,1999,29.1
Benin,BEN,2000,35
Benin,BEN,2001,32.7
Benin,BEN,2002,35.6
Benin,BEN,2003,32.4
Benin,BEN,2004,36.4
Benin,BEN,2005,36.8
Benin,BEN,2006,35.1
Benin,BEN,2007,38.7
Benin,BEN,2008,40.9
Benin,BEN,2009,34.6
Benin,BEN,2010,34.3
Benin,BEN,2011,35.8
Benin,BEN,2012,33.7
Benin,BEN,2013,32.4
Benin,BEN,2014,31.5
Benin,BEN,2015,39.2
Benin,BEN,2016,36.6
Benin,BEN,2017,37.2
Benin,BEN,2018,33.6
Benin,BEN,2019,33.4
Benin,BEN,2020,33.9
Benin,BEN,2021,34.2
Benin,BEN,2022,35.6
Benin,BEN,2023,33.6
Benin,BEN,2024,35.3
Bermuda,BMU,1998,7.9
Bermuda,BMU,1999,7
Bermuda,BMU,2000,7.6
Bermuda,BMU,2001,7.2
Bermuda,BMU,2002,6.4
Bermuda,BMU,2003,6.6
Bermuda,BMU,2004,6.2
Bermuda,BMU,2005,6.7
Bermuda,BMU,2006,6.2
Bermuda,BMU,2007,6.9
Bermuda,BMU,2008,6
Bermuda,BMU,2009,5.4
Bermuda,BMU,2010,5.4
Bermuda,BMU,2011,6
Bermuda,BMU,2012,5.5
Bermuda,BMU,2013,4.7
Bermuda,BMU,2014,5.2
Bermuda,BMU,2015,5.4
Bermuda,BMU,2016,5.5
Bermuda,BMU,2017,4.8
Bermuda,BMU,2018,4.3
Bermuda,BMU,2019,4.4
Bermuda,BMU,2020,4.4
Bermuda,BMU,2021,4.5
Bermuda,BMU,2022,4.1
Bermuda,BMU,2023,5.8
Bermuda,BMU,2024,3.9
Bhutan,BTN,1998,16.6
Bhutan,BTN,1999,17
Bhutan,BTN,2000,23.1
Bhutan,BTN,2001,26.3
Bhutan,BTN,2002,26.2
Bhutan,BTN,2003,26
Bhutan,BTN,2004,26
Bhutan,BTN,2005,27.3
Bhutan,BTN,2006,29.1
Bhutan,BTN,2007,27.6
Bhutan,BTN,2008,29.4
Bhutan,BTN,2009,34.5
Bhutan,BTN,2010,27.6
Bhutan,BTN,2011,29.6
Bhutan,BTN,2012,31.4
Bhutan,BTN,2013,26.5
Bhutan,BTN,2014,30.6
Bhutan,BTN,2015,30.9
Bhutan,BTN,2016,29.2
Bhutan,BTN,2017,29.5
Bhutan,BTN,2018,32
Bhutan,BTN,2019,30
Bhutan,BTN,2020,29.5
Bhutan,BTN,2021,30.8
Bhutan,BTN,2022,23.7
Bhutan,BTN,2023,24.6
Bhutan,BTN,2024,24.7
Bolivia,BOL,1998,24.1
Bolivia,BOL,1999,24.3
Bolivia,BOL,2000,24.7
Bolivia,BOL,2001,24.2
Bolivia,BOL,2002,26.4
Bolivia,BOL,2003,26.2
Bolivia,BOL,2004,30.8
Bolivia,BOL,2005,30.1
Bolivia,BOL,2006,25.8
Bolivia,BOL,2007,31.2
Bolivia,BOL,2008,25.8
Bolivia,BOL,2009,24.2
Bolivia,BOL,2010,34.5
Bolivia,BOL,2011,26.9
Bolivia,BOL,2012,25.1
Bolivia,BOL,2013,23.6
Bolivia,BOL,2014,24.7
Bolivia,BOL,2015,25.2
Bolivia,BOL,2016,26.8
Bolivia,BOL,2017,26.3
Bolivia,BOL,2018,24.4
Bolivia,BOL,2019,26.3
Bolivia,BOL,2020,28.8
Bolivia,BOL,2021,26.7
Bolivia,BOL,2022,28.6
Bolivia,BOL,2023,29.8
Bolivia,BOL,2024,40.6
Bonaire Sint Eustatius and Saba,BES,1998,10.2
Bonaire Sint Eustatius and Saba,BES,1999,10
Bonaire Sint Eustatius and Saba,BES,2000,9.6
Bonaire Sint Eustatius and Saba,BES,2001,9.4
Bonaire Sint Eustatius and Saba,BES,2002,9.6
Bonaire Sint Eustatius and Saba,BES,2003,9.9
Bonaire Sint Eustatius and Saba,BES,2004,8.6
Bonaire Sint Eustatius and Saba,BES,2005,9.3
Bonaire Sint Eustatius and Saba,BES,2006,9.7
Bonaire Sint Eustatius and Saba,BES,2007,10.2
Bonaire Sint Eustatius and Saba,BES,2008,8.9
Bonaire Sint Eustatius and Saba,BES,2009,9.6
Bonaire Sint Eustatius and Saba,BES,2010,10.6
Bonaire Sint Eustatius and Saba,BES,2011,9.2
Bonaire Sint Eustatius and Saba,BES,2012,9.9
Bonaire Sint Eustatius and Saba,BES,2013,9
Bonaire Sint Eustatius and Saba,BES,2014,9.1
Bonaire Sint Eustatius and Saba,BES,2015,10.2
Bonaire Sint Eustatius and Saba,BES,2016,10.6
Bonaire Sint Eustatius and Saba,BES,2017,10.4
Bonaire Sint Eustatius and Saba,BES,2018,9.8
Bonaire Sint Eustatius and Saba,BES,2019,9.8
Bonaire Sint Eustatius and Saba,BES,2020,9.9
Bonaire Sint Eustatius and Saba,BES,2021,9.3
Bonaire Sint Eustatius and Saba,BES,2022,9.2
Bonaire Sint Eustatius and Saba,BES,2023,9.6
Bonaire Sint Eustatius and Saba,BES,2024,9.9
Bosnia and Herzegovina,BIH,1998,28.2
Bosnia and Herzegovina,BIH,1999,27.1
Bosnia and Herzegovina,BIH,2000,28.8
Bosnia and Herzegovina,BIH,2001,28.1
Bosnia and Herzegovina,BIH,2002,30
Bosnia and Herzegovina,BIH,2003,30.5
Bosnia and Herzegovina,BIH,2004,28.7
Bosnia and Herzegovina,BIH,2005,30
Bosnia and Herzegovina,BIH,2006,29.7
Bosnia and Herzegovina,BIH,2007,28.6
Bosnia and Herzegovina,BIH,2008,28.5
Bosnia and Herzegovina,BIH,2009,29.4
Bosnia and Herzegovina,BIH,2010,30.6
Bosnia and Herzegovina,BIH,2011,33
Bosnia and Herzegovina,BIH,2012,30.3
Bosnia and Herzegovina,BIH,2013,28.6
Bosnia and Herzegovina,BIH,2014,27.1
Bosnia and Herzegovina,BIH,2015,29.7
Bosnia and Herzegovina,BIH,2016,28.9
Bosnia and Herzegovina,BIH,2017,28.5
Bosnia and Herzegovina,BIH,2018,28.6
Bosnia and Herzegovina,BIH,2019,25
Bosnia and Herzegovina,BIH,2020,25.2
Bosnia and Herzegovina,BIH,2021,23.3
Bosnia and Herzegovina,BIH,2022,23.7
Bosnia and Herzegovina,BIH,2023,22.2
Bosnia and Herzegovina,BIH,2024,25.2
Botswana,BWA,1998,14.9
Botswana,BWA,1999,14.6
Botswana,BWA,2000,13.6
Botswana,BWA,2001,14.7
Botswana,BWA,2002,14.5
Botswana,BWA,2003,14.2
Botswana,BWA,2004,13.2
Botswana,BWA,2005,15.7
Botswana,BWA,2006,11.8
Botswana,BWA,2007,14.1
Botswana,BWA,2008,15.4
Botswana,BWA,2009,13.6
Botswana,BWA,2010,15.9
Botswana,BWA,2011,12.9
Botswana,BWA,2012,15.2
Botswana,BWA,2013,14.4
Botswana,BWA,2014,12.7
Botswana,BWA,2015,14.8
Botswana,BWA,2016,13.1
Botswana,BWA,2017,13.3
Botswana,BWA,2018,14.2
Botswana,BWA,2019,13.4
Botswana,BWA,2020,11.4
Botswana,BWA,2021,12.7
Botswana,BWA,2022,14
Botswana,BWA,2023,15.9
Botswana,BWA,2024,16.7
Brazil,BRA,1998,10.5
Brazil,BRA,1999,9.7
Brazil,BRA,2000,11.6
Brazil,BRA,2001,12.2
Brazil,BRA,2002,13
Brazil,BRA,2003,12.9
Brazil,BRA,2004,13.1
Brazil,BRA,2005,13.2
Brazil,BRA,2006,12.7
Brazil,BRA,2007,13.9
Brazil,BRA,2008,13.2
Brazil,BRA,2009,13.4
Brazil,BRA,2010,13.5
Brazil,BRA,2011,12.9
Brazil,BRA,2012,12.9
Brazil,BRA,2013,12.6
Brazil,BRA,2014,12.4
Brazil,BRA,2015,13.4
Brazil,BRA,2016,13.1
Brazil,BRA,2017,13.4
Brazil,BRA,2018,12.8
Brazil,BRA,2019,13.5
Brazil,BRA,2020,13.3
Brazil,BRA,2021,13.3
Brazil,BRA,2022,14.1
Brazil,BRA,2023,13.9
Brazil,BRA,2024,15.3
British Virgin Islands,VGB,1998,6.8
British Virgin Islands,VGB,1999,7.5
British Virgin Islands,VGB,2000,6.7
British Virgin Islands,VGB,2001,6.8
British Virgin Islands,VGB,2002,6.7
British Virgin Islands,VGB,2003,5.7
British Virgin Islands,VGB,2004,5.1
British Virgin Islands,VGB,2005,5.7
British Virgin Islands,VGB,2006,6
British Virgin Islands,VGB,2007,5.8
British Virgin Islands,VGB,2008,5
British Virgin Islands,VGB,2009,5.4
British Virgin Islands,VGB,2010,6.3
British Virgin Islands,VGB,2011,4.8
British Virgin Islands,VGB,2012,5.9
British Virgin Islands,VGB,2013,5
British Virgin Islands,VGB,2014,5.1
British Virgin Islands,VGB,2015,5.6
British Virgin Islands,VGB,2016,5.5
British Virgin Islands,VGB,2017,6.6
British Virgin Islands,VGB,2018,6
British Virgin Islands,VGB,2019,5.4
British Virgin Islands,VGB,2020,5.5
British Virgin Islands,VGB,2021,5.7
British Virgin Islands,VGB,2022,4.9
British Virgin Islands,VGB,2023,5.7
British Virgin Islands,VGB,2024,5.7
Brunei,BRN,1998,13
Brunei,BRN,1999,5.9
Brunei,BRN,2000,6.5
Brunei,BRN,2001,6.4
Brunei,BRN,2002,10.8
Brunei,BRN,2003,8.4
Brunei,BRN,2004,9.9
Brunei,BRN,2005,8.8
Brunei,BRN,2006,11.7
Brunei,BRN,2007,7.5
Brunei,BRN,2008,6.7
Brunei,BRN,2009,12.7
Brunei,BRN,2010,7.2
Brunei,BRN,2011,9.3
Brunei,BRN,2012,10.1
Brunei,BRN,2013,8.7
Brunei,BRN,2014,9.8
Brunei,BRN,2015,12.9
Brunei,BRN,2016,10
Brunei,BRN,2017,6.7
Brunei,BRN,2018,8.8
Brunei,BRN,2019,12.2
Brunei,BRN,2020,6.9
Brunei,BRN,2021,7.5
Brunei,BRN,2022,7.3
Brunei,BRN,2023,9.1
Brunei,BRN,2024,8.9
Bulgaria,BGR,1998,27.3
Bulgaria,BGR,1999,24.9
Bulgaria,BGR,2000,27.3
Bulgaria,BGR,2001,27.2
Bulgaria,BGR,2002,27.3
Bulgaria,BGR,2003,27.4
Bulgaria,BGR,2004,25.9
Bulgaria,BGR,2005,26.3
Bulgaria,BGR,2006,29.6
Bulgaria,BGR,2007,27.9
Bulgaria,BGR,2008,28.3
Bulgaria,BGR,2009,25.5
Bulgaria,BGR,2010,24.5
Bulgaria,BGR,2011,31.1
Bulgaria,BGR,2012,26.3
Bulgaria,BGR,2013,23.9
Bulgaria,BGR,2014,24.3
Bulgaria,BGR,2015,22.2
Bulgaria,BGR,2016,21.5
Bulgaria,BGR,2017,22.1
Bulgaria,BGR,2018,22.2
Bulgaria,BGR,2019,21
Bulgaria,BGR,2020,18.2
Bulgaria,BGR,2021,16.9
Bulgaria,BGR,2022,18.2
Bulgaria,BGR,2023,17.5
Bulgaria,BGR,2024,20.6
Burkina Faso,BFA,1998,35.2
Burkina Faso,BFA,1999,33.2
Burkina Faso,BFA,2000,39.3
Burkina Faso,BFA,2001,36.8
Burkina Faso,BFA,2002,39.2
Burkina Faso,BFA,2003,37.7
Burkina Faso,BFA,2004,41.7
Burkina Faso,BFA,2005,39.7
Burkina Faso,BFA,2006,35.8
Burkina Faso,BFA,2007,41.2
Burkina Faso,BFA,2008,40.1
Burkina Faso,BFA,2009,39.3
Burkina Faso,BFA,2010,39.7
Burkina Faso,BFA,2011,40.1
Burkina Faso,BFA,2012,39.1
Burkina Faso,BFA,2013,36.1
Burkina Faso,BFA,2014,36.6
Burkina Faso,BFA,2015,39.2
Burkina Faso,BFA,2016,37.4
Burkina Faso,BFA,2017,37.2
Burkina Faso,BFA,2018,34.4
Burkina Faso,BFA,2019,35.8
Burkina Faso,BFA,2020,33.7
Burkina Faso,BFA,2021,33.9
Burkina Faso,BFA,2022,36.1
Burkina Faso,BFA,2023,32
Burkina Faso,BFA,2024,34.6
Burundi,BDI,1998,29
Burundi,BDI,1999,21.7
Burundi,BDI,2000,36.8
Burundi,BDI,2001,42.1
Burundi,BDI,2002,36.1
Burundi,BDI,2003,33.7
Burundi,BDI,2004,39.3
Burundi,BDI,2005,37.2
Burundi,BDI,2006,30.8
Burundi,BDI,2007,38.4
Burundi,BDI,2008,37.1
Burundi,BDI,2009,33.2
Burundi,BDI,2010,39
Burundi,BDI,2011,40.1
Burundi,BDI,2012,44.1
Burundi,BDI,2013,42.5
Burundi,BDI,2014,40.7
Burundi,BDI,2015,43.9
Burundi,BDI,2016,40
Burundi,BDI,2017,35
Burundi,BDI,2018,35.1
Burundi,BDI,2019,39.7
Burundi,BDI,2020,37.9
Burundi,BDI,2021,38.4
Burundi,BDI,2022,38.7
Burundi,BDI,2023,30.1
Burundi,BDI,2024,40.4
Cambodia,KHM,1998,14.5
Cambodia,KHM,1999,14.5
Cambodia,KHM,2000,15.9
Cambodia,KHM,2001,14.9
Cambodia,KHM,2002,16.9
Cambodia,KHM,2003,17.8
Cambodia,KHM,2004,20
Cambodia,KHM,2005,19.8
Cambodia,KHM,2006,17.7
Cambodia,KHM,2007,18.3
Cambodia,KHM,2008,18.1
Cambodia,KHM,2009,16.3
Cambodia,KHM,2010,17.5
Cambodia,KHM,2011,18.4
Cambodia,KHM,2012,15.8
Cambodia,KHM,2013,18.6
Cambodia,KHM,2014,17.7
Cambodia,KHM,2015,16.1
Cambodia,KHM,2016,16.4
Cambodia,KHM,2017,14.8
Cambodia,KHM,2018,19.5
Cambodia,KHM,2019,18.3
Cambodia,KHM,2020,19.7
Cambodia,KHM,2021,18.7
Cambodia,KHM,2022,18
Cambodia,KHM,2023,19.8
Cambodia,KHM,2024,19
Cameroon,CMR,1998,52
Cameroon,CMR,1999,46.7
Cameroon,CMR,2000,50.7
Cameroon,CMR,2001,50.7
Cameroon,CMR,2002,49.3
Cameroon,CMR,2003,48.1
Cameroon,CMR,2004,50.7
Cameroon,CMR,2005,49.9
Cameroon,CMR,2006,47.1
Cameroon,CMR,2007,48.8
Cameroon,CMR,2008,52.7
Cameroon,CMR,2009,51.2
Cameroon,CMR,2010,50.7
Cameroon,CMR,2011,49.3
Cameroon,CMR,2012,52.6
Cameroon,CMR,2013,52.5
Cameroon,CMR,2014,50.3
Cameroon,CMR,2015,54.5
Cameroon,CMR,2016,53.9
Cameroon,CMR,2017,55.2
Cameroon,CMR,2018,51.5
Cameroon,CMR,2019,51.6
Cameroon,CMR,2020,50
Cameroon,CMR,2021,49.7
Cameroon,CMR,2022,53.1
Cameroon,CMR,2023,50.9
Cameroon,CMR,2024,51.5
Canada,CAN,1998,9.3
Canada,CAN,1999,8.7
Canada,CAN,2000,8.4
Canada,CAN,2001,8.5
Canada,CAN,2002,8.6
Canada,CAN,2003,8.9
Canada,CAN,2004,8.3
Canada,CAN,2005,9.1
Canada,CAN,2006,8.2
Canada,CAN,2007,8
Canada,CAN,2008,7.8
Canada,CAN,2009,7.3
Canada,CAN,2010,6.6
Canada,CAN,2011,6.9
Canada,CAN,2012,6.9
Canada,CAN,2013,7.1
Canada,CAN,2014,7.3
Canada,CAN,2015,7.3
Canada,CAN,2016,6.1
Canada,CAN,2017,6.9
Canada,CAN,2018,7.2
Canada,CAN,2019,6.3
Canada,CAN,2020,6.1
Canada,CAN,2021,7.3
Canada,CAN,2022,6.3
Canada,CAN,2023,9.7
Canada,CAN,2024,7
Cape Verde,CPV,1998,25.6
Cape Verde,CPV,1999,23.1
Cape Verde,CPV,2000,23.1
Cape Verde,CPV,2001,19.8
Cape Verde,CPV,2002,18.5
Cape Verde,CPV,2003,19
Cape Verde,CPV,2004,16.4
Cape Verde,CPV,2005,16.7
Cape Verde,CPV,2006,14.4
Cape Verde,CPV,2007,17.7
Cape Verde,CPV,2008,19
Cape Verde,CPV,2009,12.2
Cape Verde,CPV,2010,12.6
Cape Verde,CPV,2011,17.6
Cape Verde,CPV,2012,16.4
Cape Verde,CPV,2013,13
Cape Verde,CPV,2014,12.2
Cape Verde,CPV,2015,18.5
Cape Verde,CPV,2016,16.1
Cape Verde,CPV,2017,17.6
Cape Verde,CPV,2018,12.8
Cape Verde,CPV,2019,13.4
Cape Verde,CPV,2020,15
Cape Verde,CPV,2021,14.3
Cape Verde,CPV,2022,12.9
Cape Verde,CPV,2023,14.9
Cape Verde,CPV,2024,17
Cayman Islands,CYM,1998,15.1
Cayman Islands,CYM,1999,13.8
Cayman Islands,CYM,2000,14.7
Cayman Islands,CYM,2001,14
Cayman Islands,CYM,2002,15.4
Cayman Islands,CYM,2003,16
Cayman Islands,CYM,2004,14.5
Cayman Islands,CYM,2005,15.4
Cayman Islands,CYM,2006,16
Cayman Islands,CYM,2007,16.4
Cayman Islands,CYM,2008,14.8
Cayman Islands,CYM,2009,15.2
Cayman Islands,CYM,2010,14
Cayman Islands,CYM,2011,15.1
Cayman Islands,CYM,2012,14.6
Cayman Islands,CYM,2013,14.4
Cayman Islands,CYM,2014,15
Cayman Islands,CYM,2015,15.9
Cayman Islands,CYM,2016,13.8
Cayman Islands,CYM,2017,13.8
Cayman Islands,CYM,2018,15.3
Cayman Islands,CYM,2019,15.1
Cayman Islands,CYM,2020,14.5
Cayman Islands,CYM,2021,15.3
Cayman Islands,CYM,2022,14.7
Cayman Islands,CYM,2023,16.5
Cayman Islands,CYM,2024,15
Central African Republic,CAF,1998,31.7
Central African Republic,CAF,1999,31.5
Central African Republic,CAF,2000,32.1
Central African Republic,CAF,2001,30.3
Central African Republic,CAF,2002,29.3
Central African Republic,CAF,2003,32.3
Central African Republic,CAF,2004,35.4
Central African Republic,CAF,2005,31.7
Central African Republic,CAF,2006,30.6
Central African Republic,CAF,2007,33.5
Central African Republic,CAF,2008,34.6
Central African Republic,CAF,2009,36.1
Central African Republic,CAF,2010,36.4
Central African Republic,CAF,2011,37.7
Central African Republic,CAF,2012,34.4
Central African Republic,CAF,2013,37.6
Central African Republic,CAF,2014,33.1
Central African Republic,CAF,2015,32.5
Central African Republic,CAF,2016,34.9
Central African Republic,CAF,2017,34.2
Central African Republic,CAF,2018,33
Central African Republic,CAF,2019,34
Central African Republic,CAF,2020,30.7
Central African Republic,CAF,2021,31.3
Central African Republic,CAF,2022,29.3
Central African Republic,CAF,2023,29.2
Central African Republic,CAF,2024,32.3
Chad,TCD,1998,43.2
Chad,TCD,1999,38.6
Chad,TCD,2000,39.9
Chad,TCD,2001,38.8
Chad,TCD,2002,39.4
Chad,TCD,2003,40.6
Chad,TCD,2004,43.9
Chad,TCD,2005,41.8
Chad,TCD,2006,40.2
Chad,TCD,2007,40.1
Chad,TCD,2008,40.1
Chad,TCD,2009,43.2
Chad,TCD,2010,42.8
Chad,TCD,2011,41.3
Chad,TCD,2012,39.8
Chad,TCD,2013,40.8
Chad,TCD,2014,38.8
Chad,TCD,2015,43.6
Chad,TCD,2016,42.4
Chad,TCD,2017,43
Chad,TCD,2018,39.9
Chad,TCD,2019,41.5
Chad,TCD,2020,36.4
Chad,TCD,2021,36
Chad,TCD,2022,38.7
Chad,TCD,2023,40
Chad,TCD,2024,39.2
Chile,CHL,1998,19
Chile,CHL,1999,20.4
Chile,CHL,2000,21.7
Chile,CHL,2001,21.2
Chile,CHL,2002,20.9
Chile,CHL,2003,21.2
Chile,CHL,2004,21.5
Chile,CHL,2005,21
Chile,CHL,2006,21.2
Chile,CHL,2007,21.8
Chile,CHL,2008,22.6
Chile,CHL,2009,21.4
Chile,CHL,2010,21.4
Chile,CHL,2011,23.4
Chile,CHL,2012,22
Chile,CHL,2013,21.9
Chile,CHL,2014,22.4
Chile,CHL,2015,25.4
Chile,CHL,2016,23.9
Chile,CHL,2017,22.3
Chile,CHL,2018,21.4
Chile,CHL,2019,20.3
Chile,CHL,2020,19.5
Chile,CHL,2021,22.8
Chile,CHL,2022,23.6
Chile,CHL,2023,24.4
Chile,CHL,2024,23.2
China,CHN,1998,29.4
China,CHN,1999,28.1
China,CHN,2000,33.4
China,CHN,2001,34.9
China,CHN,2002,37.2
China,CHN,2003,41.6
China,CHN,2004,40.6
China,CHN,2005,43.5
China,CHN,2006,46.9
China,CHN,2007,47.7
China,CHN,2008,46.7
China,CHN,2009,45
China,CHN,2010,44.4
China,CHN,2011,49
China,CHN,2012,45.5
China,CHN,2013,48.1
China,CHN,2014,52.2
China,CHN,2015,49.6
China,CHN,2016,45.4
China,CHN,2017,43
China,CHN,2018,38.3
China,CHN,2019,37
China,CHN,2020,33.2
China,CHN,2021,31.1
China,CHN,2022,31
China,CHN,2023,32.2
China,CHN,2024,31.3
Christmas Island,CXR,1998,4.5
Christmas Island,CXR,1999,4.9
Christmas Island,CXR,2000,3.9
Christmas Island,CXR,2001,4.4
Christmas Island,CXR,2002,4.5
Christmas Island,CXR,2003,3.9
Christmas Island,CXR,2004,4.5
Christmas Island,CXR,2005,4.3
Christmas Island,CXR,2006,5.2
Christmas Island,CXR,2007,5.4
Christmas Island,CXR,2008,4.2
Christmas Island,CXR,2009,5.2
Christmas Island,CXR,2010,4.2
Christmas Island,CXR,2011,4.3
Christmas Island,CXR,2012,4.8
Christmas Island,CXR,2013,4.7
Christmas Island,CXR,2014,6
Christmas Island,CXR,2015,5.7
Christmas Island,CXR,2016,5.9
Christmas Island,CXR,2017,5.2
Christmas Island,CXR,2018,4.5
Christmas Island,CXR,2019,5
Christmas Island,CXR,2020,4.1
Christmas Island,CXR,2021,3.7
Christmas Island,CXR,2022,5.2
Christmas Island,CXR,2023,4.6
Christmas Island,CXR,2024,3.7
Cocos Islands,CCK,1998,2.7
Cocos Islands,CCK,1999,3.1
Cocos Islands,CCK,2000,3.2
Cocos Islands,CCK,2001,2.9
Cocos Islands,CCK,2002,3.1
Cocos Islands,CCK,2003,2.9
Cocos Islands,CCK,2004,3.6
Cocos Islands,CCK,2005,3
Cocos Islands,CCK,2006,3.9
Cocos Islands,CCK,2007,4
Cocos Islands,CCK,2008,3.2
Cocos Islands,CCK,2009,3.6
Cocos Islands,CCK,2010,3.6
Cocos Islands,CCK,2011,3.5
Cocos Islands,CCK,2012,3.8
Cocos Islands,CCK,2013,4.3
Cocos Islands,CCK,2014,4
Cocos Islands,CCK,2015,4.7
Cocos Islands,CCK,2016,4.9
Cocos Islands,CCK,2017,4.7
Cocos Islands,CCK,2018,4.3
Cocos Islands,CCK,2019,4.6
Cocos Islands,CCK,2020,4
Cocos Islands,CCK,2021,4.1
Cocos Islands,CCK,2022,4.4
Cocos Islands,CCK,2023,4.8
Cocos Islands,CCK,2024,4
Colombia,COL,1998,12.1
Colombia,COL,1999,10.3
Colombia,COL,2000,13.8
Colombia,COL,2001,14.9
Colombia,COL,2002,13.8
Colombia,COL,2003,15.4
Colombia,COL,2004,13.6
Colombia,COL,2005,13.7
Colombia,COL,2006,13.2
Colombia,COL,2007,14.4
Colombia,COL,2008,13.7
Colombia,COL,2009,15.2
Colombia,COL,2010,16.2
Colombia,COL,2011,13.5
Colombia,COL,2012,15.2
Colombia,COL,2013,15.5
Colombia,COL,2014,16.4
Colombia,COL,2015,15.7
Colombia,COL,2016,17.5
Colombia,COL,2017,16
Colombia,COL,2018,15.3
Colombia,COL,2019,16.2
Colombia,COL,2020,15.4
Colombia,COL,2021,13.8
Colombia,COL,2022,14.5
Colombia,COL,2023,14
Colombia,COL,2024,15.1
Comoros,COM,1998,9.1
Comoros,COM,1999,8.3
Comoros,COM,2000,8.5
Comoros,COM,2001,9
Comoros,COM,2002,8.3
Comoros,COM,2003,9.2
Comoros,COM,2004,8.1
Comoros,COM,2005,8.8
Comoros,COM,2006,10.5
Comoros,COM,2007,10.5
Comoros,COM,2008,9.8
Comoros,COM,2009,10
Comoros,COM,2010,9.9
Comoros,COM,2011,10.8
Comoros,COM,2012,8.9
Comoros,COM,2013,9.9
Comoros,COM,2014,9.4
Comoros,COM,2015,8.5
Comoros,COM,2016,8.8
Comoros,COM,2017,10.2
Comoros,COM,2018,9.1
Comoros,COM,2019,9.6
Comoros,COM,2020,10.1
Comoros,COM,2021,8.2
Comoros,COM,2022,10.5
Comoros,COM,2023,9
Comoros,COM,2024,10.5
Congo,COG,1998,26.9
Congo,COG,1999,22
Congo,COG,2000,24.9
Congo,COG,2001,29.8
Congo,COG,2002,29.6
Congo,COG,2003,26.5
Congo,COG,2004,31.7
Congo,COG,2005,30.1
Congo,COG,2006,26.6
Congo,COG,2007,29.4
Congo,COG,2008,33.5
Congo,COG,2009,32.8
Congo,COG,2010,37.7
Congo,COG,2011,36.1
Congo,COG,2012,36.4
Congo,COG,2013,40
Congo,COG,2014,35
Congo,COG,2015,38.5
Congo,COG,2016,36.4
Congo,COG,2017,34.1
Congo,COG,2018,36.2
Congo,COG,2019,37.2
Congo,COG,2020,36.5
Congo,COG,2021,35.5
Congo,COG,2022,36.7
Congo,COG,2023,31.7
Congo,COG,2024,40.3
Cook Islands,COK,1998,3
Cook Islands,COK,1999,2.8
Cook Islands,COK,2000,3.1
Cook Islands,COK,2001,3.2
Cook Islands,COK,2002,3.3
Cook Islands,COK,2003,3.2
Cook Islands,COK,2004,3.3
Cook Islands,COK,2005,3.4
Cook Islands,COK,2006,3.4
Cook Islands,COK,2007,3.3
Cook Islands,COK,2008,3.1
Cook Islands,COK,2009,3
Cook Islands,COK,2010,3.3
Cook Islands,COK,2011,3.2
Cook Islands,COK,2012,3
Cook Islands,COK,2013,3
Cook Islands,COK,2014,3.2
Cook Islands,COK,2015,3.4
Cook Islands,COK,2016,3
Cook Islands,COK,2017,3.1
Cook Islands,COK,2018,3.5
Cook Islands,COK,2019,3.5
Cook Islands,COK,2020,3.6
Cook Islands,COK,2021,2.7
Cook Islands,COK,2022,3.5
Cook Islands,COK,2023,3.6
Cook Islands,COK,2024,3.3
Costa Rica,CRI,1998,17
Costa Rica,CRI,1999,13.4
Costa Rica,CRI,2000,15.7
Costa Rica,CRI,2001,16.9
Costa Rica,CRI,2002,15.5
Costa Rica,CRI,2003,17
Costa Rica,CRI,2004,15.6
Costa Rica,CRI,2005,17.2
Costa Rica,CRI,2006,16.8
Costa Rica,CRI,2007,17.8
Costa Rica,CRI,2008,17.2
Costa Rica,CRI,2009,17.4
Costa Rica,CRI,2010,18.3
Costa Rica,CRI,2011,18.2
Costa Rica,CRI,2012,18.4
Costa Rica,CRI,2013,18.9
Costa Rica,CRI,2014,18.7
Costa Rica,CRI,2015,19
Costa Rica,CRI,2016,18.7
Costa Rica,CRI,2017,18.8
Costa Rica,CRI,2018,17.7
Costa Rica,CRI,2019,18.2
Costa Rica,CRI,2020,18.7
Costa Rica,CRI,2021,18.4
Costa Rica,CRI,2022,18.6
Costa Rica,CRI,2023,18.9
Costa Rica,CRI,2024,20.3
Cote d'Ivoire,CIV,1998,17.3
Cote d'Ivoire,CIV,1999,15.9
Cote d'Ivoire,CIV,2000,19.6
Cote d'Ivoire,CIV,2001,18.3
Cote d'Ivoire,CIV,2002,19.2
Cote d'Ivoire,CIV,2003,19.2
Cote d'Ivoire,CIV,2004,21.3
Cote d'Ivoire,CIV,2005,20.5
Cote d'Ivoire,CIV,2006,20
Cote d'Ivoire,CIV,2007,21.2
Cote d'Ivoire,CIV,2008,23.1
Cote d'Ivoire,CIV,2009,21.4
Cote d'Ivoire,CIV,2010,19.3
Cote d'Ivoire,CIV,2011,21.7
Cote d'Ivoire,CIV,2012,20
Cote d'Ivoire,CIV,2013,19.3
Cote d'Ivoire,CIV,2014,17.7
Cote d'Ivoire,CIV,2015,21.4
Cote d'Ivoire,CIV,2016,20.6
Cote d'Ivoire,CIV,2017,20
Cote d'Ivoire,CIV,2018,17.7
Cote d'Ivoire,CIV,2019,18.8
Cote d'Ivoire,CIV,2020,19.6
Cote d'Ivoire,CIV,2021,19.5
Cote d'Ivoire,CIV,2022,20.7
Cote d'Ivoire,CIV,2023,19.3
Cote d'Ivoire,CIV,2024,20.2
Croatia,HRV,1998,21.2
Croatia,HRV,1999,19.8
Croatia,HRV,2000,20.1
Croatia,HRV,2001,21
Croatia,HRV,2002,21.8
Croatia,HRV,2003,22
Croatia,HRV,2004,20.2
Croatia,HRV,2005,21.9
Croatia,HRV,2006,22.2
Croatia,HRV,2007,18.4
Croatia,HRV,2008,19.3
Croatia,HRV,2009,19.7
Croatia,HRV,2010,19.9
Croatia,HRV,2011,22.8
Croatia,HRV,2012,19.7
Croatia,HRV,2013,18.7
Croatia,HRV,2014,17.1
Croatia,HRV,2015,19.4
Croatia,HRV,2016,17.9
Croatia,HRV,2017,18.1
Croatia,HRV,2018,18.6
Croatia,HRV,2019,15.4
Croatia,HRV,2020,14.5
Croatia,HRV,2021,14.3
Croatia,HRV,2022,15
Croatia,HRV,2023,13.3
Croatia,HRV,2024,14.6
Cuba,CUB,1998,11.4
Cuba,CUB,1999,10.8
Cuba,CUB,2000,11.9
Cuba,CUB,2001,11.3
Cuba,CUB,2002,10.7
Cuba,CUB,2003,10.6
Cuba,CUB,2004,9.8
Cuba,CUB,2005,10
Cuba,CUB,2006,10.1
Cuba,CUB,2007,10.5
Cuba,CUB,2008,9
Cuba,CUB,2009,9.3
Cuba,CUB,2010,9.7
Cuba,CUB,2011,9.8
Cuba,CUB,2012,9.1
Cuba,CUB,2013,9.1
Cuba,CUB,2014,9.5
Cuba,CUB,2015,9.3
Cuba,CUB,2016,9.3
Cuba,CUB,2017,9.2
Cuba,CUB,2018,9.7
Cuba,CUB,2019,9.4
Cuba,CUB,2020,9.5
Cuba,CUB,2021,9.5
Cuba,CUB,2022,9.1
Cuba,CUB,2023,9.7
Cuba,CUB,2024,9.9
Curacao,CUW,1998,10.1
Curacao,CUW,1999,9.8
Curacao,CUW,2000,9.5
Curacao,CUW,2001,9.6
Curacao,CUW,2002,9.9
Curacao,CUW,2003,10.5
Curacao,CUW,2004,9.1
Curacao,CUW,2005,10.1
Curacao,CUW,2006,10.1
Curacao,CUW,2007,11.2
Curacao,CUW,2008,10
Curacao,CUW,2009,10.6
Curacao,CUW,2010,12
Curacao,CUW,2011,10.4
Curacao,CUW,2012,11.1
Curacao,CUW,2013,10.6
Curacao,CUW,2014,10.2
Curacao,CUW,2015,11.3
Curacao,CUW,2016,12
Curacao,CUW,2017,12.2
Curacao,CUW,2018,11.3
Curacao,CUW,2019,11.6
Curacao,CUW,2020,11.6
Curacao,CUW,2021,11
Curacao,CUW,2022,10.8
Curacao,CUW,2023,11.1
Curacao,CUW,2024,12
Cyprus,CYP,1998,15.4
Cyprus,CYP,1999,14.9
Cyprus,CYP,2000,17.3
Cyprus,CYP,2001,17.3
Cyprus,CYP,2002,16.2
Cyprus,CYP,2003,16.3
Cyprus,CYP,2004,15.8
Cyprus,CYP,2005,16
Cyprus,CYP,2006,17
Cyprus,CYP,2007,18
Cyprus,CYP,2008,17.6
Cyprus,CYP,2009,19.7
Cyprus,CYP,2010,19.8
Cyprus,CYP,2011,22.3
Cyprus,CYP,2012,22.8
Cyprus,CYP,2013,17.1
Cyprus,CYP,2014,17.2
Cyprus,CYP,2015,16.6
Cyprus,CYP,2016,15
Cyprus,CYP,2017,16
Cyprus,CYP,2018,14.8
Cyprus,CYP,2019,15.5
Cyprus,CYP,2020,14.2
Cyprus,CYP,2021,14.2
Cyprus,CYP,2022,15.4
Cyprus,CYP,2023,15.8
Cyprus,CYP,2024,16.6
Czechia,CZE,1998,21.4
Czechia,CZE,1999,20.5
Czechia,CZE,2000,20.3
Czechia,CZE,2001,20.9
Czechia,CZE,2002,23
Czechia,CZE,2003,22.5
Czechia,CZE,2004,20.8
Czechia,CZE,2005,23.2
Czechia,CZE,2006,23.8
Czechia,CZE,2007,17.5
Czechia,CZE,2008,17.7
Czechia,CZE,2009,19.2
Czechia,CZE,2010,21.6
Czechia,CZE,2011,20.5
Czechia,CZE,2012,18.7
Czechia,CZE,2013,19.3
Czechia,CZE,2014,18.9
Czechia,CZE,2015,17
Czechia,CZE,2016,16.9
Czechia,CZE,2017,16.5
Czechia,CZE,2018,17.8
Czechia,CZE,2019,14
Czechia,CZE,2020,12.6
Czechia,CZE,2021,13.6
Czechia,CZE,2022,12.9
Czechia,CZE,2023,11.4
Czechia,CZE,2024,12.1
Democratic Republic of Congo,COD,1998,32.3
Democratic Republic of Congo,COD,1999,25.3
Democratic Republic of Congo,COD,2000,32.7
Democratic Republic of Congo,COD,2001,37.6
Democratic Republic of Congo,COD,2002,35.8
Democratic Republic of Congo,COD,2003,34.3
Democratic Republic of Congo,COD,2004,37.5
Democratic Republic of Congo,COD,2005,37.1
Democratic Republic of Congo,COD,2006,31.2
Democratic Republic of Congo,COD,2007,34.6
Democratic Republic of Congo,COD,2008,36.1
Democratic Republic of Congo,COD,2009,35.1
Democratic Republic of Congo,COD,2010,40.6
Democratic Republic of Congo,COD,2011,39.3
Democratic Republic of Congo,COD,2012,42.5
Democratic Republic of Congo,COD,2013,43.4
Democratic Republic of Congo,COD,2014,37.9
Democratic Republic of Congo,COD,2015,42.6
Democratic Republic of Congo,COD,2016,37.8
Democratic Republic of Congo,COD,2017,34.9
Democratic Republic of Congo,COD,2018,35
Democratic Republic of Congo,COD,2019,37.5
Democratic Republic of Congo,COD,2020,35.4
Democratic Republic of Congo,COD,2021,36.4
Democratic Republic of Congo,COD,2022,39.1
Democratic Republic of Congo,COD,2023,31.9
Democratic Republic of Congo,COD,2024,41.2
Denmark,DNK,1998,13.5
Denmark,DNK,1999,13.3
Denmark,DNK,2000,13.2
Denmark,DNK,2001,11.7
Denmark,DNK,2002,12.6
Denmark,DNK,2003,13.6
Denmark,DNK,2004,10.4
Denmark,DNK,2005,10.8
Denmark,DNK,2006,11.7
Denmark,DNK,2007,10.9
Denmark,DNK,2008,10.6
Denmark,DNK,2009,11.8
Denmark,DNK,2010,11.5
Denmark,DNK,2011,13.4
Denmark,DNK,2012,9.8
Denmark,DNK,2013,9.6
Denmark,DNK,2014,11.2
Denmark,DNK,2015,9.5
Denmark,DNK,2016,8.8
Denmark,DNK,2017,8.6
Denmark,DNK,2018,10.7
Denmark,DNK,2019,9.3
Denmark,DNK,2020,7.4
Denmark,DNK,2021,7.8
Denmark,DNK,2022,7.8
Denmark,DNK,2023,7.5
Denmark,DNK,2024,9
Djibouti,DJI,1998,25.7
Djibouti,DJI,1999,29.7
Djibouti,DJI,2000,34.4
Djibouti,DJI,2001,32.4
Djibouti,DJI,2002,31.5
Djibouti,DJI,2003,32.9
Djibouti,DJI,2004,33.5
Djibouti,DJI,2005,33.2
Djibouti,DJI,2006,32.9
Djibouti,DJI,2007,33.7
Djibouti,DJI,2008,34.1
Djibouti,DJI,2009,34.6
Djibouti,DJI,2010,34.8
Djibouti,DJI,2011,39.8
Djibouti,DJI,2012,39.2
Djibouti,DJI,2013,37
Djibouti,DJI,2014,33.6
Djibouti,DJI,2015,34.5
Djibouti,DJI,2016,33.8
Djibouti,DJI,2017,35.4
Djibouti,DJI,2018,34.2
Djibouti,DJI,2019,32.8
Djibouti,DJI,2020,32.5
Djibouti,DJI,2021,31.9
Djibouti,DJI,2022,32.8
Djibouti,DJI,2023,28.9
Djibouti,DJI,2024,31.1
Dominica,DMA,1998,8.7
Dominica,DMA,1999,9
Dominica,DMA,2000,9
Dominica,DMA,2001,8.9
Dominica,DMA,2002,8.7
Dominica,DMA,2003,8.5
Dominica,DMA,2004,8
Dominica,DMA,2005,8.7
Dominica,DMA,2006,8.6
Dominica,DMA,2007,8.7
Dominica,DMA,2008,7.6
Dominica,DMA,2009,9.4
Dominica,DMA,2010,9.8
Dominica,DMA,2011,8.8
Dominica,DMA,2012,9.3
Dominica,DMA,2013,7.8
Dominica,DMA,2014,8.1
Dominica,DMA,2015,9.5
Dominica,DMA,2016,9.1
Dominica,DMA,2017,9.4
Dominica,DMA,2018,8.6
Dominica,DMA,2019,8.6
Dominica,DMA,2020,8.9
Dominica,DMA,2021,9.7
Dominica,DMA,2022,8.4
Dominica,DMA,2023,8.7
Dominica,DMA,2024,9.1
Dominican Republic,DOM,1998,10.2
Dominican Republic,DOM,1999,10.4
Dominican Republic,DOM,2000,11
Dominican Republic,DOM,2001,11.4
Dominican Republic,DOM,2002,11.3
Dominican Republic,DOM,2003,12.2
Dominican Republic,DOM,2004,9.9
Dominican Republic,DOM,2005,12.7
Dominican Republic,DOM,2006,12
Dominican Republic,DOM,2007,12.4
Dominican Republic,DOM,2008,10.4
Dominican Republic,DOM,2009,11
Dominican Republic,DOM,2010,12.2
Dominican Republic,DOM,2011,10.7
Dominican Republic,DOM,2012,11.1
Dominican Republic,DOM,2013,11
Dominican Republic,DOM,2014,11.7
Dominican Republic,DOM,2015,11.9
Dominican Republic,DOM,2016,12.3
Dominican Republic,DOM,2017,12.4
Dominican Republic,DOM,2018,12.7
Dominican Republic,DOM,2019,12.5
Dominican Republic,DOM,2020,11.8
Dominican Republic,DOM,2021,12.5
Dominican Republic,DOM,2022,11.6
Dominican Republic,DOM,2023,11.6
Dominican Republic,DOM,2024,12.3
East Timor,TLS,1998,8.4
East Timor,TLS,1999,8.7
East Timor,TLS,2000,9.7
East Timor,TLS,2001,11
East Timor,TLS,2002,10.2
East Timor,TLS,2003,9.1
East Timor,TLS,2004,10.6
East Timor,TLS,2005,9.5
East Timor,TLS,2006,9.8
East Timor,TLS,2007,11
East Timor,TLS,2008,10.1
East Timor,TLS,2009,11.1
East Timor,TLS,2010,10
East Timor,TLS,2011,13.5
East Timor,TLS,2012,12.8
East Timor,TLS,2013,9.7
East Timor,TLS,2014,11.8
East Timor,TLS,2015,11.3
East Timor,TLS,2016,10
East Timor,TLS,2017,10.3
East Timor,TLS,2018,11.2
East Timor,TLS,2019,11.2
East Timor,TLS,2020,9.4
East Timor,TLS,2021,10.5
East Timor,TLS,2022,10.6
East Timor,TLS,2023,12.3
East Timor,TLS,2024,10.8
Ecuador,ECU,1998,11.4
Ecuador,ECU,1999,11.1
Ecuador,ECU,2000,14
Ecuador,ECU,2001,14.4
Ecuador,ECU,2002,14.8
Ecuador,ECU,2003,15
Ecuador,ECU,2004,16.5
Ecuador,ECU,2005,19.9
Ecuador,ECU,2006,18.2
Ecuador,ECU,2007,18.2
Ecuador,ECU,2008,16.3
Ecuador,ECU,2009,17.4
Ecuador,ECU,2010,18.7
Ecuador,ECU,2011,16.4
Ecuador,ECU,2012,16.9
Ecuador,ECU,2013,17.1
Ecuador,ECU,2014,17.2
Ecuador,ECU,2015,17.1
Ecuador,ECU,2016,17.8
Ecuador,ECU,2017,17
Ecuador,ECU,2018,17.1
Ecuador,ECU,2019,16.5
Ecuador,ECU,2020,15.2
Ecuador,ECU,2021,15.7
Ecuador,ECU,2022,17.2
Ecuador,ECU,2023,15.7
Ecuador,ECU,2024,17.7
Egypt,EGY,1998,41.5
Egypt,EGY,1999,42.2
Egypt,EGY,2000,41.8
Egypt,EGY,2001,40.6
Egypt,EGY,2002,40.9
Egypt,EGY,2003,41.2
Egypt,EGY,2004,42.1
Egypt,EGY,2005,40.2
Egypt,EGY,2006,43.5
Egypt,EGY,2007,42
Egypt,EGY,2008,42.2
Egypt,EGY,2009,42.8
Egypt,EGY,2010,44.3
Egypt,EGY,2011,42.6
Egypt,EGY,2012,41.7
Egypt,EGY,2013,41.7
Egypt,EGY,2014,41.4
Egypt,EGY,2015,43.1
Egypt,EGY,2016,42.8
Egypt,EGY,2017,44.6
Egypt,EGY,2018,42.5
Egypt,EGY,2019,42.2
Egypt,EGY,2020,41.3
Egypt,EGY,2021,43.5
Egypt,EGY,2022,41.5
Egypt,EGY,2023,38.3
Egypt,EGY,2024,41.3
El Salvador,SLV,1998,31.9
El Salvador,SLV,1999,23.1
El Salvador,SLV,2000,26.8
El Salvador,SLV,2001,24.9
El Salvador,SLV,2002,23.3
El Salvador,SLV,2003,27.4
El Salvador,SLV,2004,22.9
El Salvador,SLV,2005,29.4
El Salvador,SLV,2006,23.8
El Salvador,SLV,2007,27
El Salvador,SLV,2008,26.9
El Salvador,SLV,2009,27.3
El Salvador,SLV,2010,29.8
El Salvador,SLV,2011,30.1
El Salvador,SLV,2012,27.7
El Salvador,SLV,2013,29.9
El Salvador,SLV,2014,26.7
El Salvador,SLV,2015,26.4
El Salvador,SLV,2016,26.7
El Salvador,SLV,2017,27.2
El Salvador,SLV,2018,26.6
El Salvador,SLV,2019,27.5
El Salvador,SLV,2020,28.4
El Salvador,SLV,2021,26.4
El Salvador,SLV,2022,26.9
El Salvador,SLV,2023,27.8
El Salvador,SLV,2024,30.7
Equatorial Guinea,GNQ,1998,28.3
Equatorial Guinea,GNQ,1999,23.1
Equatorial Guinea,GNQ,2000,28.9
Equatorial Guinea,GNQ,2001,28.5
Equatorial Guinea,GNQ,2002,26.2
Equatorial Guinea,GNQ,2003,26.5
Equatorial Guinea,GNQ,2004,27.7
Equatorial Guinea,GNQ,2005,24.3
Equatorial Guinea,GNQ,2006,23.2
Equatorial Guinea,GNQ,2007,28.2
Equatorial Guinea,GNQ,2008,33
Equatorial Guinea,GNQ,2009,28.4
Equatorial Guinea,GNQ,2010,31.6
Equatorial Guinea,GNQ,2011,31.9
Equatorial Guinea,GNQ,2012,32
Equatorial Guinea,GNQ,2013,34
Equatorial Guinea,GNQ,2014,30.3
Equatorial Guinea,GNQ,2015,36.4
Equatorial Guinea,GNQ,2016,34.7
Equatorial Guinea,GNQ,2017,33.5
Equatorial Guinea,GNQ,2018,30.9
Equatorial Guinea,GNQ,2019,33.4
Equatorial Guinea,GNQ,2020,33.2
Equatorial Guinea,GNQ,2021,33
Equatorial Guinea,GNQ,2022,34.6
Equatorial Guinea,GNQ,2023,30.9
Equatorial Guinea,GNQ,2024,35.4
Eritrea,ERI,1998,22.8
Eritrea,ERI,1999,22.7
Eritrea,ERI,2000,26.6
Eritrea,ERI,2001,26.9
Eritrea,ERI,2002,27.4
Eritrea,ERI,2003,29.8
Eritrea,ERI,2004,26.3
Eritrea,ERI,2005,28.1
Eritrea,ERI,2006,25.9
Eritrea,ERI,2007,25.6
Eritrea,ERI,2008,26.2
Eritrea,ERI,2009,26.2
Eritrea,ERI,2010,28.7
Eritrea,ERI,2011,30.7
Eritrea,ERI,2012,29.2
Eritrea,ERI,2013,28.9
Eritrea,ERI,2014,26.1
Eritrea,ERI,2015,28
Eritrea,ERI,2016,27.5
Eritrea,ERI,2017,31.2
Eritrea,ERI,2018,28.8
Eritrea,ERI,2019,27.5
Eritrea,ERI,2020,26.1
Eritrea,ERI,2021,25.4
Eritrea,ERI,2022,27
Eritrea,ERI,2023,24.2
Eritrea,ERI,2024,25
Estonia,EST,1998,10.6
Estonia,EST,1999,10.8
Estonia,EST,2000,9.1
Estonia,EST,2001,9.8
Estonia,EST,2002,10.6
Estonia,EST,2003,9.9
Estonia,EST,2004,9.5
Estonia,EST,2005,9.5
Estonia,EST,2006,10.9
Estonia,EST,2007,10.7
Estonia,EST,2008,10
Estonia,EST,2009,9.9
Estonia,EST,2010,11.1
Estonia,EST,2011,9.1
Estonia,EST,2012,9.2
Estonia,EST,2013,9.2
Estonia,EST,2014,9.9
Estonia,EST,2015,7.9
Estonia,EST,2016,7.2
Estonia,EST,2017,6.6
Estonia,EST,2018,8.3
Estonia,EST,2019,6.6
Estonia,EST,2020,6.2
Estonia,EST,2021,6.8
Estonia,EST,2022,6.1
Estonia,EST,2023,6.5
Estonia,EST,2024,6.7
Eswatini,SWZ,1998,22
Eswatini,SWZ,1999,18.5
Eswatini,SWZ,2000,15.8
Eswatini,SWZ,2001,17
Eswatini,SWZ,2002,15.7
Eswatini,SWZ,2003,14.9
Eswatini,SWZ,2004,16.3
Eswatini,SWZ,2005,18.2
Eswatini,SWZ,2006,15.6
Eswatini,SWZ,2007,17.8
Eswatini,SWZ,2008,18.4
Eswatini,SWZ,2009,16.1
Eswatini,SWZ,2010,18.1
Eswatini,SWZ,2011,15.9
Eswatini,SWZ,2012,17.9
Eswatini,SWZ,2013,18.6
Eswatini,SWZ,2014,18.4
Eswatini,SWZ,2015,18.7
Eswatini,SWZ,2016,15.2
Eswatini,SWZ,2017,16.5
Eswatini,SWZ,2018,18
Eswatini,SWZ,2019,17.7
Eswatini,SWZ,2020,16
Eswatini,SWZ,2021,17.2
Eswatini,SWZ,2022,19.2
Eswatini,SWZ,2023,18.8
Eswatini,SWZ,2024,20
Ethiopia,ETH,1998,9.3
Ethiopia,ETH,1999,9.5
Ethiopia,ETH,2000,19.3
Ethiopia,ETH,2001,21.8
Ethiopia,ETH,2002,21.2
Ethiopia,ETH,2003,21.4
Ethiopia,ETH,2004,20.3
Ethiopia,ETH,2005,20.5
Ethiopia,ETH,2006,21
Ethiopia,ETH,2007,22.3
Ethiopia,ETH,2008,21.5
Ethiopia,ETH,2009,21.7
Ethiopia,ETH,2010,23.3
Ethiopia,ETH,2011,24.2
Ethiopia,ETH,2012,23.6
Ethiopia,ETH,2013,23.8
Ethiopia,ETH,2014,21.7
Ethiopia,ETH,2015,23.8
Ethiopia,ETH,2016,23.1
Ethiopia,ETH,2017,24.5
Ethiopia,ETH,2018,22.2
Ethiopia,ETH,2019,21.3
Ethiopia,ETH,2020,22.5
Ethiopia,ETH,2021,22.4
Ethiopia,ETH,2022,20.9
Ethiopia,ETH,2023,18.7
Ethiopia,ETH,2024,20.2
Europe,OWID_EUR,1998,17.522095
Europe,OWID_EUR,1999,16.60279
Europe,OWID_EUR,2000,16.528385
Europe,OWID_EUR,2001,16.723734
Europe,OWID_EUR,2002,17.638212
Europe,OWID_EUR,2003,17.425507
Europe,OWID_EUR,2004,15.910966
Europe,OWID_EUR,2005,16.487938
Europe,OWID_EUR,2006,17.302736
Europe,OWID_EUR,2007,15.713631
Europe,OWID_EUR,2008,15.655564
Europe,OWID_EUR,2009,16.279907
Europe,OWID_EUR,2010,17.018183
Europe,OWID_EUR,2011,16.594927
Europe,OWID_EUR,2012,14.970585
Europe,OWID_EUR,2013,14.523791
Europe,OWID_EUR,2014,14.217056
Europe,OWID_EUR,2015,13.893412
Europe,OWID_EUR,2016,13.205068
Europe,OWID_EUR,2017,13.408392
Europe,OWID_EUR,2018,13.090483
Europe,OWID_EUR,2019,11.998058
Europe,OWID_EUR,2020,11.141892
Europe,OWID_EUR,2021,11.469516
Europe,OWID_EUR,2022,11.38772
Europe,OWID_EUR,2023,11.275871
Europe,OWID_EUR,2024,11.668578
European Union (27),OWID_EU27,1998,17.833944
European Union (27),OWID_EU27,1999,16.94171
European Union (27),OWID_EU27,2000,16.96692
European Union (27),OWID_EU27,2001,16.952421
European Union (27),OWID_EU27,2002,17.812466
European Union (27),OWID_EU27,2003,18.030556
European Union (27),OWID_EU27,2004,16.401367
European Union (27),OWID_EU27,2005,16.923138
European Union (27),OWID_EU27,2006,17.99801
European Union (27),OWID_EU27,2007,16.287962
European Union (27),OWID_EU27,2008,15.895899
European Union (27),OWID_EU27,2009,16.565945
European Union (27),OWID_EU27,2010,16.729311
European Union (27),OWID_EU27,2011,17.465353
European Union (27),OWID_EU27,2012,15.625485
European Union (27),OWID_EU27,2013,15.1391535
European Union (27),OWID_EU27,2014,14.486055
European Union (27),OWID_EU27,2015,14.505713
European Union (27),OWID_EU27,2016,13.593458
European Union (27),OWID_EU27,2017,13.90193
European Union (27),OWID_EU27,2018,13.871344
European Union (27),OWID_EU27,2019,12.212112
European Union (27),OWID_EU27,2020,11.204487
European Union (27),OWID_EU27,2021,11.64472
European Union (27),OWID_EU27,2022,11.705894
European Union (27),OWID_EU27,2023,10.951286
European Union (27),OWID_EU27,2024,11.317063
Falkland Islands,FLK,1998,9.3
Falkland Islands,FLK,1999,10.8
Falkland Islands,FLK,2000,9.6
Falkland Islands,FLK,2001,11.2
Falkland Islands,FLK,2002,9.8
Falkland Islands,FLK,2003,9.7
Falkland Islands,FLK,2004,8.7
Falkland Islands,FLK,2005,10
Falkland Islands,FLK,2006,12
Falkland Islands,FLK,2007,13.7
Falkland Islands,FLK,2008,11.8
Falkland Islands,FLK,2009,13
Falkland Islands,FLK,2010,12.3
Falkland Islands,FLK,2011,11.3
Falkland Islands,FLK,2012,9.5
Falkland Islands,FLK,2013,9
Falkland Islands,FLK,2014,9.9
Falkland Islands,FLK,2015,11.3
Falkland Islands,FLK,2016,7.4
Falkland Islands,FLK,2017,9.2
Falkland Islands,FLK,2018,9.8
Falkland Islands,FLK,2019,8.4
Falkland Islands,FLK,2020,9.8
Falkland Islands,FLK,2021,8.2
Falkland Islands,FLK,2022,10.6
Falkland Islands,FLK,2023,11.5
Falkland Islands,FLK,2024,9.7
Faroe Islands,FRO,1998,4.9
Faroe Islands,FRO,1999,5
Faroe Islands,FRO,2000,5.1
Faroe Islands,FRO,2001,4.5
Faroe Islands,FRO,2002,5.1
Faroe Islands,FRO,2003,5.7
Faroe Islands,FRO,2004,4.5
Faroe Islands,FRO,2005,4.3
Faroe Islands,FRO,2006,5.2
Faroe Islands,FRO,2007,4.8
Faroe Islands,FRO,2008,5
Faroe Islands,FRO,2009,5.2
Faroe Islands,FRO,2010,4.2
Faroe Islands,FRO,2011,5
Faroe Islands,FRO,2012,3.7
Faroe Islands,FRO,2013,4.7
Faroe Islands,FRO,2014,4.9
Faroe Islands,FRO,2015,4.1
Faroe Islands,FRO,2016,3.4
Faroe Islands,FRO,2017,4
Faroe Islands,FRO,2018,3.8
Faroe Islands,FRO,2019,4.5
Faroe Islands,FRO,2020,3.6
Faroe Islands,FRO,2021,3.7
Faroe Islands,FRO,2022,3.7
Faroe Islands,FRO,2023,4.1
Faroe Islands,FRO,2024,4
Fiji,FJI,1998,4.4
Fiji,FJI,1999,4.6
Fiji,FJI,2000,5.4
Fiji,FJI,2001,5.2
Fiji,FJI,2002,5.3
Fiji,FJI,2003,5
Fiji,FJI,2004,5.4
Fiji,FJI,2005,4.8
Fiji,FJI,2006,5
Fiji,FJI,2007,5.7
Fiji,FJI,2008,6.1
Fiji,FJI,2009,4.9
Fiji,FJI,2010,5.5
Fiji,FJI,2011,5.6
Fiji,FJI,2012,5.1
Fiji,FJI,2013,5.5
Fiji,FJI,2014,5.3
Fiji,FJI,2015,5.8
Fiji,FJI,2016,5.2
Fiji,FJI,2017,6.6
Fiji,FJI,2018,5.4
Fiji,FJI,2019,6
Fiji,FJI,2020,5.1
Fiji,FJI,2021,5
Fiji,FJI,2022,6.4
Fiji,FJI,2023,6.1
Fiji,FJI,2024,5.7
Finland,FIN,1998,7.6
Finland,FIN,1999,7.9
Finland,FIN,2000,7.1
Finland,FIN,2001,7.4
Finland,FIN,2002,7.3
Finland,FIN,2003,7.7
Finland,FIN,2004,7.5
Finland,FIN,2005,7.4
Finland,FIN,2006,8.9
Finland,FIN,2007,7.9
Finland,FIN,2008,7
Finland,FIN,2009,7.2
Finland,FIN,2010,8
Finland,FIN,2011,7.2
Finland,FIN,2012,7.1
Finland,FIN,2013,6.6
Finland,FIN,2014,7.4
Finland,FIN,2015,6.1
Finland,FIN,2016,5.7
Finland,FIN,2017,5
Finland,FIN,2018,6.3
Finland,FIN,2019,5.3
Finland,FIN,2020,4.8
Finland,FIN,2021,5.2
Finland,FIN,2022,4.9
Finland,FIN,2023,5.2
Finland,FIN,2024,5.4
France,FRA,1998,15.3
France,FRA,1999,14.5
France,FRA,2000,13.9
France,FRA,2001,14.8
France,FRA,2002,14
France,FRA,2003,15
France,FRA,2004,13.1
France,FRA,2005,12.9
France,FRA,2006,13.4
France,FRA,2007,13.6
France,FRA,2008,13.1
France,FRA,2009,14.6
France,FRA,2010,14.6
France,FRA,2011,15.1
France,FRA,2012,13.7
France,FRA,2013,14.1
France,FRA,2014,11.6
France,FRA,2015,12
France,FRA,2016,11.1
France,FRA,2017,10.7
France,FRA,2018,10.7
France,FRA,2019,9.6
France,FRA,2020,8.7
France,FRA,2021,9.7
France,FRA,2022,10.1
France,FRA,2023,9.4
France,FRA,2024,8.9
French Guiana,GUF,1998,9.9
French Guiana,GUF,1999,9.8
French Guiana,GUF,2000,11.4
French Guiana,GUF,2001,11.3
French Guiana,GUF,2002,11
French Guiana,GUF,2003,10.7
French Guiana,GUF,2004,10.5
French Guiana,GUF,2005,10.6
French Guiana,GUF,2006,10.6
French Guiana,GUF,2007,13.1
French Guiana,GUF,2008,11
French Guiana,GUF,2009,10.9
French Guiana,GUF,2010,10.9
French Guiana,GUF,2011,10.5
French Guiana,GUF,2012,14.2
French Guiana,GUF,2013,12
French Guiana,GUF,2014,11.5
French Guiana,GUF,2015,13.2
French Guiana,GUF,2016,12.6
French Guiana,GUF,2017,12.4
French Guiana,GUF,2018,11.7
French Guiana,GUF,2019,12.3
French Guiana,GUF,2020,11.9
French Guiana,GUF,2021,12.8
French Guiana,GUF,2022,11.6
French Guiana,GUF,2023,11.1
French Guiana,GUF,2024,12.9
French Polynesia,PYF,1998,3.5
French Polynesia,PYF,1999,3.1
French Polynesia,PYF,2000,3.2
French Polynesia,PYF,2001,4
French Polynesia,PYF,2002,3.6
French Polynesia,PYF,2003,3.7
French Polynesia,PYF,2004,3.5
French Polynesia,PYF,2005,3.8
French Polynesia,PYF,2006,3.6
French Polynesia,PYF,2007,3.9
French Polynesia,PYF,2008,3.1
French Polynesia,PYF,2009,3.3
French Polynesia,PYF,2010,3.7
French Polynesia,PYF,2011,3.4
French Polynesia,PYF,2012,3.1
French Polynesia,PYF,2013,3.4
French Polynesia,PYF,2014,3.8
French Polynesia,PYF,2015,3.7
French Polynesia,PYF,2016,3.3
French Polynesia,PYF,2017,3.4
French Polynesia,PYF,2018,3.8
French Polynesia,PYF,2019,3.6
French Polynesia,PYF,2020,3.5
French Polynesia,PYF,2021,3.1
French Polynesia,PYF,2022,3.9
French Polynesia,PYF,2023,3.7
French Polynesia,PYF,2024,3.6
Gabon,GAB,1998,19.5
Gabon,GAB,1999,16.5
Gabon,GAB,2000,19.4
Gabon,GAB,2001,22.3
Gabon,GAB,2002,19.5
Gabon,GAB,2003,20.2
Gabon,GAB,2004,22.7
Gabon,GAB,2005,19.2
Gabon,GAB,2006,18.6
Gabon,GAB,2007,22
Gabon,GAB,2008,27.3
Gabon,GAB,2009,23.4
Gabon,GAB,2010,26.7
Gabon,GAB,2011,28.2
Gabon,GAB,2012,27.6
Gabon,GAB,2013,30.8
Gabon,GAB,2014,26.1
Gabon,GAB,2015,29.3
Gabon,GAB,2016,28.5
Gabon,GAB,2017,27.1
Gabon,GAB,2018,27.7
Gabon,GAB,2019,28.5
Gabon,GAB,2020,29.2
Gabon,GAB,2021,27.5
Gabon,GAB,2022,28.9
Gabon,GAB,2023,27.3
Gabon,GAB,2024,32.2
Gambia,GMB,1998,42.5
Gambia,GMB,1999,37.7
Gambia,GMB,2000,38.7
Gambia,GMB,2001,34.6
Gambia,GMB,2002,34.7
Gambia,GMB,2003,34.3
Gambia,GMB,2004,34.6
Gambia,GMB,2005,34.4
Gambia,GMB,2006,32
Gambia,GMB,2007,36.4
Gambia,GMB,2008,36.5
Gambia,GMB,2009,32.8
Gambia,GMB,2010,33.8
Gambia,GMB,2011,35.2
Gambia,GMB,2012,35.4
Gambia,GMB,2013,32.3
Gambia,GMB,2014,34.6
Gambia,GMB,2015,36.5
Gambia,GMB,2016,35.7
Gambia,GMB,2017,37.8
Gambia,GMB,2018,35.7
Gambia,GMB,2019,35.6
Gambia,GMB,2020,35.7
Gambia,GMB,2021,37.2
Gambia,GMB,2022,35
Gambia,GMB,2023,33.8
Gambia,GMB,2024,35.7
Georgia,GEO,1998,18.9
Georgia,GEO,1999,18
Georgia,GEO,2000,19.8
Georgia,GEO,2001,20
Georgia,GEO,2002,19
Georgia,GEO,2003,19.4
Georgia,GEO,2004,19.2
Georgia,GEO,2005,20.1
Georgia,GEO,2006,18.6
Georgia,GEO,2007,19
Georgia,GEO,2008,22.1
Georgia,GEO,2009,20.5
Georgia,GEO,2010,21.7
Georgia,GEO,2011,19
Georgia,GEO,2012,20
Georgia,GEO,2013,20.9
Georgia,GEO,2014,23.4
Georgia,GEO,2015,21.2
Georgia,GEO,2016,19.1
Georgia,GEO,2017,21.8
Georgia,GEO,2018,19.6
Georgia,GEO,2019,21
Georgia,GEO,2020,20.9
Georgia,GEO,2021,21.6
Georgia,GEO,2022,19.5
Georgia,GEO,2023,19.8
Georgia,GEO,2024,21.5
Germany,DEU,1998,16.5
Germany,DEU,1999,15.4
Germany,DEU,2000,14.9
Germany,DEU,2001,14.7
Germany,DEU,2002,15.8
Germany,DEU,2003,16.3
Germany,DEU,2004,14.7
Germany,DEU,2005,14.8
Germany,DEU,2006,16.1
Germany,DEU,2007,13.5
Germany,DEU,2008,13.9
Germany,DEU,2009,14.9
Germany,DEU,2010,15.5
Germany,DEU,2011,15.3
Germany,DEU,2012,13
Germany,DEU,2013,13.5
Germany,DEU,2014,13.5
Germany,DEU,2015,12.1
Germany,DEU,2016,11.8
Germany,DEU,2017,11.8
Germany,DEU,2018,12.3
Germany,DEU,2019,10.1
Germany,DEU,2020,8.8
Germany,DEU,2021,9.4
Germany,DEU,2022,9.3
Germany,DEU,2023,8.5
Germany,DEU,2024,9.1
Ghana,GHA,1998,24.4
Ghana,GHA,1999,21.3
Ghana,GHA,2000,28.9
Ghana,GHA,2001,25.8
Ghana,GHA,2002,28.2
Ghana,GHA,2003,26.9
Ghana,GHA,2004,29.6
Ghana,GHA,2005,28.7
Ghana,GHA,2006,27.1
Ghana,GHA,2007,30.4
Ghana,GHA,2008,33.2
Ghana,GHA,2009,28
Ghana,GHA,2010,26.8
Ghana,GHA,2011,28.6
Ghana,GHA,2012,26.1
Ghana,GHA,2013,25.5
Ghana,GHA,2014,24.6
Ghana,GHA,2015,29.1
Ghana,GHA,2016,28.7
Ghana,GHA,2017,28.5
Ghana,GHA,2018,24.6
Ghana,GHA,2019,25.6
Ghana,GHA,2020,26.8
Ghana,GHA,2021,26.6
Ghana,GHA,2022,28.4
Ghana,GHA,2023,26.8
Ghana,GHA,2024,28.2
Gibraltar,GIB,1998,11.2
Gibraltar,GIB,1999,11.4
Gibraltar,GIB,2000,11.2
Gibraltar,GIB,2001,11.7
Gibraltar,GIB,2002,12.1
Gibraltar,GIB,2003,12
Gibraltar,GIB,2004,12
Gibraltar,GIB,2005,11.2
Gibraltar,GIB,2006,12.3
Gibraltar,GIB,2007,12.4
Gibraltar,GIB,2008,11.2
Gibraltar,GIB,2009,11.1
Gibraltar,GIB,2010,10.4
Gibraltar,GIB,2011,11.5
Gibraltar,GIB,2012,11.3
Gibraltar,GIB,2013,11.2
Gibraltar,GIB,2014,10.6
Gibraltar,GIB,2015,12.9
Gibraltar,GIB,2016,11.1
Gibraltar,GIB,2017,11.6
Gibraltar,GIB,2018,12.3
Gibraltar,GIB,2019,12.5
Gibraltar,GIB,2020,11.2
Gibraltar,GIB,2021,11.8
Gibraltar,GIB,2022,13.7
Gibraltar,GIB,2023,12.5
Gibraltar,GIB,2024,12.6
Greece,GRC,1998,17.4
Greece,GRC,1999,16.9
Greece,GRC,2000,18.6
Greece,GRC,2001,18.1
Greece,GRC,2002,18.8
Greece,GRC,2003,18.8
Greece,GRC,2004,17.2
Greece,GRC,2005,18.7
Greece,GRC,2006,18.6
Greece,GRC,2007,20.3
Greece,GRC,2008,20.1
Greece,GRC,2009,18
Greece,GRC,2010,16.8
Greece,GRC,2011,18.9
Greece,GRC,2012,17.4
Greece,GRC,2013,15.6
Greece,GRC,2014,16.3
Greece,GRC,2015,16.4
Greece,GRC,2016,15.4
Greece,GRC,2017,15.3
Greece,GRC,2018,15.3
Greece,GRC,2019,15.2
Greece,GRC,2020,13.7
Greece,GRC,2021,14.7
Greece,GRC,2022,15.3
Greece,GRC,2023,15.7
Greece,GRC,2024,15.1
Greenland,GRL,1998,1.8
Greenland,GRL,1999,1.7
Greenland,GRL,2000,1.8
Greenland,GRL,2001,1.6
Greenland,GRL,2002,1.8
Greenland,GRL,2003,1.8
Greenland,GRL,2004,2
Greenland,GRL,2005,1.9
Greenland,GRL,2006,1.8
Greenland,GRL,2007,2
Greenland,GRL,2008,2.2
Greenland,GRL,2009,2
Greenland,GRL,2010,2.1
Greenland,GRL,2011,1.9
Greenland,GRL,2012,2
Greenland,GRL,2013,1.9
Greenland,GRL,2014,1.8
Greenland,GRL,2015,1.5
Greenland,GRL,2016,1.4
Greenland,GRL,2017,1.5
Greenland,GRL,2018,1.3
Greenland,GRL,2019,1.6
Greenland,GRL,2020,1.4
Greenland,GRL,2021,1.3
Greenland,GRL,2022,1.4
Greenland,GRL,2023,1.7
Greenland,GRL,2024,1.1
Grenada,GRD,1998,9.9
Grenada,GRD,1999,11
Grenada,GRD,2000,11
Grenada,GRD,2001,11.1
Grenada,GRD,2002,10.7
Grenada,GRD,2003,10.9
Grenada,GRD,2004,9.9
Grenada,GRD,2005,10.1
Grenada,GRD,2006,10.2
Grenada,GRD,2007,11.3
Grenada,GRD,2008,9.7
Grenada,GRD,2009,11.5
Grenada,GRD,2010,12
Grenada,GRD,2011,10.6
Grenada,GRD,2012,11.6
Grenada,GRD,2013,9.7
Grenada,GRD,2014,9.7
Grenada,GRD,2015,11.5
Grenada,GRD,2016,11.5
Grenada,GRD,2017,12.2
Grenada,GRD,2018,10.1
Grenada,GRD,2019,10.2
Grenada,GRD,2020,10.5
Grenada,GRD,2021,11.6
Grenada,GRD,2022,10.2
Grenada,GRD,2023,10.2
Grenada,GRD,2024,10.6
Guadeloupe,GLP,1998,8.8
Guadeloupe,GLP,1999,9.2
Guadeloupe,GLP,2000,9
Guadeloupe,GLP,2001,9.3
Guadeloupe,GLP,2002,9.1
Guadeloupe,GLP,2003,8.6
Guadeloupe,GLP,2004,8.7
Guadeloupe,GLP,2005,9.3
Guadeloupe,GLP,2006,9.4
Guadeloupe,GLP,2007,9.3
Guadeloupe,GLP,2008,8.4
Guadeloupe,GLP,2009,9.7
Guadeloupe,GLP,2010,9.2
Guadeloupe,GLP,2011,9.1
Guadeloupe,GLP,2012,9.7
Guadeloupe,GLP,2013,8.1
Guadeloupe,GLP,2014,8.7
Guadeloupe,GLP,2015,9.8
Guadeloupe,GLP,2016,9.4
Guadeloupe,GLP,2017,9.6
Guadeloupe,GLP,2018,9
Guadeloupe,GLP,2019,8.9
Guadeloupe,GLP,2020,9
Guadeloupe,GLP,2021,9.8
Guadeloupe,GLP,2022,8.6
Guadeloupe,GLP,2023,9.1
Guadeloupe,GLP,2024,9.3
Guam,GUM,1998,1.8
Guam,GUM,1999,2
Guam,GUM,2000,2.1
Guam,GUM,2001,2.3
Guam,GUM,2002,2.5
Guam,GUM,2003,2.4
Guam,GUM,2004,2.8
Guam,GUM,2005,2.7
Guam,GUM,2006,2.9
Guam,GUM,2007,2.7
Guam,GUM,2008,2.5
Guam,GUM,2009,2.6
Guam,GUM,2010,2.6
Guam,GUM,2011,2.8
Guam,GUM,2012,2.8
Guam,GUM,2013,2.7
Guam,GUM,2014,3.4
Guam,GUM,2015,3.7
Guam,GUM,2016,2.7
Guam,GUM,2017,2.9
Guam,GUM,2018,2.5
Guam,GUM,2019,2.2
Guam,GUM,2020,2
Guam,GUM,2021,2.3
Guam,GUM,2022,2.5
Guam,GUM,2023,2.3
Guam,GUM,2024,1.9
Guatemala,GTM,1998,35.7
Guatemala,GTM,1999,20.5
Guatemala,GTM,2000,26.2
Guatemala,GTM,2001,23.7
Guatemala,GTM,2002,21.2
Guatemala,GTM,2003,28.4
Guatemala,GTM,2004,20.4
Guatemala,GTM,2005,28.1
Guatemala,GTM,2006,22.6
Guatemala,GTM,2007,25.1
Guatemala,GTM,2008,23.9
Guatemala,GTM,2009,26.2
Guatemala,GTM,2010,24.8
Guatemala,GTM,2011,25.9
Guatemala,GTM,2012,24.7
Guatemala,GTM,2013,27.1
Guatemala,GTM,2014,24.2
Guatemala,GTM,2015,22.9
Guatemala,GTM,2016,24.4
Guatemala,GTM,2017,24.4
Guatemala,GTM,2018,22.6
Guatemala,GTM,2019,25.3
Guatemala,GTM,2020,27.4
Guatemala,GTM,2021,25.4
Guatemala,GTM,2022,23.6
Guatemala,GTM,2023,25.6
Guatemala,GTM,2024,27.7
Guernsey,GGY,1998,11.9
Guernsey,GGY,1999,9.9
Guernsey,GGY,2000,8.9
Guernsey,GGY,2001,9
Guernsey,GGY,2002,9
Guernsey,GGY,2003,10
Guernsey,GGY,2004,8.2
Guernsey,GGY,2005,8
Guernsey,GGY,2006,8.2
Guernsey,GGY,2007,8.9
Guernsey,GGY,2008,9.2
Guernsey,GGY,2009,9.6
Guernsey,GGY,2010,9.6
Guernsey,GGY,2011,10.7
Guernsey,GGY,2012,10
Guernsey,GGY,2013,10.2
Guernsey,GGY,2014,9.3
Guernsey,GGY,2015,8
Guernsey,GGY,2016,8.8
Guernsey,GGY,2017,8.3
Guernsey,GGY,2018,8.9
Guernsey,GGY,2019,8.9
Guernsey,GGY,2020,7.6
Guernsey,GGY,2021,8.5
Guernsey,GGY,2022,8.4
Guernsey,GGY,2023,8.5
Guernsey,GGY,2024,7.4
Guinea,GIN,1998,30.7
Guinea,GIN,1999,30.2
Guinea,GIN,2000,26.3
Guinea,GIN,2001,24.4
Guinea,GIN,2002,24.5
Guinea,GIN,2003,25.5
Guinea,GIN,2004,28.7
Guinea,GIN,2005,25.9
Guinea,GIN,2006,23.1
Guinea,GIN,2007,27.8
Guinea,GIN,2008,28.2
Guinea,GIN,2009,27.2
Guinea,GIN,2010,27.3
Guinea,GIN,2011,28
Guinea,GIN,2012,26.3
Guinea,GIN,2013,23.1
Guinea,GIN,2014,24.8
Guinea,GIN,2015,26.7
Guinea,GIN,2016,25.7
Guinea,GIN,2017,26.5
Guinea,GIN,2018,26.2
Guinea,GIN,2019,24.5
Guinea,GIN,2020,23.4
Guinea,GIN,2021,24.3
Guinea,GIN,2022,23
Guinea,GIN,2023,22.3
Guinea,GIN,2024,23.9
Guinea-Bissau,GNB,1998,34.3
Guinea-Bissau,GNB,1999,33.1
Guinea-Bissau,GNB,2000,32.7
Guinea-Bissau,GNB,2001,30.6
Guinea-Bissau,GNB,2002,29.6
Guinea-Bissau,GNB,2003,29.7
Guinea-Bissau,GNB,2004,32.2
Guinea-Bissau,GNB,2005,30.1
Guinea-Bissau,GNB,2006,27.9
Guinea-Bissau,GNB,2007,33.1
Guinea-Bissau,GNB,2008,33
Guinea-Bissau,GNB,2009,28.8
Guinea-Bissau,GNB,2010,30.4
Guinea-Bissau,GNB,2011,30.8
Guinea-Bissau,GNB,2012,29.7
Guinea-Bissau,GNB,2013,25.8
Guinea-Bissau,GNB,2014,28.4
Guinea-Bissau,GNB,2015,30.4
Guinea-Bissau,GNB,2016,30
Guinea-Bissau,GNB,2017,31.9
Guinea-Bissau,GNB,2018,31.5
Guinea-Bissau,GNB,2019,28.6
Guinea-Bissau,GNB,2020,28.1
Guinea-Bissau,GNB,2021,29.6
Guinea-Bissau,GNB,2022,27.3
Guinea-Bissau,GNB,2023,27.2
Guinea-Bissau,GNB,2024,29
Guyana,GUY,1998,10.1
Guyana,GUY,1999,10.7
Guyana,GUY,2000,13.1
Guyana,GUY,2001,13.1
Guyana,GUY,2002,12.7
Guyana,GUY,2003,13.3
Guyana,GUY,2004,12.6
Guyana,GUY,2005,12.8
Guyana,GUY,2006,12.8
Guyana,GUY,2007,15.1
Guyana,GUY,2008,14
Guyana,GUY,2009,13
Guyana,GUY,2010,15.2
Guyana,GUY,2011,13.8
Guyana,GUY,2012,15.7
Guyana,GUY,2013,15.1
Guyana,GUY,2014,14.4
Guyana,GUY,2015,16.6
Guyana,GUY,2016,15
Guyana,GUY,2017,15.3
Guyana,GUY,2018,13.7
Guyana,GUY,2019,14.8
Guyana,GUY,2020,14.5
Guyana,GUY,2021,16.1
Guyana,GUY,2022,13.8
Guyana,GUY,2023,13.5
Guyana,GUY,2024,14.8
Haiti,HTI,1998,13.2
Haiti,HTI,1999,12.7
Haiti,HTI,2000,13.2
Haiti,HTI,2001,12.8
Haiti,HTI,2002,12.8
Haiti,HTI,2003,14.6
Haiti,HTI,2004,12.1
Haiti,HTI,2005,14
Haiti,HTI,2006,14.3
Haiti,HTI,2007,14.7
Haiti,HTI,2008,12.8
Haiti,HTI,2009,13.6
Haiti,HTI,2010,15.5
Haiti,HTI,2011,12.9
Haiti,HTI,2012,13
Haiti,HTI,2013,14
Haiti,HTI,2014,14.2
Haiti,HTI,2015,14.6
Haiti,HTI,2016,14.4
Haiti,HTI,2017,13.7
Haiti,HTI,2018,14.4
Haiti,HTI,2019,14.4
Haiti,HTI,2020,14.8
Haiti,HTI,2021,15.2
Haiti,HTI,2022,12.6
Haiti,HTI,2023,13.3
Haiti,HTI,2024,14
High-income countries,OWID_HIC,1998,15.482812
High-income countries,OWID_HIC,1999,14.881469
High-income countries,OWID_HIC,2000,15.792008
High-income countries,OWID_HIC,2001,15.652075
High-income countries,OWID_HIC,2002,15.858334
High-income countries,OWID_HIC,2003,16.359762
High-income countries,OWID_HIC,2004,15.067222
High-income countries,OWID_HIC,2005,15.725948
High-income countries,OWID_HIC,2006,16.187685
High-income countries,OWID_HIC,2007,15.3621235
High-income countries,OWID_HIC,2008,15.314559
High-income countries,OWID_HIC,2009,15.2724905
High-income countries,OWID_HIC,2010,15.469542
High-income countries,OWID_HIC,2011,15.360141
High-income countries,OWID_HIC,2012,14.507221
High-income countries,OWID_HIC,2013,14.250507
High-income countries,OWID_HIC,2014,14.233559
High-income countries,OWID_HIC,2015,14.244794
High-income countries,OWID_HIC,2016,13.505668
High-income countries,OWID_HIC,2017,13.731698
High-income countries,OWID_HIC,2018,13.643721
High-income countries,OWID_HIC,2019,12.920484
High-income countries,OWID_HIC,2020,12.112705
High-income countries,OWID_HIC,2021,12.525166
High-income countries,OWID_HIC,2022,12.621231
High-income countries,OWID_HIC,2023,12.693092
High-income countries,OWID_HIC,2024,12.502789
Honduras,HND,1998,27.3
Honduras,HND,1999,17.3
Honduras,HND,2000,25.9
Honduras,HND,2001,24
Honduras,HND,2002,22.5
Honduras,HND,2003,27.5
Honduras,HND,2004,21.7
Honduras,HND,2005,26.5
Honduras,HND,2006,24.1
Honduras,HND,2007,25
Honduras,HND,2008,24.9
Honduras,HND,2009,25.6
Honduras,HND,2010,23.4
Honduras,HND,2011,27.6
Honduras,HND,2012,24.6
Honduras,HND,2013,28.5
Honduras,HND,2014,25.2
Honduras,HND,2015,24.6
Honduras,HND,2016,24.3
Honduras,HND,2017,24.3
Honduras,HND,2018,24.6
Honduras,HND,2019,24.9
Honduras,HND,2020,30.7
Honduras,HND,2021,26.2
Honduras,HND,2022,26
Honduras,HND,2023,28.7
Honduras,HND,2024,31.6
Hong Kong,HKG,1998,17.4
Hong Kong,HKG,1999,15.9
Hong Kong,HKG,2000,20
Hong Kong,HKG,2001,21.4
Hong Kong,HKG,2002,20.6
Hong Kong,HKG,2003,23.3
Hong Kong,HKG,2004,27.5
Hong Kong,HKG,2005,25.5
Hong Kong,HKG,2006,26.7
Hong Kong,HKG,2007,26.9
Hong Kong,HKG,2008,25.7
Hong Kong,HKG,2009,25.4
Hong Kong,HKG,2010,20.5
Hong Kong,HKG,2011,27.5
Hong Kong,HKG,2012,26.6
Hong Kong,HKG,2013,26.8
Hong Kong,HKG,2014,25.8
Hong Kong,HKG,2015,23
Hong Kong,HKG,2016,21
Hong Kong,HKG,2017,22.4
Hong Kong,HKG,2018,20.9
Hong Kong,HKG,2019,20.3
Hong Kong,HKG,2020,15.8
Hong Kong,HKG,2021,16.4
Hong Kong,HKG,2022,14.4
Hong Kong,HKG,2023,15.7
Hong Kong,HKG,2024,15.8
Hungary,HUN,1998,26
Hungary,HUN,1999,25.7
Hungary,HUN,2000,24.3
Hungary,HUN,2001,26
Hungary,HUN,2002,27.2
Hungary,HUN,2003,27.3
Hungary,HUN,2004,23.6
Hungary,HUN,2005,25
Hungary,HUN,2006,25.9
Hungary,HUN,2007,19.2
Hungary,HUN,2008,20.5
Hungary,HUN,2009,21.7
Hungary,HUN,2010,20.9
Hungary,HUN,2011,25
Hungary,HUN,2012,21.9
Hungary,HUN,2013,20.3
Hungary,HUN,2014,19.5
Hungary,HUN,2015,20.1
Hungary,HUN,2016,18.3
Hungary,HUN,2017,20.2
Hungary,HUN,2018,19.8
Hungary,HUN,2019,15.5
Hungary,HUN,2020,14.1
Hungary,HUN,2021,15.2
Hungary,HUN,2022,14.6
Hungary,HUN,2023,12.3
Hungary,HUN,2024,13.4
Iceland,ISL,1998,3.9
Iceland,ISL,1999,3.9
Iceland,ISL,2000,4.1
Iceland,ISL,2001,4
Iceland,ISL,2002,4.3
Iceland,ISL,2003,4.4
Iceland,ISL,2004,4.7
Iceland,ISL,2005,4
Iceland,ISL,2006,4.3
Iceland,ISL,2007,4.1
Iceland,ISL,2008,4.2
Iceland,ISL,2009,4.4
Iceland,ISL,2010,4.6
Iceland,ISL,2011,4.4
Iceland,ISL,2012,3.9
Iceland,ISL,2013,4.1
Iceland,ISL,2014,4.4
Iceland,ISL,2015,4.1
Iceland,ISL,2016,4
Iceland,ISL,2017,4.6
Iceland,ISL,2018,4
Iceland,ISL,2019,4.6
Iceland,ISL,2020,3.7
Iceland,ISL,2021,5.1
Iceland,ISL,2022,4.1
Iceland,ISL,2023,5.1
Iceland,ISL,2024,4.6
India,IND,1998,31.3
India,IND,1999,32
India,IND,2000,36.6
India,IND,2001,39.1
India,IND,2002,39.5
India,IND,2003,42.1
India,IND,2004,42.6
India,IND,2005,42.2
India,IND,2006,44.3
India,IND,2007,46.1
India,IND,2008,50.2
India,IND,2009,49.5
India,IND,2010,49.6
India,IND,2011,53.1
India,IND,2012,51.2
India,IND,2013,51.8
India,IND,2014,51.2
India,IND,2015,56.4
India,IND,2016,59.8
India,IND,2017,58.3
India,IND,2018,56.9
India,IND,2019,53.3
India,IND,2020,48.1
India,IND,2021,52
India,IND,2022,48.7
India,IND,2023,47.1
India,IND,2024,44.2
Indonesia,IDN,1998,12.3
Indonesia,IDN,1999,12.5
Indonesia,IDN,2000,13.3
Indonesia,IDN,2001,14.3
Indonesia,IDN,2002,18.4
Indonesia,IDN,2003,15.4
Indonesia,IDN,2004,17.7
Indonesia,IDN,2005,17
Indonesia,IDN,2006,21.4
Indonesia,IDN,2007,17.5
Indonesia,IDN,2008,16.1
Indonesia,IDN,2009,18.7
Indonesia,IDN,2010,16
Indonesia,IDN,2011,17.8
Indonesia,IDN,2012,18.2
Indonesia,IDN,2013,16.8
Indonesia,IDN,2014,21.6
Indonesia,IDN,2015,23.1
Indonesia,IDN,2016,17.3
Indonesia,IDN,2017,15.9
Indonesia,IDN,2018,18.4
Indonesia,IDN,2019,21.8
Indonesia,IDN,2020,16.8
Indonesia,IDN,2021,17.7
Indonesia,IDN,2022,18.3
Indonesia,IDN,2023,19.4
Indonesia,IDN,2024,18.5
Iran,IRN,1998,27.4
Iran,IRN,1999,28.5
Iran,IRN,2000,35.1
Iran,IRN,2001,35.2
Iran,IRN,2002,35
Iran,IRN,2003,36.5
Iran,IRN,2004,35.7
Iran,IRN,2005,35.2
Iran,IRN,2006,36.1
Iran,IRN,2007,37
Iran,IRN,2008,38.8
Iran,IRN,2009,39.8
Iran,IRN,2010,39.6
Iran,IRN,2011,39.3
Iran,IRN,2012,37.1
Iran,IRN,2013,36.3
Iran,IRN,2014,36.1
Iran,IRN,2015,36.1
Iran,IRN,2016,35.3
Iran,IRN,2017,36
Iran,IRN,2018,36.7
Iran,IRN,2019,35.8
Iran,IRN,2020,34.8
Iran,IRN,2021,35.6
Iran,IRN,2022,37.6
Iran,IRN,2023,37.1
Iran,IRN,2024,37.7
Iraq,IRQ,1998,32.1
Iraq,IRQ,1999,44.3
Iraq,IRQ,2000,47
Iraq,IRQ,2001,41.4
Iraq,IRQ,2002,42.7
Iraq,IRQ,2003,42.1
Iraq,IRQ,2004,40.9
Iraq,IRQ,2005,44.7
Iraq,IRQ,2006,47.9
Iraq,IRQ,2007,46.8
Iraq,IRQ,2008,54.8
Iraq,IRQ,2009,55.1
Iraq,IRQ,2010,57.3
Iraq,IRQ,2011,52.7
Iraq,IRQ,2012,51.9
Iraq,IRQ,2013,48.7
Iraq,IRQ,2014,46
Iraq,IRQ,2015,47.9
Iraq,IRQ,2016,46.1
Iraq,IRQ,2017,46.5
Iraq,IRQ,2018,49.3
Iraq,IRQ,2019,43.4
Iraq,IRQ,2020,45.3
Iraq,IRQ,2021,45.6
Iraq,IRQ,2022,55.7
Iraq,IRQ,2023,50.1
Iraq,IRQ,2024,48.8
Ireland,IRL,1998,9.1
Ireland,IRL,1999,8.5
Ireland,IRL,2000,8.8
Ireland,IRL,2001,8.8
Ireland,IRL,2002,8.7
Ireland,IRL,2003,10
Ireland,IRL,2004,7.4
Ireland,IRL,2005,7.8
Ireland,IRL,2006,7.9
Ireland,IRL,2007,8.3
Ireland,IRL,2008,8.1
Ireland,IRL,2009,8.7
Ireland,IRL,2010,8.9
Ireland,IRL,2011,8.3
Ireland,IRL,2012,7.4
Ireland,IRL,2013,8.8
Ireland,IRL,2014,7.8
Ireland,IRL,2015,7.7
Ireland,IRL,2016,7.6
Ireland,IRL,2017,6.9
Ireland,IRL,2018,7.5
Ireland,IRL,2019,8.6
Ireland,IRL,2020,7.3
Ireland,IRL,2021,7.7
Ireland,IRL,2022,7.5
Ireland,IRL,2023,7.3
Ireland,IRL,2024,7.4
Isle of Man,IMN,1998,8.8
Isle of Man,IMN,1999,7.7
Isle of Man,IMN,2000,7.6
Isle of Man,IMN,2001,8.1
Isle of Man,IMN,2002,8.5
Isle of Man,IMN,2003,9.8
Isle of Man,IMN,2004,6.6
Isle of Man,IMN,2005,6.9
Isle of Man,IMN,2006,8.1
Isle of Man,IMN,2007,8
Isle of Man,IMN,2008,7.8
Isle of Man,IMN,2009,7.8
Isle of Man,IMN,2010,7.8
Isle of Man,IMN,2011,7.9
Isle of Man,IMN,2012,7.2
Isle of Man,IMN,2013,9.4
Isle of Man,IMN,2014,8.1
Isle of Man,IMN,2015,7.9
Isle of Man,IMN,2016,7.4
Isle of Man,IMN,2017,7.1
Isle of Man,IMN,2018,7.3
Isle of Man,IMN,2019,8.1
Isle of Man,IMN,2020,6.7
Isle of Man,IMN,2021,6.9
Isle of Man,IMN,2022,6.8
Isle of Man,IMN,2023,6.5
Isle of Man,IMN,2024,6.5
Israel,ISR,1998,16.6
Israel,ISR,1999,16.6
Israel,ISR,2000,20.2
Israel,ISR,2001,19.8
Israel,ISR,2002,18.9
Israel,ISR,2003,18.8
Israel,ISR,2004,18.4
Israel,ISR,2005,17.8
Israel,ISR,2006,18.7
Israel,ISR,2007,20.3
Israel,ISR,2008,19.6
Israel,ISR,2009,21.2
Israel,ISR,2010,21.6
Israel,ISR,2011,22.5
Israel,ISR,2012,21.5
Israel,ISR,2013,20.8
Israel,ISR,2014,20
Israel,ISR,2015,21.9
Israel,ISR,2016,18.2
Israel,ISR,2017,18.8
Israel,ISR,2018,18.6
Israel,ISR,2019,18.5
Israel,ISR,2020,18
Israel,ISR,2021,18.1
Israel,ISR,2022,19.8
Israel,ISR,2023,20.1
Israel,ISR,2024,20.4
Italy,ITA,1998,19.3
Italy,ITA,1999,18.9
Italy,ITA,2000,20.3
Italy,ITA,2001,18.8
Italy,ITA,2002,20.4
Italy,ITA,2003,20.7
Italy,ITA,2004,18.5
Italy,ITA,2005,19.6
Italy,ITA,2006,21.5
Italy,ITA,2007,21.1
Italy,ITA,2008,19.4
Italy,ITA,2009,19.4
Italy,ITA,2010,18.6
Italy,ITA,2011,20.8
Italy,ITA,2012,19
Italy,ITA,2013,17.4
Italy,ITA,2014,15.8
Italy,ITA,2015,18.6
Italy,ITA,2016,16.3
Italy,ITA,2017,17.5
Italy,ITA,2018,15.9
Italy,ITA,2019,15.1
Italy,ITA,2020,15.4
Italy,ITA,2021,14.4
Italy,ITA,2022,15.3
Italy,ITA,2023,14.8
Italy,ITA,2024,15.2
Jamaica,JAM,1998,15
Jamaica,JAM,1999,15.5
Jamaica,JAM,2000,16.6
Jamaica,JAM,2001,15.9
Jamaica,JAM,2002,16.8
Jamaica,JAM,2003,17.5
Jamaica,JAM,2004,16.4
Jamaica,JAM,2005,18.6
Jamaica,JAM,2006,18.1
Jamaica,JAM,2007,17.7
Jamaica,JAM,2008,17.4
Jamaica,JAM,2009,17.4
Jamaica,JAM,2010,18.2
Jamaica,JAM,2011,17.1
Jamaica,JAM,2012,18.1
Jamaica,JAM,2013,17.6
Jamaica,JAM,2014,18.2
Jamaica,JAM,2015,18.3
Jamaica,JAM,2016,17.2
Jamaica,JAM,2017,17
Jamaica,JAM,2018,17.4
Jamaica,JAM,2019,17.6
Jamaica,JAM,2020,18.1
Jamaica,JAM,2021,18.3
Jamaica,JAM,2022,17.4
Jamaica,JAM,2023,17.5
Jamaica,JAM,2024,17.6
Japan,JPN,1998,11.9
Japan,JPN,1999,10.1
Japan,JPN,2000,15.3
Japan,JPN,2001,13.9
Japan,JPN,2002,13.5
Japan,JPN,2003,14.5
Japan,JPN,2004,13.1
Japan,JPN,2005,14.1
Japan,JPN,2006,14.7
Japan,JPN,2007,13.5
Japan,JPN,2008,15
Japan,JPN,2009,13.5
Japan,JPN,2010,12.1
Japan,JPN,2011,12.5
Japan,JPN,2012,13.3
Japan,JPN,2013,12.7
Japan,JPN,2014,13.1
Japan,JPN,2015,13.3
Japan,JPN,2016,12.3
Japan,JPN,2017,12.1
Japan,JPN,2018,12.2
Japan,JPN,2019,12.1
Japan,JPN,2020,11.3
Japan,JPN,2021,11.2
Japan,JPN,2022,11.8
Japan,JPN,2023,11.2
Japan,JPN,2024,10.5
Jersey,JEY,1998,12.5
Jersey,JEY,1999,11
Jersey,JEY,2000,9.9
Jersey,JEY,2001,10.2
Jersey,JEY,2002,10.1
Jersey,JEY,2003,11.1
Jersey,JEY,2004,9.1
Jersey,JEY,2005,8.8
Jersey,JEY,2006,9.1
Jersey,JEY,2007,9.5
Jersey,JEY,2008,10
Jersey,JEY,2009,10.5
Jersey,JEY,2010,10.7
Jersey,JEY,2011,12
Jersey,JEY,2012,11.4
Jersey,JEY,2013,11.5
Jersey,JEY,2014,10.2
Jersey,JEY,2015,9.3
Jersey,JEY,2016,9.9
Jersey,JEY,2017,9.2
Jersey,JEY,2018,9.6
Jersey,JEY,2019,9.4
Jersey,JEY,2020,8
Jersey,JEY,2021,9.2
Jersey,JEY,2022,9
Jersey,JEY,2023,9.3
Jersey,JEY,2024,8.1
Jordan,JOR,1998,24
Jordan,JOR,1999,25.2
Jordan,JOR,2000,29
Jordan,JOR,2001,29.7
Jordan,JOR,2002,28.6
Jordan,JOR,2003,29.3
Jordan,JOR,2004,29.7
Jordan,JOR,2005,28.8
Jordan,JOR,2006,29.8
Jordan,JOR,2007,30.3
Jordan,JOR,2008,29.7
Jordan,JOR,2009,31.1
Jordan,JOR,2010,32.3
Jordan,JOR,2011,32.7
Jordan,JOR,2012,31.8
Jordan,JOR,2013,31.2
Jordan,JOR,2014,28.9
Jordan,JOR,2015,33.3
Jordan,JOR,2016,28.6
Jordan,JOR,2017,30.5
Jordan,JOR,2018,31.6
Jordan,JOR,2019,32.1
Jordan,JOR,2020,30.9
Jordan,JOR,2021,31.6
Jordan,JOR,2022,33.3
Jordan,JOR,2023,31.3
Jordan,JOR,2024,32.6
Kazakhstan,KAZ,1998,14.2
Kazakhstan,KAZ,1999,15.5
Kazakhstan,KAZ,2000,15.3
Kazakhstan,KAZ,2001,15.9
Kazakhstan,KAZ,2002,15.7
Kazakhstan,KAZ,2003,15.4
Kazakhstan,KAZ,2004,16
Kazakhstan,KAZ,2005,15.4
Kazakhstan,KAZ,2006,15.8
Kazakhstan,KAZ,2007,17.9
Kazakhstan,KAZ,2008,19.2
Kazakhstan,KAZ,2009,17.9
Kazakhstan,KAZ,2010,17.7
Kazakhstan,KAZ,2011,17.6
Kazakhstan,KAZ,2012,16.3
Kazakhstan,KAZ,2013,16.7
Kazakhstan,KAZ,2014,16.2
Kazakhstan,KAZ,2015,17.9
Kazakhstan,KAZ,2016,16.4
Kazakhstan,KAZ,2017,16.5
Kazakhstan,KAZ,2018,14.8
Kazakhstan,KAZ,2019,16.4
Kazakhstan,KAZ,2020,15.4
Kazakhstan,KAZ,2021,16.7
Kazakhstan,KAZ,2022,14.7
Kazakhstan,KAZ,2023,16.3
Kazakhstan,KAZ,2024,16
Kenya,KEN,1998,12.1
Kenya,KEN,1999,10.2
Kenya,KEN,2000,21.2
Kenya,KEN,2001,22.9
Kenya,KEN,2002,19.2
Kenya,KEN,2003,20.3
Kenya,KEN,2004,19
Kenya,KEN,2005,18.5
Kenya,KEN,2006,18.9
Kenya,KEN,2007,21.4
Kenya,KEN,2008,20.1
Kenya,KEN,2009,19.8
Kenya,KEN,2010,21.4
Kenya,KEN,2011,21.4
Kenya,KEN,2012,21.9
Kenya,KEN,2013,21.8
Kenya,KEN,2014,19.6
Kenya,KEN,2015,19.6
Kenya,KEN,2016,19.9
Kenya,KEN,2017,19
Kenya,KEN,2018,20.1
Kenya,KEN,2019,19.8
Kenya,KEN,2020,21.7
Kenya,KEN,2021,20.6
Kenya,KEN,2022,20.5
Kenya,KEN,2023,18.4
Kenya,KEN,2024,22
Kiribati,KIR,1998,3.2
Kiribati,KIR,1999,3.3
Kiribati,KIR,2000,3.4
Kiribati,KIR,2001,3.5
Kiribati,KIR,2002,3.9
Kiribati,KIR,2003,3.4
Kiribati,KIR,2004,3.7
Kiribati,KIR,2005,4.3
Kiribati,KIR,2006,4.6
Kiribati,KIR,2007,4.5
Kiribati,KIR,2008,4
Kiribati,KIR,2009,5.1
Kiribati,KIR,2010,4.6
Kiribati,KIR,2011,4.2
Kiribati,KIR,2012,4
Kiribati,KIR,2013,4.1
Kiribati,KIR,2014,4.3
Kiribati,KIR,2015,5.6
Kiribati,KIR,2016,3.8
Kiribati,KIR,2017,3.6
Kiribati,KIR,2018,3.8
Kiribati,KIR,2019,5.2
Kiribati,KIR,2020,3.8
Kiribati,KIR,2021,3.5
Kiribati,KIR,2022,3.8
Kiribati,KIR,2023,4.8
Kiribati,KIR,2024,3.7
Kosovo,OWID_KOS,1998,24.1
Kosovo,OWID_KOS,1999,23.1
Kosovo,OWID_KOS,2000,24.5
Kosovo,OWID_KOS,2001,23.5
Kosovo,OWID_KOS,2002,25.2
Kosovo,OWID_KOS,2003,25.3
Kosovo,OWID_KOS,2004,23.9
Kosovo,OWID_KOS,2005,24.8
Kosovo,OWID_KOS,2006,26.4
Kosovo,OWID_KOS,2007,25.7
Kosovo,OWID_KOS,2008,24.8
Kosovo,OWID_KOS,2009,24.6
Kosovo,OWID_KOS,2010,24.5
Kosovo,OWID_KOS,2011,29.6
Kosovo,OWID_KOS,2012,27.3
Kosovo,OWID_KOS,2013,28.2
Kosovo,OWID_KOS,2014,22.9
Kosovo,OWID_KOS,2015,26
Kosovo,OWID_KOS,2016,24.8
Kosovo,OWID_KOS,2017,24.1
Kosovo,OWID_KOS,2018,24.6
Kosovo,OWID_KOS,2019,20
Kosovo,OWID_KOS,2020,22.1
Kosovo,OWID_KOS,2021,18.5
Kosovo,OWID_KOS,2022,19.5
Kosovo,OWID_KOS,2023,18
Kosovo,OWID_KOS,2024,15.9
Kuwait,KWT,1998,44
Kuwait,KWT,1999,51.9
Kuwait,KWT,2000,56.7
Kuwait,KWT,2001,51.5
Kuwait,KWT,2002,53.5
Kuwait,KWT,2003,57.9
Kuwait,KWT,2004,53.6
Kuwait,KWT,2005,55.4
Kuwait,KWT,2006,55.9
Kuwait,KWT,2007,56.4
Kuwait,KWT,2008,61
Kuwait,KWT,2009,64.8
Kuwait,KWT,2010,62.3
Kuwait,KWT,2011,61.7
Kuwait,KWT,2012,61.7
Kuwait,KWT,2013,57.9
Kuwait,KWT,2014,56.3
Kuwait,KWT,2015,60
Kuwait,KWT,2016,55.2
Kuwait,KWT,2017,60.2
Kuwait,KWT,2018,67.5
Kuwait,KWT,2019,62
Kuwait,KWT,2020,60.2
Kuwait,KWT,2021,62.7
Kuwait,KWT,2022,69
Kuwait,KWT,2023,58.4
Kuwait,KWT,2024,57.3
Kyrgyzstan,KGZ,1998,15.4
Kyrgyzstan,KGZ,1999,15.7
Kyrgyzstan,KGZ,2000,19.9
Kyrgyzstan,KGZ,2001,17.9
Kyrgyzstan,KGZ,2002,20
Kyrgyzstan,KGZ,2003,16.6
Kyrgyzstan,KGZ,2004,19.2
Kyrgyzstan,KGZ,2005,17.9
Kyrgyzstan,KGZ,2006,20.8
Kyrgyzstan,KGZ,2007,20.9
Kyrgyzstan,KGZ,2008,21.2
Kyrgyzstan,KGZ,2009,20.6
Kyrgyzstan,KGZ,2010,19
Kyrgyzstan,KGZ,2011,18.3
Kyrgyzstan,KGZ,2012,17.5
Kyrgyzstan,KGZ,2013,19.8
Kyrgyzstan,KGZ,2014,17.6
Kyrgyzstan,KGZ,2015,21.2
Kyrgyzstan,KGZ,2016,19.3
Kyrgyzstan,KGZ,2017,18.2
Kyrgyzstan,KGZ,2018,16.9
Kyrgyzstan,KGZ,2019,18.6
Kyrgyzstan,KGZ,2020,16.7
Kyrgyzstan,KGZ,2021,19.8
Kyrgyzstan,KGZ,2022,16
Kyrgyzstan,KGZ,2023,18.9
Kyrgyzstan,KGZ,2024,17
Laos,LAO,1998,25.9
Laos,LAO,1999,21.2
Laos,LAO,2000,22.9
Laos,LAO,2001,22.1
Laos,LAO,2002,22.2
Laos,LAO,2003,21.9
Laos,LAO,2004,28.5
Laos,LAO,2005,27.5
Laos,LAO,2006,24.9
Laos,LAO,2007,30.3
Laos,LAO,2008,24.8
Laos,LAO,2009,25.5
Laos,LAO,2010,28.8
Laos,LAO,2011,25
Laos,LAO,2012,25.6
Laos,LAO,2013,27.8
Laos,LAO,2014,28.9
Laos,LAO,2015,24.7
Laos,LAO,2016,28.3
Laos,LAO,2017,24.9
Laos,LAO,2018,25.1
Laos,LAO,2019,30
Laos,LAO,2020,28.7
Laos,LAO,2021,25.4
Laos,LAO,2022,23
Laos,LAO,2023,30.1
Laos,LAO,2024,27
Latvia,LVA,1998,20
Latvia,LVA,1999,20.1
Latvia,LVA,2000,17.6
Latvia,LVA,2001,17.9
Latvia,LVA,2002,20.1
Latvia,LVA,2003,18.2
Latvia,LVA,2004,16.7
Latvia,LVA,2005,16.7
Latvia,LVA,2006,18.8
Latvia,LVA,2007,21.2
Latvia,LVA,2008,20.6
Latvia,LVA,2009,18.8
Latvia,LVA,2010,20.7
Latvia,LVA,2011,16.9
Latvia,LVA,2012,17.6
Latvia,LVA,2013,16.7
Latvia,LVA,2014,18.2
Latvia,LVA,2015,15.6
Latvia,LVA,2016,13.6
Latvia,LVA,2017,13.2
Latvia,LVA,2018,15.9
Latvia,LVA,2019,13.6
Latvia,LVA,2020,12.8
Latvia,LVA,2021,13.9
Latvia,LVA,2022,12.4
Latvia,LVA,2023,13
Latvia,LVA,2024,12.7
Lebanon,LBN,1998,23.7
Lebanon,LBN,1999,23.7
Lebanon,LBN,2000,27.2
Lebanon,LBN,2001,27.2
Lebanon,LBN,2002,26.3
Lebanon,LBN,2003,26.4
Lebanon,LBN,2004,25.3
Lebanon,LBN,2005,24.5
Lebanon,LBN,2006,26.1
Lebanon,LBN,2007,27.9
Lebanon,LBN,2008,26.1
Lebanon,LBN,2009,27.6
Lebanon,LBN,2010,28.7
Lebanon,LBN,2011,30.9
Lebanon,LBN,2012,28.9
Lebanon,LBN,2013,28.6
Lebanon,LBN,2014,27.6
Lebanon,LBN,2015,29.2
Lebanon,LBN,2016,25.7
Lebanon,LBN,2017,27.1
Lebanon,LBN,2018,26.2
Lebanon,LBN,2019,26.7
Lebanon,LBN,2020,25.6
Lebanon,LBN,2021,24.6
Lebanon,LBN,2022,27
Lebanon,LBN,2023,26.3
Lebanon,LBN,2024,26.2
Lesotho,LSO,1998,17.3
Lesotho,LSO,1999,17.1
Lesotho,LSO,2000,24.4
Lesotho,LSO,2001,22.5
Lesotho,LSO,2002,25.3
Lesotho,LSO,2003,24.8
Lesotho,LSO,2004,23.7
Lesotho,LSO,2005,25
Lesotho,LSO,2006,25.4
Lesotho,LSO,2007,23
Lesotho,LSO,2008,25.2
Lesotho,LSO,2009,24.7
Lesotho,LSO,2010,26.6
Lesotho,LSO,2011,23.5
Lesotho,LSO,2012,24.6
Lesotho,LSO,2013,24.3
Lesotho,LSO,2014,24.2
Lesotho,LSO,2015,24.8
Lesotho,LSO,2016,22.6
Lesotho,LSO,2017,25.2
Lesotho,LSO,2018,24
Lesotho,LSO,2019,22.8
Lesotho,LSO,2020,23.6
Lesotho,LSO,2021,25.5
Lesotho,LSO,2022,29.1
Lesotho,LSO,2023,25.9
Lesotho,LSO,2024,24.5
Liberia,LBR,1998,17.4
Liberia,LBR,1999,16.5
Liberia,LBR,2000,15.1
Liberia,LBR,2001,15.1
Liberia,LBR,2002,15.4
Liberia,LBR,2003,14.3
Liberia,LBR,2004,15.7
Liberia,LBR,2005,17.3
Liberia,LBR,2006,15
Liberia,LBR,2007,16.8
Liberia,LBR,2008,17.7
Liberia,LBR,2009,18.9
Liberia,LBR,2010,15.4
Liberia,LBR,2011,18.6
Liberia,LBR,2012,16.2
Liberia,LBR,2013,16.7
Liberia,LBR,2014,15.4
Liberia,LBR,2015,18.3
Liberia,LBR,2016,17
Liberia,LBR,2017,16.5
Liberia,LBR,2018,15.9
Liberia,LBR,2019,15.5
Liberia,LBR,2020,16.3
Liberia,LBR,2021,15.4
Liberia,LBR,2022,16.6
Liberia,LBR,2023,15.4
Liberia,LBR,2024,17.2
Libya,LBY,1998,20.9
Libya,LBY,1999,20.5
Libya,LBY,2000,17.9
Libya,LBY,2001,17.7
Libya,LBY,2002,17.8
Libya,LBY,2003,19.3
Libya,LBY,2004,18.8
Libya,LBY,2005,18.7
Libya,LBY,2006,17.5
Libya,LBY,2007,18.8
Libya,LBY,2008,18.8
Libya,LBY,2009,19.2
Libya,LBY,2010,20.5
Libya,LBY,2011,18.6
Libya,LBY,2012,16
Libya,LBY,2013,18.6
Libya,LBY,2014,16
Libya,LBY,2015,16.3
Libya,LBY,2016,17.3
Libya,LBY,2017,16.1
Libya,LBY,2018,18
Libya,LBY,2019,17.2
Libya,LBY,2020,15.2
Libya,LBY,2021,17.1
Libya,LBY,2022,17.9
Libya,LBY,2023,16.2
Libya,LBY,2024,17.1
Liechtenstein,LIE,1998,16.1
Liechtenstein,LIE,1999,16.4
Liechtenstein,LIE,2000,15.9
Liechtenstein,LIE,2001,16.2
Liechtenstein,LIE,2002,17.9
Liechtenstein,LIE,2003,18.2
Liechtenstein,LIE,2004,15
Liechtenstein,LIE,2005,16.8
Liechtenstein,LIE,2006,17.5
Liechtenstein,LIE,2007,14.5
Liechtenstein,LIE,2008,14.3
Liechtenstein,LIE,2009,15.4
Liechtenstein,LIE,2010,15.3
Liechtenstein,LIE,2011,15.1
Liechtenstein,LIE,2012,13.7
Liechtenstein,LIE,2013,13.6
Liechtenstein,LIE,2014,11.3
Liechtenstein,LIE,2015,13.2
Liechtenstein,LIE,2016,11.8
Liechtenstein,LIE,2017,12
Liechtenstein,LIE,2018,12.1
Liechtenstein,LIE,2019,10.4
Liechtenstein,LIE,2020,10
Liechtenstein,LIE,2021,10
Liechtenstein,LIE,2022,10.5
Liechtenstein,LIE,2023,10.3
Liechtenstein,LIE,2024,10.4
Lithuania,LTU,1998,19
Lithuania,LTU,1999,18.6
Lithuania,LTU,2000,16.3
Lithuania,LTU,2001,16.2
Lithuania,LTU,2002,18.7
Lithuania,LTU,2003,16.5
Lithuania,LTU,2004,15
Lithuania,LTU,2005,14.8
Lithuania,LTU,2006,16.7
Lithuania,LTU,2007,16.7
Lithuania,LTU,2008,18.7
Lithuania,LTU,2009,18.4
Lithuania,LTU,2010,20.3
Lithuania,LTU,2011,17.4
Lithuania,LTU,2012,16.9
Lithuania,LTU,2013,15.4
Lithuania,LTU,2014,17.1
Lithuania,LTU,2015,15
Lithuania,LTU,2016,13
Lithuania,LTU,2017,12.6
Lithuania,LTU,2018,14.5
Lithuania,LTU,2019,12.6
Lithuania,LTU,2020,10.9
Lithuania,LTU,2021,12.4
Lithuania,LTU,2022,10.9
Lithuania,LTU,2023,11
Lithuania,LTU,2024,11.6
Low-income countries,OWID_LIC,1998,23.097002
Low-income countries,OWID_LIC,1999,21.065464
Low-income countries,OWID_LIC,2000,27.062796
Low-income countries,OWID_LIC,2001,29.063663
Low-income countries,OWID_LIC,2002,27.719763
Low-income countries,OWID_LIC,2003,28.361874
Low-income countries,OWID_LIC,2004,28.90317
Low-income countries,OWID_LIC,2005,28.54308
Low-income countries,OWID_LIC,2006,27.251387
Low-income countries,OWID_LIC,2007,29.301594
Low-income countries,OWID_LIC,2008,29.304
Low-income countries,OWID_LIC,2009,28.752651
Low-income countries,OWID_LIC,2010,30.450035
Low-income countries,OWID_LIC,2011,31.530807
Low-income countries,OWID_LIC,2012,31.24383
Low-income countries,OWID_LIC,2013,30.86737
Low-income countries,OWID_LIC,2014,29.278402
Low-income countries,OWID_LIC,2015,31.441374
Low-income countries,OWID_LIC,2016,30.017735
Low-income countries,OWID_LIC,2017,29.48849
Low-income countries,OWID_LIC,2018,28.700666
Low-income countries,OWID_LIC,2019,29.44137
Low-income countries,OWID_LIC,2020,28.186724
Low-income countries,OWID_LIC,2021,28.750214
Low-income countries,OWID_LIC,2022,29.642439
Low-income countries,OWID_LIC,2023,26.508335
Low-income countries,OWID_LIC,2024,29.975212
Lower-middle-income countries,OWID_LMC,1998,32.083145
Lower-middle-income countries,OWID_LMC,1999,31.714725
Lower-middle-income countries,OWID_LMC,2000,36.41644
Lower-middle-income countries,OWID_LMC,2001,38.13257
Lower-middle-income countries,OWID_LMC,2002,38.23566
Lower-middle-income countries,OWID_LMC,2003,39.73091
Lower-middle-income countries,OWID_LMC,2004,40.35597
Lower-middle-income countries,OWID_LMC,2005,40.196873
Lower-middle-income countries,OWID_LMC,2006,41.712246
Lower-middle-income countries,OWID_LMC,2007,43.354946
Lower-middle-income countries,OWID_LMC,2008,45.665398
Lower-middle-income countries,OWID_LMC,2009,45.088795
Lower-middle-income countries,OWID_LMC,2010,45.521595
Lower-middle-income countries,OWID_LMC,2011,47.367725
Lower-middle-income countries,OWID_LMC,2012,46.06725
Lower-middle-income countries,OWID_LMC,2013,46.005337
Lower-middle-income countries,OWID_LMC,2014,45.49289
Lower-middle-income countries,OWID_LMC,2015,49.621563
Lower-middle-income countries,OWID_LMC,2016,50.93578
Lower-middle-income countries,OWID_LMC,2017,49.86956
Lower-middle-income countries,OWID_LMC,2018,49.805912
Lower-middle-income countries,OWID_LMC,2019,46.625423
Lower-middle-income countries,OWID_LMC,2020,44.277317
Lower-middle-income countries,OWID_LMC,2021,46.83071
Lower-middle-income countries,OWID_LMC,2022,44.571037
Lower-middle-income countries,OWID_LMC,2023,43.639584
Lower-middle-income countries,OWID_LMC,2024,42.531483
Luxembourg,LUX,1998,18
Luxembourg,LUX,1999,16.5
Luxembourg,LUX,2000,15.1
Luxembourg,LUX,2001,14.7
Luxembourg,LUX,2002,14.9
Luxembourg,LUX,2003,16.4
Luxembourg,LUX,2004,14.5
Luxembourg,LUX,2005,13.8
Luxembourg,LUX,2006,15.2
Luxembourg,LUX,2007,14.6
Luxembourg,LUX,2008,14.5
Luxembourg,LUX,2009,15.1
Luxembourg,LUX,2010,14.9
Luxembourg,LUX,2011,14.7
Luxembourg,LUX,2012,13.1
Luxembourg,LUX,2013,14.3
Luxembourg,LUX,2014,12.2
Luxembourg,LUX,2015,11.9
Luxembourg,LUX,2016,11.1
Luxembourg,LUX,2017,10.7
Luxembourg,LUX,2018,10.9
Luxembourg,LUX,2019,9
Luxembourg,LUX,2020,8
Luxembourg,LUX,2021,8.6
Luxembourg,LUX,2022,8.9
Luxembourg,LUX,2023,8.1
Luxembourg,LUX,2024,8.4
Macao,MAC,1998,20.2
Macao,MAC,1999,18.6
Macao,MAC,2000,25
Macao,MAC,2001,26.2
Macao,MAC,2002,26.1
Macao,MAC,2003,29.2
Macao,MAC,2004,33.5
Macao,MAC,2005,32.2
Macao,MAC,2006,34.1
Macao,MAC,2007,34
Macao,MAC,2008,32.5
Macao,MAC,2009,32.8
Macao,MAC,2010,26
Macao,MAC,2011,33
Macao,MAC,2012,34.7
Macao,MAC,2013,34.2
Macao,MAC,2014,32.1
Macao,MAC,2015,29.7
Macao,MAC,2016,26.5
Macao,MAC,2017,29
Macao,MAC,2018,26.6
Macao,MAC,2019,26
Macao,MAC,2020,19.1
Macao,MAC,2021,20.1
Macao,MAC,2022,19.2
Macao,MAC,2023,20.1
Macao,MAC,2024,19.7
Madagascar,MDG,1998,6
Madagascar,MDG,1999,5.4
Madagascar,MDG,2000,9.5
Madagascar,MDG,2001,13.8
Madagascar,MDG,2002,10.6
Madagascar,MDG,2003,10.6
Madagascar,MDG,2004,11.5
Madagascar,MDG,2005,12.4
Madagascar,MDG,2006,12
Madagascar,MDG,2007,12.4
Madagascar,MDG,2008,12.4
Madagascar,MDG,2009,12.1
Madagascar,MDG,2010,13.5
Madagascar,MDG,2011,12.3
Madagascar,MDG,2012,11.9
Madagascar,MDG,2013,12.9
Madagascar,MDG,2014,11.5
Madagascar,MDG,2015,12.6
Madagascar,MDG,2016,11.8
Madagascar,MDG,2017,10.9
Madagascar,MDG,2018,11.4
Madagascar,MDG,2019,11.5
Madagascar,MDG,2020,10.5
Madagascar,MDG,2021,9.9
Madagascar,MDG,2022,11.2
Madagascar,MDG,2023,11.2
Madagascar,MDG,2024,11.6
Malawi,MWI,1998,13.3
Malawi,MWI,1999,10.8
Malawi,MWI,2000,15.6
Malawi,MWI,2001,21.3
Malawi,MWI,2002,18
Malawi,MWI,2003,18.6
Malawi,MWI,2004,18.4
Malawi,MWI,2005,20.2
Malawi,MWI,2006,18.7
Malawi,MWI,2007,21
Malawi,MWI,2008,20.4
Malawi,MWI,2009,17.8
Malawi,MWI,2010,19.4
Malawi,MWI,2011,19.3
Malawi,MWI,2012,19.5
Malawi,MWI,2013,18.3
Malawi,MWI,2014,18.7
Malawi,MWI,2015,18.7
Malawi,MWI,2016,16.2
Malawi,MWI,2017,17
Malawi,MWI,2018,17.7
Malawi,MWI,2019,19.2
Malawi,MWI,2020,16.7
Malawi,MWI,2021,16.5
Malawi,MWI,2022,20.8
Malawi,MWI,2023,20
Malawi,MWI,2024,21.8
Malaysia,MYS,1998,12.4
Malaysia,MYS,1999,11.5
Malaysia,MYS,2000,13.5
Malaysia,MYS,2001,12.8
Malaysia,MYS,2002,17
Malaysia,MYS,2003,14.5
Malaysia,MYS,2004,17.7
Malaysia,MYS,2005,17.3
Malaysia,MYS,2006,21.3
Malaysia,MYS,2007,14
Malaysia,MYS,2008,13.4
Malaysia,MYS,2009,18.1
Malaysia,MYS,2010,12.5
Malaysia,MYS,2011,16.4
Malaysia,MYS,2012,17.4
Malaysia,MYS,2013,18
Malaysia,MYS,2014,20.1
Malaysia,MYS,2015,24.4
Malaysia,MYS,2016,15.3
Malaysia,MYS,2017,14.3
Malaysia,MYS,2018,16.3
Malaysia,MYS,2019,21.8
Malaysia,MYS,2020,13.8
Malaysia,MYS,2021,14.1
Malaysia,MYS,2022,14.1
Malaysia,MYS,2023,15.3
Malaysia,MYS,2024,15.3
Maldives,MDV,1998,11
Maldives,MDV,1999,13.5
Maldives,MDV,2000,13.6
Maldives,MDV,2001,13.9
Maldives,MDV,2002,11.9
Maldives,MDV,2003,15.5
Maldives,MDV,2004,14.1
Maldives,MDV,2005,13.8
Maldives,MDV,2006,14.5
Maldives,MDV,2007,18
Maldives,MDV,2008,15.7
Maldives,MDV,2009,16.3
Maldives,MDV,2010,15
Maldives,MDV,2011,16.3
Maldives,MDV,2012,14.3
Maldives,MDV,2013,12.6
Maldives,MDV,2014,14
Maldives,MDV,2015,11.9
Maldives,MDV,2016,17.1
Maldives,MDV,2017,15.7
Maldives,MDV,2018,16.6
Maldives,MDV,2019,13.3
Maldives,MDV,2020,12.8
Maldives,MDV,2021,11.8
Maldives,MDV,2022,12.6
Maldives,MDV,2023,11.8
Maldives,MDV,2024,10.7
Mali,MLI,1998,38.3
Mali,MLI,1999,36
Mali,MLI,2000,36.6
Mali,MLI,2001,33.1
Mali,MLI,2002,35.9
Mali,MLI,2003,36
Mali,MLI,2004,37.8
Mali,MLI,2005,35.3
Mali,MLI,2006,32.4
Mali,MLI,2007,36.4
Mali,MLI,2008,36
Mali,MLI,2009,35.7
Mali,MLI,2010,37.4
Mali,MLI,2011,37.4
Mali,MLI,2012,38.4
Mali,MLI,2013,30.8
Mali,MLI,2014,34.4
Mali,MLI,2015,34.8
Mali,MLI,2016,33.4
Mali,MLI,2017,35.8
Mali,MLI,2018,33.4
Mali,MLI,2019,34.4
Mali,MLI,2020,30.5
Mali,MLI,2021,31.9
Mali,MLI,2022,31.9
Mali,MLI,2023,29.6
Mali,MLI,2024,31
Malta,MLT,1998,12.2
Malta,MLT,1999,12.5
Malta,MLT,2000,12.6
Malta,MLT,2001,12.2
Malta,MLT,2002,12.9
Malta,MLT,2003,14.9
Malta,MLT,2004,12.8
Malta,MLT,2005,12.1
Malta,MLT,2006,12.8
Malta,MLT,2007,15.1
Malta,MLT,2008,14.4
Malta,MLT,2009,12.9
Malta,MLT,2010,12.9
Malta,MLT,2011,14.5
Malta,MLT,2012,12.2
Malta,MLT,2013,12.2
Malta,MLT,2014,11.7
Malta,MLT,2015,13.1
Malta,MLT,2016,11.2
Malta,MLT,2017,11.3
Malta,MLT,2018,13.3
Malta,MLT,2019,11.7
Malta,MLT,2020,9.8
Malta,MLT,2021,11.1
Malta,MLT,2022,10.8
Malta,MLT,2023,11.2
Malta,MLT,2024,11.1
Marshall Islands,MHL,1998,2.6
Marshall Islands,MHL,1999,2.6
Marshall Islands,MHL,2000,3
Marshall Islands,MHL,2001,3.1
Marshall Islands,MHL,2002,3.2
Marshall Islands,MHL,2003,2.9
Marshall Islands,MHL,2004,3
Marshall Islands,MHL,2005,3.1
Marshall Islands,MHL,2006,3.4
Marshall Islands,MHL,2007,3.4
Marshall Islands,MHL,2008,3.4
Marshall Islands,MHL,2009,3.3
Marshall Islands,MHL,2010,3.9
Marshall Islands,MHL,2011,3.9
Marshall Islands,MHL,2012,3.2
Marshall Islands,MHL,2013,3.4
Marshall Islands,MHL,2014,3.5
Marshall Islands,MHL,2015,4.1
Marshall Islands,MHL,2016,3.5
Marshall Islands,MHL,2017,3.5
Marshall Islands,MHL,2018,4
Marshall Islands,MHL,2019,3.5
Marshall Islands,MHL,2020,3.4
Marshall Islands,MHL,2021,3
Marshall Islands,MHL,2022,3.6
Marshall Islands,MHL,2023,3.5
Marshall Islands,MHL,2024,2.8
Martinique,MTQ,1998,11.2
Martinique,MTQ,1999,11.6
Martinique,MTQ,2000,11.6
Martinique,MTQ,2001,11.3
Martinique,MTQ,2002,10.8
Martinique,MTQ,2003,10.8
Martinique,MTQ,2004,10.2
Martinique,MTQ,2005,10.6
Martinique,MTQ,2006,10.9
Martinique,MTQ,2007,11.3
Martinique,MTQ,2008,9.7
Martinique,MTQ,2009,12.1
Martinique,MTQ,2010,12.8
Martinique,MTQ,2011,11.3
Martinique,MTQ,2012,11.9
Martinique,MTQ,2013,9.4
Martinique,MTQ,2014,9.8
Martinique,MTQ,2015,12.7
Martinique,MTQ,2016,12
Martinique,MTQ,2017,12.7
Martinique,MTQ,2018,11.6
Martinique,MTQ,2019,11
Martinique,MTQ,2020,12.2
Martinique,MTQ,2021,12.7
Martinique,MTQ,2022,11.2
Martinique,MTQ,2023,11.6
Martinique,MTQ,2024,11.8
Mauritania,MRT,1998,42
Mauritania,MRT,1999,38.7
Mauritania,MRT,2000,39.2
Mauritania,MRT,2001,35.5
Mauritania,MRT,2002,38
Mauritania,MRT,2003,38.1
Mauritania,MRT,2004,36.3
Mauritania,MRT,2005,35.3
Mauritania,MRT,2006,33.5
Mauritania,MRT,2007,38.1
Mauritania,MRT,2008,38.2
Mauritania,MRT,2009,35.7
Mauritania,MRT,2010,36.2
Mauritania,MRT,2011,38.5
Mauritania,MRT,2012,38.8
Mauritania,MRT,2013,33.4
Mauritania,MRT,2014,34
Mauritania,MRT,2015,37.9
Mauritania,MRT,2016,36.3
Mauritania,MRT,2017,37.9
Mauritania,MRT,2018,35.3
Mauritania,MRT,2019,35
Mauritania,MRT,2020,34.1
Mauritania,MRT,2021,37.9
Mauritania,MRT,2022,35
Mauritania,MRT,2023,32.4
Mauritania,MRT,2024,35.2
Mauritius,MUS,1998,14.6
Mauritius,MUS,1999,13.9
Mauritius,MUS,2000,13.9
Mauritius,MUS,2001,13.4
Mauritius,MUS,2002,13.8
Mauritius,MUS,2003,14.4
Mauritius,MUS,2004,14.1
Mauritius,MUS,2005,14.8
Mauritius,MUS,2006,13.2
Mauritius,MUS,2007,13.8
Mauritius,MUS,2008,13.8
Mauritius,MUS,2009,13.7
Mauritius,MUS,2010,14.1
Mauritius,MUS,2011,13.7
Mauritius,MUS,2012,14
Mauritius,MUS,2013,14
Mauritius,MUS,2014,13.3
Mauritius,MUS,2015,13.5
Mauritius,MUS,2016,14.1
Mauritius,MUS,2017,14.5
Mauritius,MUS,2018,14
Mauritius,MUS,2019,13.6
Mauritius,MUS,2020,12.5
Mauritius,MUS,2021,12.7
Mauritius,MUS,2022,13
Mauritius,MUS,2023,12.6
Mauritius,MUS,2024,13
Mayotte,MYT,1998,9.9
Mayotte,MYT,1999,9
Mayotte,MYT,2000,9.1
Mayotte,MYT,2001,10.5
Mayotte,MYT,2002,9.7
Mayotte,MYT,2003,10.6
Mayotte,MYT,2004,9.2
Mayotte,MYT,2005,9.8
Mayotte,MYT,2006,11.3
Mayotte,MYT,2007,11
Mayotte,MYT,2008,10.3
Mayotte,MYT,2009,11.2
Mayotte,MYT,2010,10.9
Mayotte,MYT,2011,11.4
Mayotte,MYT,2012,9.3
Mayotte,MYT,2013,10.7
Mayotte,MYT,2014,9.4
Mayotte,MYT,2015,8.6
Mayotte,MYT,2016,9.5
Mayotte,MYT,2017,9.9
Mayotte,MYT,2018,9.3
Mayotte,MYT,2019,9.4
Mayotte,MYT,2020,9.4
Mayotte,MYT,2021,8.8
Mayotte,MYT,2022,10.3
Mayotte,MYT,2023,9.3
Mayotte,MYT,2024,9.8
Mexico,MEX,1998,19.7
Mexico,MEX,1999,14.8
Mexico,MEX,2000,19.8
Mexico,MEX,2001,18.2
Mexico,MEX,2002,18.1
Mexico,MEX,2003,18.9
Mexico,MEX,2004,17
Mexico,MEX,2005,18.7
Mexico,MEX,2006,17.3
Mexico,MEX,2007,17.8
Mexico,MEX,2008,16.9
Mexico,MEX,2009,16.7
Mexico,MEX,2010,15.9
Mexico,MEX,2011,17.4
Mexico,MEX,2012,17
Mexico,MEX,2013,17.4
Mexico,MEX,2014,16.3
Mexico,MEX,2015,16.7
Mexico,MEX,2016,17
Mexico,MEX,2017,17.3
Mexico,MEX,2018,16.6
Mexico,MEX,2019,17.3
Mexico,MEX,2020,17.1
Mexico,MEX,2021,17.1
Mexico,MEX,2022,16.8
Mexico,MEX,2023,17
Mexico,MEX,2024,18.3
Micronesia (country),FSM,1998,2.6
Micronesia (country),FSM,1999,2.8
Micronesia (country),FSM,2000,2.6
Micronesia (country),FSM,2001,2.8
Micronesia (country),FSM,2002,3
Micronesia (country),FSM,2003,2.7
Micronesia (country),FSM,2004,2.9
Micronesia (country),FSM,2005,2.9
Micronesia (country),FSM,2006,3.1
Micronesia (country),FSM,2007,2.9
Micronesia (country),FSM,2008,2.7
Micronesia (country),FSM,2009,3
Micronesia (country),FSM,2010,3
Micronesia (country),FSM,2011,3.2
Micronesia (country),FSM,2012,2.9
Micronesia (country),FSM,2013,2.7
Micronesia (country),FSM,2014,3.3
Micronesia (country),FSM,2015,3.8
Micronesia (country),FSM,2016,2.9
Micronesia (country),FSM,2017,2.8
Micronesia (country),FSM,2018,3.1
Micronesia (country),FSM,2019,3.1
Micronesia (country),FSM,2020,2.7
Micronesia (country),FSM,2021,2.4
Micronesia (country),FSM,2022,2.8
Micronesia (country),FSM,2023,2.9
Micronesia (country),FSM,2024,2.3
Moldova,MDA,1998,19.9
Moldova,MDA,1999,19.4
Moldova,MDA,2000,17.5
Moldova,MDA,2001,19
Moldova,MDA,2002,21.1
Moldova,MDA,2003,17.5
Moldova,MDA,2004,17.7
Moldova,MDA,2005,18
Moldova,MDA,2006,19.9
Moldova,MDA,2007,16.8
Moldova,MDA,2008,16.5
Moldova,MDA,2009,16.8
Moldova,MDA,2010,16.2
Moldova,MDA,2011,17.6
Moldova,MDA,2012,18.6
Moldova,MDA,2013,16.2
Moldova,MDA,2014,16.3
Moldova,MDA,2015,15
Moldova,MDA,2016,15
Moldova,MDA,2017,17.1
Moldova,MDA,2018,14.9
Moldova,MDA,2019,12.8
Moldova,MDA,2020,13.7
Moldova,MDA,2021,14.2
Moldova,MDA,2022,14
Moldova,MDA,2023,12.9
Moldova,MDA,2024,12.6
Monaco,MCO,1998,14.9
Monaco,MCO,1999,13.8
Monaco,MCO,2000,15.8
Monaco,MCO,2001,15.5
Monaco,MCO,2002,15.5
Monaco,MCO,2003,17.5
Monaco,MCO,2004,14.9
Monaco,MCO,2005,15.1
Monaco,MCO,2006,14.9
Monaco,MCO,2007,15.3
Monaco,MCO,2008,14.1
Monaco,MCO,2009,14.7
Monaco,MCO,2010,15.7
Monaco,MCO,2011,17.2
Monaco,MCO,2012,17.5
Monaco,MCO,2013,13.8
Monaco,MCO,2014,12.7
Monaco,MCO,2015,14.6
Monaco,MCO,2016,13.6
Monaco,MCO,2017,14.2
Monaco,MCO,2018,12.7
Monaco,MCO,2019,12.2
Monaco,MCO,2020,11.3
Monaco,MCO,2021,11.2
Monaco,MCO,2022,11.9
Monaco,MCO,2023,11.1
Monaco,MCO,2024,10.7
Mongolia,MNG,1998,27.1
Mongolia,MNG,1999,23.8
Mongolia,MNG,2000,25.5
Mongolia,MNG,2001,26.2
Mongolia,MNG,2002,30.1
Mongolia,MNG,2003,32.3
Mongolia,MNG,2004,27.8
Mongolia,MNG,2005,28.9
Mongolia,MNG,2006,33.1
Mongolia,MNG,2007,37.3
Mongolia,MNG,2008,38.8
Mongolia,MNG,2009,35.5
Mongolia,MNG,2010,35.8
Mongolia,MNG,2011,38.1
Mongolia,MNG,2012,37.2
Mongolia,MNG,2013,41.5
Mongolia,MNG,2014,39.7
Mongolia,MNG,2015,41.1
Mongolia,MNG,2016,43.5
Mongolia,MNG,2017,42.2
Mongolia,MNG,2018,40
Mongolia,MNG,2019,41.2
Mongolia,MNG,2020,45.9
Mongolia,MNG,2021,46
Mongolia,MNG,2022,40.2
Mongolia,MNG,2023,38
Mongolia,MNG,2024,38.2
Montenegro,MNE,1998,19.5
Montenegro,MNE,1999,18.6
Montenegro,MNE,2000,20.8
Montenegro,MNE,2001,19.8
Montenegro,MNE,2002,20.4
Montenegro,MNE,2003,21.2
Montenegro,MNE,2004,19.9
Montenegro,MNE,2005,19.6
Montenegro,MNE,2006,20.1
Montenegro,MNE,2007,20.7
Montenegro,MNE,2008,18.8
Montenegro,MNE,2009,19.7
Montenegro,MNE,2010,18.6
Montenegro,MNE,2011,22.7
Montenegro,MNE,2012,21.2
Montenegro,MNE,2013,19.8
Montenegro,MNE,2014,18.8
Montenegro,MNE,2015,20.1
Montenegro,MNE,2016,18.3
Montenegro,MNE,2017,19.6
Montenegro,MNE,2018,18.9
Montenegro,MNE,2019,17.8
Montenegro,MNE,2020,16.8
Montenegro,MNE,2021,16.1
Montenegro,MNE,2022,15.7
Montenegro,MNE,2023,16.7
Montenegro,MNE,2024,17.2
Montserrat,MSR,1998,9.1
Montserrat,MSR,1999,9.3
Montserrat,MSR,2000,8.6
Montserrat,MSR,2001,8.9
Montserrat,MSR,2002,9.3
Montserrat,MSR,2003,8.5
Montserrat,MSR,2004,8.2
Montserrat,MSR,2005,8.9
Montserrat,MSR,2006,8.7
Montserrat,MSR,2007,8.8
Montserrat,MSR,2008,7.8
Montserrat,MSR,2009,9.7
Montserrat,MSR,2010,8.6
Montserrat,MSR,2011,8.3
Montserrat,MSR,2012,8.5
Montserrat,MSR,2013,7
Montserrat,MSR,2014,7.5
Montserrat,MSR,2015,8.7
Montserrat,MSR,2016,7.8
Montserrat,MSR,2017,8.4
Montserrat,MSR,2018,8.1
Montserrat,MSR,2019,7.5
Montserrat,MSR,2020,7.7
Montserrat,MSR,2021,8
Montserrat,MSR,2022,7.1
Montserrat,MSR,2023,7.6
Montserrat,MSR,2024,7.6
Morocco,MAR,1998,17.7
Morocco,MAR,1999,16.3
Morocco,MAR,2000,16.6
Morocco,MAR,2001,16.9
Morocco,MAR,2002,16.8
Morocco,MAR,2003,17.9
Morocco,MAR,2004,17.7
Morocco,MAR,2005,18.2
Morocco,MAR,2006,18.7
Morocco,MAR,2007,17.6
Morocco,MAR,2008,17.1
Morocco,MAR,2009,18.4
Morocco,MAR,2010,18.4
Morocco,MAR,2011,17.8
Morocco,MAR,2012,17.1
Morocco,MAR,2013,16.5
Morocco,MAR,2014,16.1
Morocco,MAR,2015,18.4
Morocco,MAR,2016,17.5
Morocco,MAR,2017,19
Morocco,MAR,2018,17.8
Morocco,MAR,2019,16.1
Morocco,MAR,2020,16.7
Morocco,MAR,2021,17.6
Morocco,MAR,2022,19
Morocco,MAR,2023,17.6
Morocco,MAR,2024,17.4
Mozambique,MOZ,1998,15.1
Mozambique,MOZ,1999,13.1
Mozambique,MOZ,2000,13.3
Mozambique,MOZ,2001,17
Mozambique,MOZ,2002,13.8
Mozambique,MOZ,2003,15.1
Mozambique,MOZ,2004,14.1
Mozambique,MOZ,2005,16.7
Mozambique,MOZ,2006,15.1
Mozambique,MOZ,2007,17
Mozambique,MOZ,2008,16.4
Mozambique,MOZ,2009,14
Mozambique,MOZ,2010,16.2
Mozambique,MOZ,2011,14.9
Mozambique,MOZ,2012,14.7
Mozambique,MOZ,2013,14.9
Mozambique,MOZ,2014,14.1
Mozambique,MOZ,2015,14.6
Mozambique,MOZ,2016,13.3
Mozambique,MOZ,2017,13.7
Mozambique,MOZ,2018,14.7
Mozambique,MOZ,2019,15.1
Mozambique,MOZ,2020,13.2
Mozambique,MOZ,2021,13.5
Mozambique,MOZ,2022,16.3
Mozambique,MOZ,2023,16
Mozambique,MOZ,2024,17
Myanmar,MMR,1998,25.6
Myanmar,MMR,1999,27
Myanmar,MMR,2000,25.2
Myanmar,MMR,2001,26.4
Myanmar,MMR,2002,26.7
Myanmar,MMR,2003,27.5
Myanmar,MMR,2004,31.5
Myanmar,MMR,2005,29.8
Myanmar,MMR,2006,29.9
Myanmar,MMR,2007,33.1
Myanmar,MMR,2008,30.3
Myanmar,MMR,2009,33.8
Myanmar,MMR,2010,32.1
Myanmar,MMR,2011,29.8
Myanmar,MMR,2012,31.2
Myanmar,MMR,2013,31.6
Myanmar,MMR,2014,32.4
Myanmar,MMR,2015,30.6
Myanmar,MMR,2016,30.7
Myanmar,MMR,2017,28.4
Myanmar,MMR,2018,31.6
Myanmar,MMR,2019,32.7
Myanmar,MMR,2020,32
Myanmar,MMR,2021,32.7
Myanmar,MMR,2022,27.6
Myanmar,MMR,2023,33.4
Myanmar,MMR,2024,31.2
Namibia,NAM,1998,13.9
Namibia,NAM,1999,12.7
Namibia,NAM,2000,13.5
Namibia,NAM,2001,13.8
Namibia,NAM,2002,14.1
Namibia,NAM,2003,13.4
Namibia,NAM,2004,12.7
Namibia,NAM,2005,15.4
Namibia,NAM,2006,15
Namibia,NAM,2007,15.5
Namibia,NAM,2008,17
Namibia,NAM,2009,14.7
Namibia,NAM,2010,16.6
Namibia,NAM,2011,15.8
Namibia,NAM,2012,14.5
Namibia,NAM,2013,13.3
Namibia,NAM,2014,12.5
Namibia,NAM,2015,12.6
Namibia,NAM,2016,11.8
Namibia,NAM,2017,12.7
Namibia,NAM,2018,12.1
Namibia,NAM,2019,12.3
Namibia,NAM,2020,11.3
Namibia,NAM,2021,12.2
Namibia,NAM,2022,15
Namibia,NAM,2023,14.7
Namibia,NAM,2024,15.5
Nauru,NRU,1998,3.4
Nauru,NRU,1999,3.2
Nauru,NRU,2000,3.1
Nauru,NRU,2001,3.5
Nauru,NRU,2002,4.4
Nauru,NRU,2003,3.6
Nauru,NRU,2004,3.9
Nauru,NRU,2005,3.7
Nauru,NRU,2006,4.4
Nauru,NRU,2007,3.7
Nauru,NRU,2008,3.1
Nauru,NRU,2009,4.3
Nauru,NRU,2010,4.1
Nauru,NRU,2011,3.9
Nauru,NRU,2012,4.1
Nauru,NRU,2013,4.5
Nauru,NRU,2014,4.9
Nauru,NRU,2015,6.2
Nauru,NRU,2016,4.6
Nauru,NRU,2017,3.9
Nauru,NRU,2018,4
Nauru,NRU,2019,5.6
Nauru,NRU,2020,3.8
Nauru,NRU,2021,3.2
Nauru,NRU,2022,3.3
Nauru,NRU,2023,4.4
Nauru,NRU,2024,3.8
Nepal,NPL,1998,24.8
Nepal,NPL,1999,25.9
Nepal,NPL,2000,34.2
Nepal,NPL,2001,37.6
Nepal,NPL,2002,34.8
Nepal,NPL,2003,36.2
Nepal,NPL,2004,38.4
Nepal,NPL,2005,35.2
Nepal,NPL,2006,39.2
Nepal,NPL,2007,40.6
Nepal,NPL,2008,43.2
Nepal,NPL,2009,46.8
Nepal,NPL,2010,41.8
Nepal,NPL,2011,42.8
Nepal,NPL,2012,43.9
Nepal,NPL,2013,41.4
Nepal,NPL,2014,43.1
Nepal,NPL,2015,46.3
Nepal,NPL,2016,48
Nepal,NPL,2017,47.6
Nepal,NPL,2018,52.6
Nepal,NPL,2019,47.7
Nepal,NPL,2020,41.7
Nepal,NPL,2021,50.2
Nepal,NPL,2022,44.3
Nepal,NPL,2023,41.9
Nepal,NPL,2024,40.7
Netherlands,NLD,1998,16.3
Netherlands,NLD,1999,14.5
Netherlands,NLD,2000,15.1
Netherlands,NLD,2001,14.2
Netherlands,NLD,2002,15.2
Netherlands,NLD,2003,17
Netherlands,NLD,2004,15
Netherlands,NLD,2005,14.3
Netherlands,NLD,2006,15
Netherlands,NLD,2007,15.3
Netherlands,NLD,2008,16.1
Netherlands,NLD,2009,16.4
Netherlands,NLD,2010,16.2
Netherlands,NLD,2011,16.5
Netherlands,NLD,2012,13.6
Netherlands,NLD,2013,14.1
Netherlands,NLD,2014,13.9
Netherlands,NLD,2015,12.7
Netherlands,NLD,2016,12.1
Netherlands,NLD,2017,12.1
Netherlands,NLD,2018,12.8
Netherlands,NLD,2019,11.1
Netherlands,NLD,2020,9.3
Netherlands,NLD,2021,10
Netherlands,NLD,2022,9.6
Netherlands,NLD,2023,8.7
Netherlands,NLD,2024,9.6
New Caledonia,NCL,1998,4.8
New Caledonia,NCL,1999,4.5
New Caledonia,NCL,2000,5.5
New Caledonia,NCL,2001,5.5
New Caledonia,NCL,2002,5.1
New Caledonia,NCL,2003,4.5
New Caledonia,NCL,2004,4.7
New Caledonia,NCL,2005,4.6
New Caledonia,NCL,2006,4.9
New Caledonia,NCL,2007,5.2
New Caledonia,NCL,2008,5.8
New Caledonia,NCL,2009,5
New Caledonia,NCL,2010,5.5
New Caledonia,NCL,2011,5.9
New Caledonia,NCL,2012,5
New Caledonia,NCL,2013,5.1
New Caledonia,NCL,2014,5.3
New Caledonia,NCL,2015,5.5
New Caledonia,NCL,2016,6.1
New Caledonia,NCL,2017,5.8
New Caledonia,NCL,2018,5.6
New Caledonia,NCL,2019,6.1
New Caledonia,NCL,2020,5.3
New Caledonia,NCL,2021,5
New Caledonia,NCL,2022,6.3
New Caledonia,NCL,2023,5.7
New Caledonia,NCL,2024,4.9
New Zealand,NZL,1998,6.5
New Zealand,NZL,1999,6.3
New Zealand,NZL,2000,6.7
New Zealand,NZL,2001,6.8
New Zealand,NZL,2002,6.7
New Zealand,NZL,2003,6.8
New Zealand,NZL,2004,6.6
New Zealand,NZL,2005,6.7
New Zealand,NZL,2006,6.7
New Zealand,NZL,2007,6.8
New Zealand,NZL,2008,6.9
New Zealand,NZL,2009,6.7
New Zealand,NZL,2010,6.9
New Zealand,NZL,2011,7.1
New Zealand,NZL,2012,6.9
New Zealand,NZL,2013,7.1
New Zealand,NZL,2014,6.9
New Zealand,NZL,2015,7
New Zealand,NZL,2016,7.1
New Zealand,NZL,2017,7.2
New Zealand,NZL,2018,7.1
New Zealand,NZL,2019,8.2
New Zealand,NZL,2020,7.3
New Zealand,NZL,2021,7
New Zealand,NZL,2022,7.3
New Zealand,NZL,2023,7.1
New Zealand,NZL,2024,7
Nicaragua,NIC,1998,21.1
Nicaragua,NIC,1999,15.8
Nicaragua,NIC,2000,18.8
Nicaragua,NIC,2001,18.3
Nicaragua,NIC,2002,17.6
Nicaragua,NIC,2003,20
Nicaragua,NIC,2004,17.3
Nicaragua,NIC,2005,19.8
Nicaragua,NIC,2006,17.7
Nicaragua,NIC,2007,19.6
Nicaragua,NIC,2008,18.6
Nicaragua,NIC,2009,17.2
Nicaragua,NIC,2010,18.4
Nicaragua,NIC,2011,18.8
Nicaragua,NIC,2012,18
Nicaragua,NIC,2013,20.4
Nicaragua,NIC,2014,18.2
Nicaragua,NIC,2015,18.8
Nicaragua,NIC,2016,18.6
Nicaragua,NIC,2017,19.2
Nicaragua,NIC,2018,18.4
Nicaragua,NIC,2019,18
Nicaragua,NIC,2020,19.4
Nicaragua,NIC,2021,17.3
Nicaragua,NIC,2022,18.4
Nicaragua,NIC,2023,18.9
Nicaragua,NIC,2024,20.5
Niger,NER,1998,49.9
Niger,NER,1999,43.3
Niger,NER,2000,52.7
Niger,NER,2001,49.9
Niger,NER,2002,51.6
Niger,NER,2003,50.6
Niger,NER,2004,56.5
Niger,NER,2005,52.3
Niger,NER,2006,52.6
Niger,NER,2007,57.9
Niger,NER,2008,55.9
Niger,NER,2009,55.2
Niger,NER,2010,52.5
Niger,NER,2011,55.2
Niger,NER,2012,50.6
Niger,NER,2013,48.5
Niger,NER,2014,48.6
Niger,NER,2015,56.8
Niger,NER,2016,56.3
Niger,NER,2017,52.5
Niger,NER,2018,51.5
Niger,NER,2019,48.8
Niger,NER,2020,49.1
Niger,NER,2021,50.1
Niger,NER,2022,53.5
Niger,NER,2023,49
Niger,NER,2024,47.9
Nigeria,NGA,1998,51.4
Nigeria,NGA,1999,43.4
Nigeria,NGA,2000,52
Nigeria,NGA,2001,52
Nigeria,NGA,2002,54.4
Nigeria,NGA,2003,50.1
Nigeria,NGA,2004,52.7
Nigeria,NGA,2005,53.2
Nigeria,NGA,2006,51.3
Nigeria,NGA,2007,55.9
Nigeria,NGA,2008,57.3
Nigeria,NGA,2009,51.6
Nigeria,NGA,2010,50
Nigeria,NGA,2011,52.9
Nigeria,NGA,2012,50.6
Nigeria,NGA,2013,49
Nigeria,NGA,2014,47.6
Nigeria,NGA,2015,55.8
Nigeria,NGA,2016,55.2
Nigeria,NGA,2017,55.2
Nigeria,NGA,2018,51.9
Nigeria,NGA,2019,48.5
Nigeria,NGA,2020,52.6
Nigeria,NGA,2021,52.5
Nigeria,NGA,2022,54
Nigeria,NGA,2023,51.1
Nigeria,NGA,2024,50
Niue,NIU,1998,3.1
Niue,NIU,1999,2.5
Niue,NIU,2000,3
Niue,NIU,2001,2.9
Niue,NIU,2002,3.2
Niue,NIU,2003,2.9
Niue,NIU,2004,3.2
Niue,NIU,2005,3.1
Niue,NIU,2006,3.7
Niue,NIU,2007,3
Niue,NIU,2008,3.4
Niue,NIU,2009,3.1
Niue,NIU,2010,3.5
Niue,NIU,2011,3.1
Niue,NIU,2012,2.9
Niue,NIU,2013,2.8
Niue,NIU,2014,2.8
Niue,NIU,2015,3.1
Niue,NIU,2016,2.9
Niue,NIU,2017,3.3
Niue,NIU,2018,3.3
Niue,NIU,2019,3.1
Niue,NIU,2020,3.2
Niue,NIU,2021,2.6
Niue,NIU,2022,3.7
Niue,NIU,2023,3.4
Niue,NIU,2024,3.2
Norfolk Island,NFK,1998,4.1
Norfolk Island,NFK,1999,3.9
Norfolk Island,NFK,2000,3.6
Norfolk Island,NFK,2001,3.8
Norfolk Island,NFK,2002,3.9
Norfolk Island,NFK,2003,4
Norfolk Island,NFK,2004,3.5
Norfolk Island,NFK,2005,3.8
Norfolk Island,NFK,2006,3.7
Norfolk Island,NFK,2007,3.7
Norfolk Island,NFK,2008,4
Norfolk Island,NFK,2009,4.1
Norfolk Island,NFK,2010,3.8
Norfolk Island,NFK,2011,3.8
Norfolk Island,NFK,2012,3.2
Norfolk Island,NFK,2013,3.1
Norfolk Island,NFK,2014,3.4
Norfolk Island,NFK,2015,3.3
Norfolk Island,NFK,2016,3.9
Norfolk Island,NFK,2017,3.5
Norfolk Island,NFK,2018,3.7
Norfolk Island,NFK,2019,4.1
Norfolk Island,NFK,2020,3.7
Norfolk Island,NFK,2021,3.7
Norfolk Island,NFK,2022,3.8
Norfolk Island,NFK,2023,4.1
Norfolk Island,NFK,2024,3.5
North America,OWID_NAM,1998,14.852985
North America,OWID_NAM,1999,13.135935
North America,OWID_NAM,2000,14.601738
North America,OWID_NAM,2001,14.006398
North America,OWID_NAM,2002,13.626782
North America,OWID_NAM,2003,14.038758
North America,OWID_NAM,2004,12.821258
North America,OWID_NAM,2005,14.241611
North America,OWID_NAM,2006,12.943824
North America,OWID_NAM,2007,13.441405
North America,OWID_NAM,2008,12.504218
North America,OWID_NAM,2009,11.976378
North America,OWID_NAM,2010,11.78294
North America,OWID_NAM,2011,12.18719
North America,OWID_NAM,2012,11.680279
North America,OWID_NAM,2013,11.801362
North America,OWID_NAM,2014,11.430413
North America,OWID_NAM,2015,11.274725
North America,OWID_NAM,2016,10.959941
North America,OWID_NAM,2017,11.254662
North America,OWID_NAM,2018,11.136439
North America,OWID_NAM,2019,10.978472
North America,OWID_NAM,2020,11.402053
North America,OWID_NAM,2021,11.448441
North America,OWID_NAM,2022,10.811517
North America,OWID_NAM,2023,12.029743
North America,OWID_NAM,2024,11.680816
North Korea,PRK,1998,18.2
North Korea,PRK,1999,16.9
North Korea,PRK,2000,20
North Korea,PRK,2001,21.9
North Korea,PRK,2002,19.2
North Korea,PRK,2003,27.1
North Korea,PRK,2004,21.8
North Korea,PRK,2005,22.2
North Korea,PRK,2006,27
North Korea,PRK,2007,23.8
North Korea,PRK,2008,25.2
North Korea,PRK,2009,24
North Korea,PRK,2010,18.3
North Korea,PRK,2011,22.4
North Korea,PRK,2012,21.5
North Korea,PRK,2013,20.8
North Korea,PRK,2014,27.6
North Korea,PRK,2015,28.4
North Korea,PRK,2016,24.9
North Korea,PRK,2017,24.1
North Korea,PRK,2018,19.8
North Korea,PRK,2019,20.9
North Korea,PRK,2020,20.2
North Korea,PRK,2021,18.3
North Korea,PRK,2022,17.1
North Korea,PRK,2023,20
North Korea,PRK,2024,21.2
North Macedonia,MKD,1998,26.1
North Macedonia,MKD,1999,25
North Macedonia,MKD,2000,29
North Macedonia,MKD,2001,27.1
North Macedonia,MKD,2002,29.3
North Macedonia,MKD,2003,29.7
North Macedonia,MKD,2004,27.7
North Macedonia,MKD,2005,27.4
North Macedonia,MKD,2006,28.7
North Macedonia,MKD,2007,28.3
North Macedonia,MKD,2008,27.5
North Macedonia,MKD,2009,26.8
North Macedonia,MKD,2010,27.1
North Macedonia,MKD,2011,30.2
North Macedonia,MKD,2012,29.8
North Macedonia,MKD,2013,28.1
North Macedonia,MKD,2014,25.1
North Macedonia,MKD,2015,28.3
North Macedonia,MKD,2016,27.4
North Macedonia,MKD,2017,27.1
North Macedonia,MKD,2018,27.2
North Macedonia,MKD,2019,23
North Macedonia,MKD,2020,23.5
North Macedonia,MKD,2021,21.3
North Macedonia,MKD,2022,22.6
North Macedonia,MKD,2023,21.6
North Macedonia,MKD,2024,20.7
Northern Cyprus,OWID_CYN,1998,16.1
Northern Cyprus,OWID_CYN,1999,16.1
Northern Cyprus,OWID_CYN,2000,16.6
Northern Cyprus,OWID_CYN,2001,16.6
Northern Cyprus,OWID_CYN,2002,15.4
Northern Cyprus,OWID_CYN,2003,15.7
Northern Cyprus,OWID_CYN,2004,15
Northern Cyprus,OWID_CYN,2005,15.5
Northern Cyprus,OWID_CYN,2006,16.2
Northern Cyprus,OWID_CYN,2007,17.5
Northern Cyprus,OWID_CYN,2008,16.9
Northern Cyprus,OWID_CYN,2009,18.4
Northern Cyprus,OWID_CYN,2010,19
Northern Cyprus,OWID_CYN,2011,20.5
Northern Cyprus,OWID_CYN,2012,20.9
Northern Cyprus,OWID_CYN,2013,16.3
Northern Cyprus,OWID_CYN,2014,16.8
Northern Cyprus,OWID_CYN,2015,16.1
Northern Cyprus,OWID_CYN,2016,14.8
Northern Cyprus,OWID_CYN,2017,15.6
Northern Cyprus,OWID_CYN,2018,14.7
Northern Cyprus,OWID_CYN,2019,15.2
Northern Cyprus,OWID_CYN,2020,14.4
Northern Cyprus,OWID_CYN,2021,14.2
Northern Cyprus,OWID_CYN,2022,15.8
Northern Cyprus,OWID_CYN,2023,15.5
Northern Cyprus,OWID_CYN,2024,16.6
Northern Mariana Islands,MNP,1998,1.8
Northern Mariana Islands,MNP,1999,1.9
Northern Mariana Islands,MNP,2000,2.1
Northern Mariana Islands,MNP,2001,2.1
Northern Mariana Islands,MNP,2002,2.3
Northern Mariana Islands,MNP,2003,2.2
Northern Mariana Islands,MNP,2004,2.5
Northern Mariana Islands,MNP,2005,2.5
Northern Mariana Islands,MNP,2006,2.6
Northern Mariana Islands,MNP,2007,2.4
Northern Mariana Islands,MNP,2008,2.5
Northern Mariana Islands,MNP,2009,2.2
Northern Mariana Islands,MNP,2010,2.1
Northern Mariana Islands,MNP,2011,2.3
Northern Mariana Islands,MNP,2012,2.3
Northern Mariana Islands,MNP,2013,2.2
Northern Mariana Islands,MNP,2014,2.7
Northern Mariana Islands,MNP,2015,2.9
Northern Mariana Islands,MNP,2016,2.2
Northern Mariana Islands,MNP,2017,2.3
Northern Mariana Islands,MNP,2018,1.9
Northern Mariana Islands,MNP,2019,1.8
Northern Mariana Islands,MNP,2020,1.5
Northern Mariana Islands,MNP,2021,1.8
Northern Mariana Islands,MNP,2022,1.8
Northern Mariana Islands,MNP,2023,1.6
Northern Mariana Islands,MNP,2024,1.5
Norway,NOR,1998,8.5
Norway,NOR,1999,8.3
Norway,NOR,2000,8.4
Norway,NOR,2001,7.6
Norway,NOR,2002,8
Norway,NOR,2003,8.6
Norway,NOR,2004,7.3
Norway,NOR,2005,7.1
Norway,NOR,2006,8.4
Norway,NOR,2007,7.1
Norway,NOR,2008,7.5
Norway,NOR,2009,7.5
Norway,NOR,2010,7.6
Norway,NOR,2011,8
Norway,NOR,2012,6.9
Norway,NOR,2013,7.1
Norway,NOR,2014,7.4
Norway,NOR,2015,6.3
Norway,NOR,2016,6.5
Norway,NOR,2017,6.1
Norway,NOR,2018,6.8
Norway,NOR,2019,6.3
Norway,NOR,2020,5.3
Norway,NOR,2021,6.4
Norway,NOR,2022,6.1
Norway,NOR,2023,6
Norway,NOR,2024,6.7
Oceania,OWID_OCE,1998,4.9656467
Oceania,OWID_OCE,1999,5.090165
Oceania,OWID_OCE,2000,5.938653
Oceania,OWID_OCE,2001,6.198557
Oceania,OWID_OCE,2002,6.52133
Oceania,OWID_OCE,2003,6.9461665
Oceania,OWID_OCE,2004,6.4646444
Oceania,OWID_OCE,2005,6.001465
Oceania,OWID_OCE,2006,6.9256253
Oceania,OWID_OCE,2007,6.373819
Oceania,OWID_OCE,2008,6.3075857
Oceania,OWID_OCE,2009,7.0251555
Oceania,OWID_OCE,2010,6.3775244
Oceania,OWID_OCE,2011,6.2162113
Oceania,OWID_OCE,2012,6.254574
Oceania,OWID_OCE,2013,6.963665
Oceania,OWID_OCE,2014,7.075678
Oceania,OWID_OCE,2015,7.2334146
Oceania,OWID_OCE,2016,6.5721025
Oceania,OWID_OCE,2017,6.9902883
Oceania,OWID_OCE,2018,7.0004888
Oceania,OWID_OCE,2019,8.979691
Oceania,OWID_OCE,2020,7.464083
Oceania,OWID_OCE,2021,6.9035006
Oceania,OWID_OCE,2022,6.927143
Oceania,OWID_OCE,2023,7.046278
Oceania,OWID_OCE,2024,6.844118
Oman,OMN,1998,27.3
Oman,OMN,1999,28.8
Oman,OMN,2000,31.6
Oman,OMN,2001,32.6
Oman,OMN,2002,30.7
Oman,OMN,2003,33.2
Oman,OMN,2004,33.3
Oman,OMN,2005,31.6
Oman,OMN,2006,33.8
Oman,OMN,2007,33.2
Oman,OMN,2008,36.3
Oman,OMN,2009,34.6
Oman,OMN,2010,33.1
Oman,OMN,2011,34.2
Oman,OMN,2012,36.5
Oman,OMN,2013,33.6
Oman,OMN,2014,32.4
Oman,OMN,2015,33.9
Oman,OMN,2016,34.3
Oman,OMN,2017,33
Oman,OMN,2018,37.7
Oman,OMN,2019,34.6
Oman,OMN,2020,31.4
Oman,OMN,2021,33.2
Oman,OMN,2022,36.6
Oman,OMN,2023,33
Oman,OMN,2024,34.1
Pakistan,PAK,1998,37.8
Pakistan,PAK,1999,36.5
Pakistan,PAK,2000,42.4
Pakistan,PAK,2001,44.4
Pakistan,PAK,2002,43.8
Pakistan,PAK,2003,45.3
Pakistan,PAK,2004,45.2
Pakistan,PAK,2005,44
Pakistan,PAK,2006,46.8
Pakistan,PAK,2007,47.7
Pakistan,PAK,2008,46.8
Pakistan,PAK,2009,45.5
Pakistan,PAK,2010,52
Pakistan,PAK,2011,49.9
Pakistan,PAK,2012,47.5
Pakistan,PAK,2013,50.2
Pakistan,PAK,2014,48.1
Pakistan,PAK,2015,54.6
Pakistan,PAK,2016,53.9
Pakistan,PAK,2017,51.6
Pakistan,PAK,2018,52.5
Pakistan,PAK,2019,48.4
Pakistan,PAK,2020,47.4
Pakistan,PAK,2021,51.3
Pakistan,PAK,2022,51
Pakistan,PAK,2023,50.2
Pakistan,PAK,2024,53.8
Palau,PLW,1998,3.1
Palau,PLW,1999,3.8
Palau,PLW,2000,4.1
Palau,PLW,2001,4.4
Palau,PLW,2002,4.7
Palau,PLW,2003,4.8
Palau,PLW,2004,4.7
Palau,PLW,2005,4.8
Palau,PLW,2006,5
Palau,PLW,2007,4
Palau,PLW,2008,3.8
Palau,PLW,2009,5.2
Palau,PLW,2010,3.4
Palau,PLW,2011,4.3
Palau,PLW,2012,4.6
Palau,PLW,2013,4.1
Palau,PLW,2014,5.6
Palau,PLW,2015,6.6
Palau,PLW,2016,4.5
Palau,PLW,2017,4.1
Palau,PLW,2018,4.6
Palau,PLW,2019,4.8
Palau,PLW,2020,3.6
Palau,PLW,2021,4.1
Palau,PLW,2022,4
Palau,PLW,2023,4.7
Palau,PLW,2024,3.3
Palestine,PSE,1998,17.8
Palestine,PSE,1999,18.5
Palestine,PSE,2000,21.7
Palestine,PSE,2001,21.5
Palestine,PSE,2002,20.5
Palestine,PSE,2003,20.5
Palestine,PSE,2004,20.4
Palestine,PSE,2005,19.8
Palestine,PSE,2006,21
Palestine,PSE,2007,21.3
Palestine,PSE,2008,21.2
Palestine,PSE,2009,22.7
Palestine,PSE,2010,23.4
Palestine,PSE,2011,23.3
Palestine,PSE,2012,22.7
Palestine,PSE,2013,22.4
Palestine,PSE,2014,21.8
Palestine,PSE,2015,23.7
Palestine,PSE,2016,20.2
Palestine,PSE,2017,21
Palestine,PSE,2018,21.4
Palestine,PSE,2019,21.4
Palestine,PSE,2020,20.5
Palestine,PSE,2021,21.2
Palestine,PSE,2022,22.6
Palestine,PSE,2023,22.2
Palestine,PSE,2024,23.2
Panama,PAN,1998,11.9
Panama,PAN,1999,9.8
Panama,PAN,2000,11.2
Panama,PAN,2001,12.5
Panama,PAN,2002,11.3
Panama,PAN,2003,13
Panama,PAN,2004,11.3
Panama,PAN,2005,11.6
Panama,PAN,2006,11.7
Panama,PAN,2007,11.8
Panama,PAN,2008,11.4
Panama,PAN,2009,12.1
Panama,PAN,2010,12.9
Panama,PAN,2011,12.6
Panama,PAN,2012,14.2
Panama,PAN,2013,14.4
Panama,PAN,2014,15
Panama,PAN,2015,15.2
Panama,PAN,2016,14.7
Panama,PAN,2017,13.9
Panama,PAN,2018,13.7
Panama,PAN,2019,14.6
Panama,PAN,2020,13.6
Panama,PAN,2021,13.1
Panama,PAN,2022,13.7
Panama,PAN,2023,13.9
Panama,PAN,2024,14.7
Papua New Guinea,PNG,1998,4
Papua New Guinea,PNG,1999,4.6
Papua New Guinea,PNG,2000,8.4
Papua New Guinea,PNG,2001,8.6
Papua New Guinea,PNG,2002,8.7
Papua New Guinea,PNG,2003,8.7
Papua New Guinea,PNG,2004,11.1
Papua New Guinea,PNG,2005,9.3
Papua New Guinea,PNG,2006,10.5
Papua New Guinea,PNG,2007,10.2
Papua New Guinea,PNG,2008,11
Papua New Guinea,PNG,2009,10.6
Papua New Guinea,PNG,2010,11.2
Papua New Guinea,PNG,2011,9.7
Papua New Guinea,PNG,2012,9.5
Papua New Guinea,PNG,2013,11.1
Papua New Guinea,PNG,2014,10.8
Papua New Guinea,PNG,2015,11.8
Papua New Guinea,PNG,2016,9.2
Papua New Guinea,PNG,2017,10.5
Papua New Guinea,PNG,2018,10.5
Papua New Guinea,PNG,2019,10.6
Papua New Guinea,PNG,2020,10.5
Papua New Guinea,PNG,2021,11.9
Papua New Guinea,PNG,2022,11.9
Papua New Guinea,PNG,2023,11.4
Papua New Guinea,PNG,2024,11
Paraguay,PRY,1998,15
Paraguay,PRY,1999,18.4
Paraguay,PRY,2000,14.1
Paraguay,PRY,2001,15.7
Paraguay,PRY,2002,18.8
Paraguay,PRY,2003,16.8
Paraguay,PRY,2004,16.2
Paraguay,PRY,2005,16.2
Paraguay,PRY,2006,15.2
Paraguay,PRY,2007,21.1
Paraguay,PRY,2008,13.5
Paraguay,PRY,2009,13.9
Paraguay,PRY,2010,15.7
Paraguay,PRY,2011,13.3
Paraguay,PRY,2012,14.7
Paraguay,PRY,2013,12.5
Paraguay,PRY,2014,14
Paraguay,PRY,2015,14.8
Paraguay,PRY,2016,14
Paraguay,PRY,2017,14.2
Paraguay,PRY,2018,12.9
Paraguay,PRY,2019,16
Paraguay,PRY,2020,19.3
Paraguay,PRY,2021,15.9
Paraguay,PRY,2022,15.5
Paraguay,PRY,2023,17.8
Paraguay,PRY,2024,21.3
Peru,PER,1998,19.3
Peru,PER,1999,18.8
Peru,PER,2000,22.3
Peru,PER,2001,22.2
Peru,PER,2002,22.2
Peru,PER,2003,23.9
Peru,PER,2004,23.8
Peru,PER,2005,25.6
Peru,PER,2006,23.5
Peru,PER,2007,24.6
Peru,PER,2008,22.5
Peru,PER,2009,22.5
Peru,PER,2010,24.9
Peru,PER,2011,22.9
Peru,PER,2012,23.9
Peru,PER,2013,23.8
Peru,PER,2014,23.2
Peru,PER,2015,24.5
Peru,PER,2016,25.5
Peru,PER,2017,26.1
Peru,PER,2018,24.7
Peru,PER,2019,25.4
Peru,PER,2020,24.2
Peru,PER,2021,24.8
Peru,PER,2022,27.3
Peru,PER,2023,24.8
Peru,PER,2024,27.6
Philippines,PHL,1998,18.2
Philippines,PHL,1999,17.6
Philippines,PHL,2000,20.8
Philippines,PHL,2001,21.1
Philippines,PHL,2002,20.8
Philippines,PHL,2003,21.4
Philippines,PHL,2004,22.6
Philippines,PHL,2005,23.9
Philippines,PHL,2006,22
Philippines,PHL,2007,21.5
Philippines,PHL,2008,21
Philippines,PHL,2009,24
Philippines,PHL,2010,20.5
Philippines,PHL,2011,22.2
Philippines,PHL,2012,21.6
Philippines,PHL,2013,21.9
Philippines,PHL,2014,22.1
Philippines,PHL,2015,21.8
Philippines,PHL,2016,21.3
Philippines,PHL,2017,22.5
Philippines,PHL,2018,21.8
Philippines,PHL,2019,22.6
Philippines,PHL,2020,21.5
Philippines,PHL,2021,22.2
Philippines,PHL,2022,23.9
Philippines,PHL,2023,22.4
Philippines,PHL,2024,23.1
Pitcairn,PCN,1998,2.6
Pitcairn,PCN,1999,2.8
Pitcairn,PCN,2000,2.8
Pitcairn,PCN,2001,3.2
Pitcairn,PCN,2002,3.3
Pitcairn,PCN,2003,3.3
Pitcairn,PCN,2004,3.5
Pitcairn,PCN,2005,3.4
Pitcairn,PCN,2006,3
Pitcairn,PCN,2007,3.3
Pitcairn,PCN,2008,3
Pitcairn,PCN,2009,3.5
Pitcairn,PCN,2010,3.1
Pitcairn,PCN,2011,2.9
Pitcairn,PCN,2012,3.3
Pitcairn,PCN,2013,3
Pitcairn,PCN,2014,2.9
Pitcairn,PCN,2015,3.2
Pitcairn,PCN,2016,2.8
Pitcairn,PCN,2017,3
Pitcairn,PCN,2018,3.2
Pitcairn,PCN,2019,3.1
Pitcairn,PCN,2020,3
Pitcairn,PCN,2021,2.5
Pitcairn,PCN,2022,3.2
Pitcairn,PCN,2023,3.4
Pitcairn,PCN,2024,3.1
Poland,POL,1998,28.1
Poland,POL,1999,26.5
Poland,POL,2000,25.2
Poland,POL,2001,26.7
Poland,POL,2002,29.3
Poland,POL,2003,27.9
Poland,POL,2004,25.7
Poland,POL,2005,27
Poland,POL,2006,29.4
Poland,POL,2007,22.9
Poland,POL,2008,22.9
Poland,POL,2009,24.8
Poland,POL,2010,28.7
Poland,POL,2011,26.9
Poland,POL,2012,24.1
Poland,POL,2013,23
Poland,POL,2014,24
Poland,POL,2015,22
Poland,POL,2016,21.3
Poland,POL,2017,21.7
Poland,POL,2018,22.4
Poland,POL,2019,18.7
Poland,POL,2020,16.6
Poland,POL,2021,18.4
Poland,POL,2022,16.6
Poland,POL,2023,14.9
Poland,POL,2024,15.6
Portugal,PRT,1998,12.8
Portugal,PRT,1999,11
Portugal,PRT,2000,11.8
Portugal,PRT,2001,12
Portugal,PRT,2002,12.4
Portugal,PRT,2003,11.7
Portugal,PRT,2004,10.1
Portugal,PRT,2005,15
Portugal,PRT,2006,12.7
Portugal,PRT,2007,12.4
Portugal,PRT,2008,8.9
Portugal,PRT,2009,9.6
Portugal,PRT,2010,9.3
Portugal,PRT,2011,10
Portugal,PRT,2012,8.7
Portugal,PRT,2013,9.3
Portugal,PRT,2014,8.4
Portugal,PRT,2015,10.3
Portugal,PRT,2016,9.9
Portugal,PRT,2017,10.3
Portugal,PRT,2018,9.3
Portugal,PRT,2019,8
Portugal,PRT,2020,8.3
Portugal,PRT,2021,8.4
Portugal,PRT,2022,9.1
Portugal,PRT,2023,8.4
Portugal,PRT,2024,10.5
Puerto Rico,PRI,1998,6.9
Puerto Rico,PRI,1999,8.1
Puerto Rico,PRI,2000,7.4
Puerto Rico,PRI,2001,7.6
Puerto Rico,PRI,2002,7.3
Puerto Rico,PRI,2003,6.9
Puerto Rico,PRI,2004,6
Puerto Rico,PRI,2005,6.8
Puerto Rico,PRI,2006,7.2
Puerto Rico,PRI,2007,7.1
Puerto Rico,PRI,2008,6
Puerto Rico,PRI,2009,6.2
Puerto Rico,PRI,2010,7.2
Puerto Rico,PRI,2011,5.7
Puerto Rico,PRI,2012,6.7
Puerto Rico,PRI,2013,6.2
Puerto Rico,PRI,2014,6.3
Puerto Rico,PRI,2015,6.5
Puerto Rico,PRI,2016,7.1
Puerto Rico,PRI,2017,8.3
Puerto Rico,PRI,2018,8.2
Puerto Rico,PRI,2019,7.6
Puerto Rico,PRI,2020,7.7
Puerto Rico,PRI,2021,8
Puerto Rico,PRI,2022,6.6
Puerto Rico,PRI,2023,7.4
Puerto Rico,PRI,2024,7.3
Qatar,QAT,1998,63.1
Qatar,QAT,1999,65.8
Qatar,QAT,2000,68.1
Qatar,QAT,2001,64.7
Qatar,QAT,2002,61.6
Qatar,QAT,2003,66.3
Qatar,QAT,2004,63.9
Qatar,QAT,2005,62.2
Qatar,QAT,2006,63.4
Qatar,QAT,2007,66.3
Qatar,QAT,2008,67.6
Qatar,QAT,2009,70.2
Qatar,QAT,2010,69.4
Qatar,QAT,2011,67.8
Qatar,QAT,2012,73.5
Qatar,QAT,2013,70.3
Qatar,QAT,2014,68.4
Qatar,QAT,2015,73.5
Qatar,QAT,2016,69.5
Qatar,QAT,2017,74.8
Qatar,QAT,2018,77.8
Qatar,QAT,2019,74.6
Qatar,QAT,2020,72.1
Qatar,QAT,2021,74.9
Qatar,QAT,2022,85.7
Qatar,QAT,2023,76.2
Qatar,QAT,2024,75.5
Reunion,REU,1998,5.8
Reunion,REU,1999,5.2
Reunion,REU,2000,5.5
Reunion,REU,2001,5.6
Reunion,REU,2002,5.6
Reunion,REU,2003,5.7
Reunion,REU,2004,5.8
Reunion,REU,2005,5.9
Reunion,REU,2006,5.6
Reunion,REU,2007,5.8
Reunion,REU,2008,5.7
Reunion,REU,2009,5.6
Reunion,REU,2010,6.5
Reunion,REU,2011,5.8
Reunion,REU,2012,6.1
Reunion,REU,2013,6.4
Reunion,REU,2014,5.8
Reunion,REU,2015,5.9
Reunion,REU,2016,6.8
Reunion,REU,2017,6.2
Reunion,REU,2018,6.1
Reunion,REU,2019,6.7
Reunion,REU,2020,5.3
Reunion,REU,2021,5.3
Reunion,REU,2022,5.1
Reunion,REU,2023,4.9
Reunion,REU,2024,5
Romania,ROU,1998,21.2
Romania,ROU,1999,20.4
Romania,ROU,2000,20.1
Romania,ROU,2001,20.6
Romania,ROU,2002,21.4
Romania,ROU,2003,21
Romania,ROU,2004,20.2
Romania,ROU,2005,20.5
Romania,ROU,2006,21.5
Romania,ROU,2007,18.8
Romania,ROU,2008,19.3
Romania,ROU,2009,19.2
Romania,ROU,2010,18.2
Romania,ROU,2011,21.7
Romania,ROU,2012,20.4
Romania,ROU,2013,17.7
Romania,ROU,2014,17.4
Romania,ROU,2015,17.7
Romania,ROU,2016,17.8
Romania,ROU,2017,19.8
Romania,ROU,2018,18.5
Romania,ROU,2019,16.3
Romania,ROU,2020,15.2
Romania,ROU,2021,14.9
Romania,ROU,2022,15.1
Romania,ROU,2023,14.9
Romania,ROU,2024,14.3
Russia,RUS,1998,16.5
Russia,RUS,1999,15.7
Russia,RUS,2000,15.3
Russia,RUS,2001,16
Russia,RUS,2002,16.9
Russia,RUS,2003,15.9
Russia,RUS,2004,14.8
Russia,RUS,2005,15.7
Russia,RUS,2006,16
Russia,RUS,2007,14.4
Russia,RUS,2008,15.1
Russia,RUS,2009,15.8
Russia,RUS,2010,18.7
Russia,RUS,2011,13.8
Russia,RUS,2012,12.8
Russia,RUS,2013,11.8
Russia,RUS,2014,12.7
Russia,RUS,2015,11.8
Russia,RUS,2016,11.5
Russia,RUS,2017,11.4
Russia,RUS,2018,10.5
Russia,RUS,2019,10.5
Russia,RUS,2020,10.4
Russia,RUS,2021,10.6
Russia,RUS,2022,10.2
Russia,RUS,2023,12.3
Russia,RUS,2024,12.9
Rwanda,RWA,1998,32.1
Rwanda,RWA,1999,24
Rwanda,RWA,2000,39.1
Rwanda,RWA,2001,42.8
Rwanda,RWA,2002,37.7
Rwanda,RWA,2003,32.9
Rwanda,RWA,2004,41.1
Rwanda,RWA,2005,38.2
Rwanda,RWA,2006,32.2
Rwanda,RWA,2007,40.3
Rwanda,RWA,2008,39
Rwanda,RWA,2009,35
Rwanda,RWA,2010,40.3
Rwanda,RWA,2011,42.1
Rwanda,RWA,2012,47
Rwanda,RWA,2013,44.6
Rwanda,RWA,2014,42
Rwanda,RWA,2015,44.9
Rwanda,RWA,2016,42.3
Rwanda,RWA,2017,37.1
Rwanda,RWA,2018,36.5
Rwanda,RWA,2019,43.8
Rwanda,RWA,2020,40.7
Rwanda,RWA,2021,40.4
Rwanda,RWA,2022,39.3
Rwanda,RWA,2023,30.7
Rwanda,RWA,2024,41.8
Saint Barthelemy,BLM,1998,8.6
Saint Barthelemy,BLM,1999,8.9
Saint Barthelemy,BLM,2000,8.4
Saint Barthelemy,BLM,2001,8.6
Saint Barthelemy,BLM,2002,8.6
Saint Barthelemy,BLM,2003,7
Saint Barthelemy,BLM,2004,6.2
Saint Barthelemy,BLM,2005,7.1
Saint Barthelemy,BLM,2006,7.1
Saint Barthelemy,BLM,2007,7
Saint Barthelemy,BLM,2008,6.3
Saint Barthelemy,BLM,2009,7
Saint Barthelemy,BLM,2010,7.8
Saint Barthelemy,BLM,2011,6.5
Saint Barthelemy,BLM,2012,7.8
Saint Barthelemy,BLM,2013,6.3
Saint Barthelemy,BLM,2014,6.9
Saint Barthelemy,BLM,2015,7.7
Saint Barthelemy,BLM,2016,7.8
Saint Barthelemy,BLM,2017,8.2
Saint Barthelemy,BLM,2018,8
Saint Barthelemy,BLM,2019,7.4
Saint Barthelemy,BLM,2020,7.2
Saint Barthelemy,BLM,2021,7.2
Saint Barthelemy,BLM,2022,6.3
Saint Barthelemy,BLM,2023,7.2
Saint Barthelemy,BLM,2024,6.6
Saint Helena,SHN,1998,4.2
Saint Helena,SHN,1999,3.7
Saint Helena,SHN,2000,3.5
Saint Helena,SHN,2001,3
Saint Helena,SHN,2002,3.2
Saint Helena,SHN,2003,3.8
Saint Helena,SHN,2004,3.6
Saint Helena,SHN,2005,4.3
Saint Helena,SHN,2006,4.2
Saint Helena,SHN,2007,5
Saint Helena,SHN,2008,4.6
Saint Helena,SHN,2009,4.1
Saint Helena,SHN,2010,4.5
Saint Helena,SHN,2011,5.3
Saint Helena,SHN,2012,3.8
Saint Helena,SHN,2013,3.7
Saint Helena,SHN,2014,3.6
Saint Helena,SHN,2015,4
Saint Helena,SHN,2016,3.9
Saint Helena,SHN,2017,4.1
Saint Helena,SHN,2018,3.6
Saint Helena,SHN,2019,4.4
Saint Helena,SHN,2020,3.4
Saint Helena,SHN,2021,3.6
Saint Helena,SHN,2022,4.1
Saint Helena,SHN,2023,4
Saint Helena,SHN,2024,4.1
Saint Kitts and Nevis,KNA,1998,8.4
Saint Kitts and Nevis,KNA,1999,8.8
Saint Kitts and Nevis,KNA,2000,8.3
Saint Kitts and Nevis,KNA,2001,8.6
Saint Kitts and Nevis,KNA,2002,8.7
Saint Kitts and Nevis,KNA,2003,7.7
Saint Kitts and Nevis,KNA,2004,6.3
Saint Kitts and Nevis,KNA,2005,7.6
Saint Kitts and Nevis,KNA,2006,7.7
Saint Kitts and Nevis,KNA,2007,7.6
Saint Kitts and Nevis,KNA,2008,6.7
Saint Kitts and Nevis,KNA,2009,8
Saint Kitts and Nevis,KNA,2010,8.1
Saint Kitts and Nevis,KNA,2011,7.1
Saint Kitts and Nevis,KNA,2012,7.8
Saint Kitts and Nevis,KNA,2013,6.5
Saint Kitts and Nevis,KNA,2014,7.2
Saint Kitts and Nevis,KNA,2015,8
Saint Kitts and Nevis,KNA,2016,7.5
Saint Kitts and Nevis,KNA,2017,7.8
Saint Kitts and Nevis,KNA,2018,7.9
Saint Kitts and Nevis,KNA,2019,7.3
Saint Kitts and Nevis,KNA,2020,7
Saint Kitts and Nevis,KNA,2021,7.4
Saint Kitts and Nevis,KNA,2022,6.5
Saint Kitts and Nevis,KNA,2023,7.1
Saint Kitts and Nevis,KNA,2024,6.8
Saint Lucia,LCA,1998,9.7
Saint Lucia,LCA,1999,10.8
Saint Lucia,LCA,2000,10.5
Saint Lucia,LCA,2001,9.8
Saint Lucia,LCA,2002,9.7
Saint Lucia,LCA,2003,9.5
Saint Lucia,LCA,2004,8.8
Saint Lucia,LCA,2005,9.2
Saint Lucia,LCA,2006,9.2
Saint Lucia,LCA,2007,10.1
Saint Lucia,LCA,2008,8.4
Saint Lucia,LCA,2009,10.5
Saint Lucia,LCA,2010,10.6
Saint Lucia,LCA,2011,9.4
Saint Lucia,LCA,2012,10.7
Saint Lucia,LCA,2013,8.6
Saint Lucia,LCA,2014,8.7
Saint Lucia,LCA,2015,10.9
Saint Lucia,LCA,2016,10.6
Saint Lucia,LCA,2017,11.2
Saint Lucia,LCA,2018,9.7
Saint Lucia,LCA,2019,9.4
Saint Lucia,LCA,2020,10.3
Saint Lucia,LCA,2021,11.1
Saint Lucia,LCA,2022,9.8
Saint Lucia,LCA,2023,10.1
Saint Lucia,LCA,2024,10.4
Saint Martin (French part),MAF,1998,8.1
Saint Martin (French part),MAF,1999,8.5
Saint Martin (French part),MAF,2000,7.9
Saint Martin (French part),MAF,2001,8.1
Saint Martin (French part),MAF,2002,8.1
Saint Martin (French part),MAF,2003,6.8
Saint Martin (French part),MAF,2004,6
Saint Martin (French part),MAF,2005,7
Saint Martin (French part),MAF,2006,7.1
Saint Martin (French part),MAF,2007,7
Saint Martin (French part),MAF,2008,6.3
Saint Martin (French part),MAF,2009,6.6
Saint Martin (French part),MAF,2010,7.7
Saint Martin (French part),MAF,2011,6.2
Saint Martin (French part),MAF,2012,7.3
Saint Martin (French part),MAF,2013,6
Saint Martin (French part),MAF,2014,6.8
Saint Martin (French part),MAF,2015,7
Saint Martin (French part),MAF,2016,7.2
Saint Martin (French part),MAF,2017,7.7
Saint Martin (French part),MAF,2018,7.4
Saint Martin (French part),MAF,2019,7.1
Saint Martin (French part),MAF,2020,6.9
Saint Martin (French part),MAF,2021,6.8
Saint Martin (French part),MAF,2022,5.9
Saint Martin (French part),MAF,2023,7
Saint Martin (French part),MAF,2024,6.6
Saint Pierre and Miquelon,SPM,1998,6
Saint Pierre and Miquelon,SPM,1999,6.1
Saint Pierre and Miquelon,SPM,2000,5.1
Saint Pierre and Miquelon,SPM,2001,4.4
Saint Pierre and Miquelon,SPM,2002,4.7
Saint Pierre and Miquelon,SPM,2003,5.1
Saint Pierre and Miquelon,SPM,2004,4.3
Saint Pierre and Miquelon,SPM,2005,4.7
Saint Pierre and Miquelon,SPM,2006,4.9
Saint Pierre and Miquelon,SPM,2007,4.3
Saint Pierre and Miquelon,SPM,2008,4.7
Saint Pierre and Miquelon,SPM,2009,5.2
Saint Pierre and Miquelon,SPM,2010,5.2
Saint Pierre and Miquelon,SPM,2011,5.5
Saint Pierre and Miquelon,SPM,2012,4.4
Saint Pierre and Miquelon,SPM,2013,6.6
Saint Pierre and Miquelon,SPM,2014,5.7
Saint Pierre and Miquelon,SPM,2015,5.7
Saint Pierre and Miquelon,SPM,2016,4.9
Saint Pierre and Miquelon,SPM,2017,5.9
Saint Pierre and Miquelon,SPM,2018,5
Saint Pierre and Miquelon,SPM,2019,4.5
Saint Pierre and Miquelon,SPM,2020,5.4
Saint Pierre and Miquelon,SPM,2021,5
Saint Pierre and Miquelon,SPM,2022,5.1
Saint Pierre and Miquelon,SPM,2023,5.9
Saint Pierre and Miquelon,SPM,2024,5.1
Saint Vincent and the Grenadines,VCT,1998,9.7
Saint Vincent and the Grenadines,VCT,1999,10.8
Saint Vincent and the Grenadines,VCT,2000,10.2
Saint Vincent and the Grenadines,VCT,2001,10.2
Saint Vincent and the Grenadines,VCT,2002,10.5
Saint Vincent and the Grenadines,VCT,2003,10.4
Saint Vincent and the Grenadines,VCT,2004,9.4
Saint Vincent and the Grenadines,VCT,2005,10.2
Saint Vincent and the Grenadines,VCT,2006,9.8
Saint Vincent and the Grenadines,VCT,2007,10.8
Saint Vincent and the Grenadines,VCT,2008,9.4
Saint Vincent and the Grenadines,VCT,2009,11.1
Saint Vincent and the Grenadines,VCT,2010,11.1
Saint Vincent and the Grenadines,VCT,2011,9.8
Saint Vincent and the Grenadines,VCT,2012,11
Saint Vincent and the Grenadines,VCT,2013,9.2
Saint Vincent and the Grenadines,VCT,2014,9.2
Saint Vincent and the Grenadines,VCT,2015,11.4
Saint Vincent and the Grenadines,VCT,2016,10.9
Saint Vincent and the Grenadines,VCT,2017,11.8
Saint Vincent and the Grenadines,VCT,2018,9.9
Saint Vincent and the Grenadines,VCT,2019,9.4
Saint Vincent and the Grenadines,VCT,2020,10.1
Saint Vincent and the Grenadines,VCT,2021,11
Saint Vincent and the Grenadines,VCT,2022,10
Saint Vincent and the Grenadines,VCT,2023,9.7
Saint Vincent and the Grenadines,VCT,2024,10.2
Samoa,WSM,1998,3.6
Samoa,WSM,1999,2.9
Samoa,WSM,2000,3.6
Samoa,WSM,2001,3.9
Samoa,WSM,2002,3.6
Samoa,WSM,2003,3.7
Samoa,WSM,2004,3.7
Samoa,WSM,2005,4
Samoa,WSM,2006,4.3
Samoa,WSM,2007,4.2
Samoa,WSM,2008,3.6
Samoa,WSM,2009,3.7
Samoa,WSM,2010,3.8
Samoa,WSM,2011,3.6
Samoa,WSM,2012,3.6
Samoa,WSM,2013,3.7
Samoa,WSM,2014,4.1
Samoa,WSM,2015,4.8
Samoa,WSM,2016,4.2
Samoa,WSM,2017,4.5
Samoa,WSM,2018,4.3
Samoa,WSM,2019,4
Samoa,WSM,2020,3.8
Samoa,WSM,2021,3.1
Samoa,WSM,2022,4.3
Samoa,WSM,2023,4.3
Samoa,WSM,2024,4.1
San Marino,SMR,1998,16.5
San Marino,SMR,1999,16.2
San Marino,SMR,2000,17.4
San Marino,SMR,2001,16.2
San Marino,SMR,2002,18.4
San Marino,SMR,2003,20.1
San Marino,SMR,2004,16.7
San Marino,SMR,2005,17.8
San Marino,SMR,2006,22.1
San Marino,SMR,2007,18.6
San Marino,SMR,2008,15.6
San Marino,SMR,2009,16.1
San Marino,SMR,2010,15.8
San Marino,SMR,2011,17.6
San Marino,SMR,2012,16.3
San Marino,SMR,2013,14.9
San Marino,SMR,2014,13.1
San Marino,SMR,2015,15.9
San Marino,SMR,2016,13.7
San Marino,SMR,2017,13.8
San Marino,SMR,2018,13.3
San Marino,SMR,2019,12.5
San Marino,SMR,2020,12.8
San Marino,SMR,2021,11.5
San Marino,SMR,2022,13.1
San Marino,SMR,2023,12.1
San Marino,SMR,2024,12.9
Sao Tome and Principe,STP,1998,15
Sao Tome and Principe,STP,1999,11.7
Sao Tome and Principe,STP,2000,17
Sao Tome and Principe,STP,2001,17
Sao Tome and Principe,STP,2002,14.3
Sao Tome and Principe,STP,2003,14.9
Sao Tome and Principe,STP,2004,15.8
Sao Tome and Principe,STP,2005,13.2
Sao Tome and Principe,STP,2006,12.5
Sao Tome and Principe,STP,2007,12.9
Sao Tome and Principe,STP,2008,14.7
Sao Tome and Principe,STP,2009,13.2
Sao Tome and Principe,STP,2010,15.3
Sao Tome and Principe,STP,2011,15.9
Sao Tome and Principe,STP,2012,14.6
Sao Tome and Principe,STP,2013,14.9
Sao Tome and Principe,STP,2014,11.4
Sao Tome and Principe,STP,2015,16.6
Sao Tome and Principe,STP,2016,14.4
Sao Tome and Principe,STP,2017,12.8
Sao Tome and Principe,STP,2018,12.4
Sao Tome and Principe,STP,2019,13.2
Sao Tome and Principe,STP,2020,14.3
Sao Tome and Principe,STP,2021,13.5
Sao Tome and Principe,STP,2022,13.1
Sao Tome and Principe,STP,2023,14.5
Sao Tome and Principe,STP,2024,15.6
Saudi Arabia,SAU,1998,39.1
Saudi Arabia,SAU,1999,45.1
Saudi Arabia,SAU,2000,47
Saudi Arabia,SAU,2001,44.7
Saudi Arabia,SAU,2002,44.9
Saudi Arabia,SAU,2003,52.3
Saudi Arabia,SAU,2004,48.6
Saudi Arabia,SAU,2005,49.9
Saudi Arabia,SAU,2006,53.5
Saudi Arabia,SAU,2007,52.4
Saudi Arabia,SAU,2008,56.7
Saudi Arabia,SAU,2009,56.3
Saudi Arabia,SAU,2010,58
Saudi Arabia,SAU,2011,59.6
Saudi Arabia,SAU,2012,56.2
Saudi Arabia,SAU,2013,54.7
Saudi Arabia,SAU,2014,52.3
Saudi Arabia,SAU,2015,57.6
Saudi Arabia,SAU,2016,54.3
Saudi Arabia,SAU,2017,57.9
Saudi Arabia,SAU,2018,59.8
Saudi Arabia,SAU,2019,60
Saudi Arabia,SAU,2020,55.9
Saudi Arabia,SAU,2021,59.1
Saudi Arabia,SAU,2022,62.6
Saudi Arabia,SAU,2023,49.5
Saudi Arabia,SAU,2024,50.4
Senegal,SEN,1998,44.1
Senegal,SEN,1999,39.2
Senegal,SEN,2000,40.5
Senegal,SEN,2001,36.9
Senegal,SEN,2002,36.9
Senegal,SEN,2003,36.4
Senegal,SEN,2004,36.4
Senegal,SEN,2005,36.4
Senegal,SEN,2006,33.9
Senegal,SEN,2007,37.7
Senegal,SEN,2008,38.4
Senegal,SEN,2009,34.6
Senegal,SEN,2010,35.4
Senegal,SEN,2011,37.3
Senegal,SEN,2012,37.9
Senegal,SEN,2013,33.9
Senegal,SEN,2014,35.3
Senegal,SEN,2015,38.7
Senegal,SEN,2016,37.4
Senegal,SEN,2017,39.2
Senegal,SEN,2018,37.1
Senegal,SEN,2019,37
Senegal,SEN,2020,37.2
Senegal,SEN,2021,38.1
Senegal,SEN,2022,35.9
Senegal,SEN,2023,34.6
Senegal,SEN,2024,36.5
Serbia,SRB,1998,24.4
Serbia,SRB,1999,22.9
Serbia,SRB,2000,22
Serbia,SRB,2001,22.7
Serbia,SRB,2002,24
Serbia,SRB,2003,24.1
Serbia,SRB,2004,22.8
Serbia,SRB,2005,24.4
Serbia,SRB,2006,24.8
Serbia,SRB,2007,21.7
Serbia,SRB,2008,22.9
Serbia,SRB,2009,24
Serbia,SRB,2010,21.6
Serbia,SRB,2011,27.7
Serbia,SRB,2012,24.3
Serbia,SRB,2013,23.2
Serbia,SRB,2014,20.5
Serbia,SRB,2015,22.9
Serbia,SRB,2016,22
Serbia,SRB,2017,23.2
Serbia,SRB,2018,22.9
Serbia,SRB,2019,20.1
Serbia,SRB,2020,19.9
Serbia,SRB,2021,18.1
Serbia,SRB,2022,18.2
Serbia,SRB,2023,16.3
Serbia,SRB,2024,17.6
Seychelles,SYC,1998,5.4
Seychelles,SYC,1999,6.4
Seychelles,SYC,2000,6.8
Seychelles,SYC,2001,5.3
Seychelles,SYC,2002,6.1
Seychelles,SYC,2003,7.5
Seychelles,SYC,2004,6.2
Seychelles,SYC,2005,6.4
Seychelles,SYC,2006,8.2
Seychelles,SYC,2007,7.7
Seychelles,SYC,2008,7.5
Seychelles,SYC,2009,7.9
Seychelles,SYC,2010,7.5
Seychelles,SYC,2011,8.5
Seychelles,SYC,2012,7
Seychelles,SYC,2013,7.9
Seychelles,SYC,2014,7.4
Seychelles,SYC,2015,6.4
Seychelles,SYC,2016,8.4
Seychelles,SYC,2017,8.2
Seychelles,SYC,2018,7.7
Seychelles,SYC,2019,8.4
Seychelles,SYC,2020,6.3
Seychelles,SYC,2021,5.4
Seychelles,SYC,2022,7.2
Seychelles,SYC,2023,7
Seychelles,SYC,2024,6.9
Sierra Leone,SLE,1998,26.2
Sierra Leone,SLE,1999,25.1
Sierra Leone,SLE,2000,20.7
Sierra Leone,SLE,2001,18.7
Sierra Leone,SLE,2002,19.1
Sierra Leone,SLE,2003,19
Sierra Leone,SLE,2004,21.5
Sierra Leone,SLE,2005,20.6
Sierra Leone,SLE,2006,17.9
Sierra Leone,SLE,2007,21.1
Sierra Leone,SLE,2008,21.4
Sierra Leone,SLE,2009,22.6
Sierra Leone,SLE,2010,20.9
Sierra Leone,SLE,2011,22.2
Sierra Leone,SLE,2012,19.2
Sierra Leone,SLE,2013,18.7
Sierra Leone,SLE,2014,18.9
Sierra Leone,SLE,2015,21.3
Sierra Leone,SLE,2016,19.2
Sierra Leone,SLE,2017,19.2
Sierra Leone,SLE,2018,19.8
Sierra Leone,SLE,2019,18.8
Sierra Leone,SLE,2020,18.6
Sierra Leone,SLE,2021,18.8
Sierra Leone,SLE,2022,18.5
Sierra Leone,SLE,2023,18.3
Sierra Leone,SLE,2024,20.2
Singapore,SGP,1998,8.5
Singapore,SGP,1999,10.2
Singapore,SGP,2000,12.3
Singapore,SGP,2001,11.5
Singapore,SGP,2002,15.1
Singapore,SGP,2003,10.5
Singapore,SGP,2004,13.2
Singapore,SGP,2005,12
Singapore,SGP,2006,22
Singapore,SGP,2007,10.3
Singapore,SGP,2008,9.2
Singapore,SGP,2009,15.5
Singapore,SGP,2010,8.6
Singapore,SGP,2011,12.1
Singapore,SGP,2012,14.1
Singapore,SGP,2013,18.1
Singapore,SGP,2014,15.5
Singapore,SGP,2015,24.9
Singapore,SGP,2016,11
Singapore,SGP,2017,11.3
Singapore,SGP,2018,12.7
Singapore,SGP,2019,15.4
Singapore,SGP,2020,9
Singapore,SGP,2021,10.8
Singapore,SGP,2022,10.4
Singapore,SGP,2023,12.5
Singapore,SGP,2024,12.2
Sint Maarten (Dutch part),SXM,1998,8
Sint Maarten (Dutch part),SXM,1999,8.5
Sint Maarten (Dutch part),SXM,2000,7.7
Sint Maarten (Dutch part),SXM,2001,8.2
Sint Maarten (Dutch part),SXM,2002,8.2
Sint Maarten (Dutch part),SXM,2003,7
Sint Maarten (Dutch part),SXM,2004,6.2
Sint Maarten (Dutch part),SXM,2005,7.5
Sint Maarten (Dutch part),SXM,2006,7.4
Sint Maarten (Dutch part),SXM,2007,7.4
Sint Maarten (Dutch part),SXM,2008,6.6
Sint Maarten (Dutch part),SXM,2009,7
Sint Maarten (Dutch part),SXM,2010,8
Sint Maarten (Dutch part),SXM,2011,6.4
Sint Maarten (Dutch part),SXM,2012,7.6
Sint Maarten (Dutch part),SXM,2013,6.3
Sint Maarten (Dutch part),SXM,2014,7
Sint Maarten (Dutch part),SXM,2015,7.3
Sint Maarten (Dutch part),SXM,2016,7.4
Sint Maarten (Dutch part),SXM,2017,8
Sint Maarten (Dutch part),SXM,2018,7.6
Sint Maarten (Dutch part),SXM,2019,7.2
Sint Maarten (Dutch part),SXM,2020,7
Sint Maarten (Dutch part),SXM,2021,7
Sint Maarten (Dutch part),SXM,2022,6
Sint Maarten (Dutch part),SXM,2023,7.2
Sint Maarten (Dutch part),SXM,2024,6.7
Slovakia,SVK,1998,24.6
Slovakia,SVK,1999,24.4
Slovakia,SVK,2000,22.8
Slovakia,SVK,2001,23.5
Slovakia,SVK,2002,24.9
Slovakia,SVK,2003,24.5
Slovakia,SVK,2004,22.8
Slovakia,SVK,2005,24.5
Slovakia,SVK,2006,25.9
Slovakia,SVK,2007,19.4
Slovakia,SVK,2008,20.1
Slovakia,SVK,2009,21.4
Slovakia,SVK,2010,22.3
Slovakia,SVK,2011,24.2
Slovakia,SVK,2012,21.4
Slovakia,SVK,2013,21
Slovakia,SVK,2014,19.7
Slovakia,SVK,2015,19.6
Slovakia,SVK,2016,18.5
Slovakia,SVK,2017,19.2
Slovakia,SVK,2018,19
Slovakia,SVK,2019,15.7
Slovakia,SVK,2020,14.2
Slovakia,SVK,2021,15.8
Slovakia,SVK,2022,14.3
Slovakia,SVK,2023,13.1
Slovakia,SVK,2024,13.2
Slovenia,SVN,1998,19.5
Slovenia,SVN,1999,18.8
Slovenia,SVN,2000,19.3
Slovenia,SVN,2001,19.7
Slovenia,SVN,2002,20.7
Slovenia,SVN,2003,20.4
Slovenia,SVN,2004,19
Slovenia,SVN,2005,20.3
Slovenia,SVN,2006,21.5
Slovenia,SVN,2007,17.1
Slovenia,SVN,2008,18
Slovenia,SVN,2009,17.7
Slovenia,SVN,2010,17.8
Slovenia,SVN,2011,20.7
Slovenia,SVN,2012,18
Slovenia,SVN,2013,16.7
Slovenia,SVN,2014,14.7
Slovenia,SVN,2015,17
Slovenia,SVN,2016,15.8
Slovenia,SVN,2017,16.2
Slovenia,SVN,2018,16.4
Slovenia,SVN,2019,13.4
Slovenia,SVN,2020,13.2
Slovenia,SVN,2021,12.6
Slovenia,SVN,2022,14
Slovenia,SVN,2023,12.3
Slovenia,SVN,2024,13.5
Solomon Islands,SLB,1998,3.5
Solomon Islands,SLB,1999,3
Solomon Islands,SLB,2000,4.7
Solomon Islands,SLB,2001,5.7
Solomon Islands,SLB,2002,6
Solomon Islands,SLB,2003,5.9
Solomon Islands,SLB,2004,7.5
Solomon Islands,SLB,2005,6.5
Solomon Islands,SLB,2006,7.3
Solomon Islands,SLB,2007,7.1
Solomon Islands,SLB,2008,6.1
Solomon Islands,SLB,2009,7
Solomon Islands,SLB,2010,6.7
Solomon Islands,SLB,2011,6.1
Solomon Islands,SLB,2012,6.4
Solomon Islands,SLB,2013,8
Solomon Islands,SLB,2014,8
Solomon Islands,SLB,2015,8.8
Solomon Islands,SLB,2016,6.9
Solomon Islands,SLB,2017,8.1
Solomon Islands,SLB,2018,7.1
Solomon Islands,SLB,2019,7
Solomon Islands,SLB,2020,6.4
Solomon Islands,SLB,2021,5.3
Solomon Islands,SLB,2022,7.1
Solomon Islands,SLB,2023,8.2
Solomon Islands,SLB,2024,7
Somalia,SOM,1998,10.2
Somalia,SOM,1999,13.4
Somalia,SOM,2000,15.7
Somalia,SOM,2001,13.3
Somalia,SOM,2002,13.3
Somalia,SOM,2003,13.9
Somalia,SOM,2004,14.3
Somalia,SOM,2005,13.2
Somalia,SOM,2006,14.5
Somalia,SOM,2007,13.4
Somalia,SOM,2008,14.7
Somalia,SOM,2009,14.9
Somalia,SOM,2010,13.2
Somalia,SOM,2011,15.5
Somalia,SOM,2012,14.8
Somalia,SOM,2013,13.8
Somalia,SOM,2014,13
Somalia,SOM,2015,12.3
Somalia,SOM,2016,12.4
Somalia,SOM,2017,13.7
Somalia,SOM,2018,13
Somalia,SOM,2019,12.2
Somalia,SOM,2020,11.8
Somalia,SOM,2021,11.1
Somalia,SOM,2022,12.7
Somalia,SOM,2023,11.5
Somalia,SOM,2024,11.5
South Africa,ZAF,1998,20.7
South Africa,ZAF,1999,19.5
South Africa,ZAF,2000,21.2
South Africa,ZAF,2001,20.6
South Africa,ZAF,2002,20.8
South Africa,ZAF,2003,20.3
South Africa,ZAF,2004,20.9
South Africa,ZAF,2005,22
South Africa,ZAF,2006,21.3
South Africa,ZAF,2007,21.2
South Africa,ZAF,2008,22.6
South Africa,ZAF,2009,21.5
South Africa,ZAF,2010,23.5
South Africa,ZAF,2011,21.6
South Africa,ZAF,2012,22.9
South Africa,ZAF,2013,22.3
South Africa,ZAF,2014,22.8
South Africa,ZAF,2015,22.9
South Africa,ZAF,2016,21.3
South Africa,ZAF,2017,23
South Africa,ZAF,2018,22.9
South Africa,ZAF,2019,23
South Africa,ZAF,2020,22
South Africa,ZAF,2021,22.8
South Africa,ZAF,2022,24.5
South Africa,ZAF,2023,23.5
South Africa,ZAF,2024,24.4
South America,OWID_SAM,1998,12.511659
South America,OWID_SAM,1999,12.142156
South America,OWID_SAM,2000,14.074131
South America,OWID_SAM,2001,14.637594
South America,OWID_SAM,2002,14.911705
South America,OWID_SAM,2003,15.310707
South America,OWID_SAM,2004,15.111662
South America,OWID_SAM,2005,15.448033
South America,OWID_SAM,2006,14.831977
South America,OWID_SAM,2007,16.099817
South America,OWID_SAM,2008,15.145966
South America,OWID_SAM,2009,15.1825905
South America,OWID_SAM,2010,16.114231
South America,OWID_SAM,2011,15.058254
South America,OWID_SAM,2012,15.234225
South America,OWID_SAM,2013,15.030368
South America,OWID_SAM,2014,15.040352
South America,OWID_SAM,2015,15.922196
South America,OWID_SAM,2016,16.10049
South America,OWID_SAM,2017,15.862608
South America,OWID_SAM,2018,15.189372
South America,OWID_SAM,2019,15.871614
South America,OWID_SAM,2020,15.649768
South America,OWID_SAM,2021,15.404587
South America,OWID_SAM,2022,16.281998
South America,OWID_SAM,2023,15.953687
South America,OWID_SAM,2024,17.433588
South Korea,KOR,1998,17.6
South Korea,KOR,1999,17.1
South Korea,KOR,2000,21.1
South Korea,KOR,2001,20.7
South Korea,KOR,2002,18.9
South Korea,KOR,2003,24.9
South Korea,KOR,2004,20.7
South Korea,KOR,2005,21.3
South Korea,KOR,2006,23.5
South Korea,KOR,2007,22.8
South Korea,KOR,2008,22.9
South Korea,KOR,2009,21.8
South Korea,KOR,2010,19.9
South Korea,KOR,2011,20.3
South Korea,KOR,2012,20.8
South Korea,KOR,2013,22.9
South Korea,KOR,2014,24.2
South Korea,KOR,2015,24.6
South Korea,KOR,2016,25.5
South Korea,KOR,2017,23.7
South Korea,KOR,2018,21.9
South Korea,KOR,2019,22.2
South Korea,KOR,2020,18.8
South Korea,KOR,2021,17.7
South Korea,KOR,2022,17.5
South Korea,KOR,2023,18.5
South Korea,KOR,2024,21
South Sudan,SSD,1998,24.1
South Sudan,SSD,1999,20.5
South Sudan,SSD,2000,23.1
South Sudan,SSD,2001,27.1
South Sudan,SSD,2002,24.8
South Sudan,SSD,2003,26.1
South Sudan,SSD,2004,25.7
South Sudan,SSD,2005,27.4
South Sudan,SSD,2006,23.5
South Sudan,SSD,2007,27
South Sudan,SSD,2008,24.8
South Sudan,SSD,2009,27.1
South Sudan,SSD,2010,28.1
South Sudan,SSD,2011,30.7
South Sudan,SSD,2012,27.5
South Sudan,SSD,2013,29.1
South Sudan,SSD,2014,24.7
South Sudan,SSD,2015,25.6
South Sudan,SSD,2016,26.6
South Sudan,SSD,2017,26.7
South Sudan,SSD,2018,23.3
South Sudan,SSD,2019,24.6
South Sudan,SSD,2020,24.7
South Sudan,SSD,2021,25.5
South Sudan,SSD,2022,23.7
South Sudan,SSD,2023,19.7
South Sudan,SSD,2024,24.1
Spain,ESP,1998,11.9
Spain,ESP,1999,11.2
Spain,ESP,2000,12.7
Spain,ESP,2001,12.3
Spain,ESP,2002,12.5
Spain,ESP,2003,12.5
Spain,ESP,2004,12.9
Spain,ESP,2005,12.5
Spain,ESP,2006,12.8
Spain,ESP,2007,13.1
Spain,ESP,2008,11.6
Spain,ESP,2009,12.2
Spain,ESP,2010,10.8
Spain,ESP,2011,11.6
Spain,ESP,2012,11.2
Spain,ESP,2013,10.1
Spain,ESP,2014,9.8
Spain,ESP,2015,11.3
Spain,ESP,2016,10.1
Spain,ESP,2017,10.8
Spain,ESP,2018,10.2
Spain,ESP,2019,10.1
Spain,ESP,2020,9.6
Spain,ESP,2021,9.6
Spain,ESP,2022,10.5
Spain,ESP,2023,10
Spain,ESP,2024,10
Sri Lanka,LKA,1998,13.6
Sri Lanka,LKA,1999,14.8
Sri Lanka,LKA,2000,18
Sri Lanka,LKA,2001,19.3
Sri Lanka,LKA,2002,18.1
Sri Lanka,LKA,2003,19.3
Sri Lanka,LKA,2004,18.5
Sri Lanka,LKA,2005,20.4
Sri Lanka,LKA,2006,19.7
Sri Lanka,LKA,2007,21.3
Sri Lanka,LKA,2008,20.9
Sri Lanka,LKA,2009,21.6
Sri Lanka,LKA,2010,22.1
Sri Lanka,LKA,2011,22.9
Sri Lanka,LKA,2012,22.3
Sri Lanka,LKA,2013,23.4
Sri Lanka,LKA,2014,23
Sri Lanka,LKA,2015,21.1
Sri Lanka,LKA,2016,22.5
Sri Lanka,LKA,2017,22.5
Sri Lanka,LKA,2018,25.4
Sri Lanka,LKA,2019,21.5
Sri Lanka,LKA,2020,19.9
Sri Lanka,LKA,2021,19.9
Sri Lanka,LKA,2022,22.1
Sri Lanka,LKA,2023,19.6
Sri Lanka,LKA,2024,20.7
Sudan,SDN,1998,28.8
Sudan,SDN,1999,27.6
Sudan,SDN,2000,28.2
Sudan,SDN,2001,29.8
Sudan,SDN,2002,31
Sudan,SDN,2003,31.6
Sudan,SDN,2004,31.9
Sudan,SDN,2005,33.1
Sudan,SDN,2006,31.2
Sudan,SDN,2007,32
Sudan,SDN,2008,30.2
Sudan,SDN,2009,32.9
Sudan,SDN,2010,33.4
Sudan,SDN,2011,34.4
Sudan,SDN,2012,31.8
Sudan,SDN,2013,30.9
Sudan,SDN,2014,29.1
Sudan,SDN,2015,30.9
Sudan,SDN,2016,31.6
Sudan,SDN,2017,33.3
Sudan,SDN,2018,31
Sudan,SDN,2019,31
Sudan,SDN,2020,27.4
Sudan,SDN,2021,30.4
Sudan,SDN,2022,30
Sudan,SDN,2023,27
Sudan,SDN,2024,28.8
Suriname,SUR,1998,9.9
Suriname,SUR,1999,10.4
Suriname,SUR,2000,12.1
Suriname,SUR,2001,11.9
Suriname,SUR,2002,11.6
Suriname,SUR,2003,11.7
Suriname,SUR,2004,11.6
Suriname,SUR,2005,11.2
Suriname,SUR,2006,12.1
Suriname,SUR,2007,14
Suriname,SUR,2008,11.9
Suriname,SUR,2009,12.2
Suriname,SUR,2010,13.2
Suriname,SUR,2011,12.2
Suriname,SUR,2012,14.7
Suriname,SUR,2013,13.1
Suriname,SUR,2014,13
Suriname,SUR,2015,15.1
Suriname,SUR,2016,13.1
Suriname,SUR,2017,13.8
Suriname,SUR,2018,12.7
Suriname,SUR,2019,13.4
Suriname,SUR,2020,13.1
Suriname,SUR,2021,14.6
Suriname,SUR,2022,12.8
Suriname,SUR,2023,12.2
Suriname,SUR,2024,13.5
Sweden,SWE,1998,8.2
Sweden,SWE,1999,8.2
Sweden,SWE,2000,8
Sweden,SWE,2001,7.2
Sweden,SWE,2002,7.8
Sweden,SWE,2003,8.1
Sweden,SWE,2004,7.2
Sweden,SWE,2005,7.4
Sweden,SWE,2006,8.3
Sweden,SWE,2007,7
Sweden,SWE,2008,7.2
Sweden,SWE,2009,7
Sweden,SWE,2010,7
Sweden,SWE,2011,7.7
Sweden,SWE,2012,6.3
Sweden,SWE,2013,6.1
Sweden,SWE,2014,7.6
Sweden,SWE,2015,6.1
Sweden,SWE,2016,5.8
Sweden,SWE,2017,5.4
Sweden,SWE,2018,6.5
Sweden,SWE,2019,5.9
Sweden,SWE,2020,5
Sweden,SWE,2021,5.5
Sweden,SWE,2022,5.2
Sweden,SWE,2023,5.1
Sweden,SWE,2024,5.7
Switzerland,CHE,1998,15.4
Switzerland,CHE,1999,15.9
Switzerland,CHE,2000,15.3
Switzerland,CHE,2001,15.6
Switzerland,CHE,2002,16.3
Switzerland,CHE,2003,17.6
Switzerland,CHE,2004,13.8
Switzerland,CHE,2005,14.5
Switzerland,CHE,2006,15.2
Switzerland,CHE,2007,13.7
Switzerland,CHE,2008,13.7
Switzerland,CHE,2009,14.7
Switzerland,CHE,2010,14.7
Switzerland,CHE,2011,15.4
Switzerland,CHE,2012,13.3
Switzerland,CHE,2013,13.3
Switzerland,CHE,2014,11.2
Switzerland,CHE,2015,12.3
Switzerland,CHE,2016,11.3
Switzerland,CHE,2017,11
Switzerland,CHE,2018,11.1
Switzerland,CHE,2019,9.5
Switzerland,CHE,2020,8.9
Switzerland,CHE,2021,9.1
Switzerland,CHE,2022,9.5
Switzerland,CHE,2023,9.1
Switzerland,CHE,2024,9
Syria,SYR,1998,23.9
Syria,SYR,1999,27.5
Syria,SYR,2000,27.3
Syria,SYR,2001,28.1
Syria,SYR,2002,25.7
Syria,SYR,2003,27.3
Syria,SYR,2004,26.3
Syria,SYR,2005,26.3
Syria,SYR,2006,27
Syria,SYR,2007,28.6
Syria,SYR,2008,28.9
Syria,SYR,2009,30.9
Syria,SYR,2010,32.2
Syria,SYR,2011,32.4
Syria,SYR,2012,31.8
Syria,SYR,2013,29.9
Syria,SYR,2014,29.5
Syria,SYR,2015,30.5
Syria,SYR,2016,27.5
Syria,SYR,2017,28
Syria,SYR,2018,29.6
Syria,SYR,2019,29.9
Syria,SYR,2020,27.9
Syria,SYR,2021,27.6
Syria,SYR,2022,31.7
Syria,SYR,2023,29.3
Syria,SYR,2024,30.8
Taiwan,TWN,1998,16.4
Taiwan,TWN,1999,15.6
Taiwan,TWN,2000,20.5
Taiwan,TWN,2001,20.7
Taiwan,TWN,2002,20.3
Taiwan,TWN,2003,20.5
Taiwan,TWN,2004,22.3
Taiwan,TWN,2005,22.6
Taiwan,TWN,2006,23.2
Taiwan,TWN,2007,23.3
Taiwan,TWN,2008,21.9
Taiwan,TWN,2009,22
Taiwan,TWN,2010,25.7
Taiwan,TWN,2011,20.8
Taiwan,TWN,2012,20
Taiwan,TWN,2013,19.6
Taiwan,TWN,2014,24
Taiwan,TWN,2015,20.7
Taiwan,TWN,2016,19.6
Taiwan,TWN,2017,21.2
Taiwan,TWN,2018,18.9
Taiwan,TWN,2019,17.7
Taiwan,TWN,2020,15.9
Taiwan,TWN,2021,17.4
Taiwan,TWN,2022,19
Taiwan,TWN,2023,20.4
Taiwan,TWN,2024,16.6
Tajikistan,TJK,1998,19.4
Tajikistan,TJK,1999,21.6
Tajikistan,TJK,2000,25
Tajikistan,TJK,2001,27.9
Tajikistan,TJK,2002,26.9
Tajikistan,TJK,2003,26.4
Tajikistan,TJK,2004,26.8
Tajikistan,TJK,2005,25.4
Tajikistan,TJK,2006,27.5
Tajikistan,TJK,2007,30.5
Tajikistan,TJK,2008,30.2
Tajikistan,TJK,2009,29.7
Tajikistan,TJK,2010,29.6
Tajikistan,TJK,2011,30.2
Tajikistan,TJK,2012,25
Tajikistan,TJK,2013,26.9
Tajikistan,TJK,2014,28.3
Tajikistan,TJK,2015,29.4
Tajikistan,TJK,2016,31.2
Tajikistan,TJK,2017,29.3
Tajikistan,TJK,2018,29.6
Tajikistan,TJK,2019,29.3
Tajikistan,TJK,2020,26.9
Tajikistan,TJK,2021,32.6
Tajikistan,TJK,2022,31.5
Tajikistan,TJK,2023,35.4
Tajikistan,TJK,2024,32.6
Tanzania,TZA,1998,15.4
Tanzania,TZA,1999,12.4
Tanzania,TZA,2000,22
Tanzania,TZA,2001,25.2
Tanzania,TZA,2002,19.8
Tanzania,TZA,2003,21.8
Tanzania,TZA,2004,22.3
Tanzania,TZA,2005,22.9
Tanzania,TZA,2006,20.3
Tanzania,TZA,2007,24.6
Tanzania,TZA,2008,23.4
Tanzania,TZA,2009,21.4
Tanzania,TZA,2010,22.9
Tanzania,TZA,2011,24.2
Tanzania,TZA,2012,24.1
Tanzania,TZA,2013,23.7
Tanzania,TZA,2014,22.5
Tanzania,TZA,2015,23.5
Tanzania,TZA,2016,21.8
Tanzania,TZA,2017,20.6
Tanzania,TZA,2018,21.6
Tanzania,TZA,2019,21.9
Tanzania,TZA,2020,22.7
Tanzania,TZA,2021,21.2
Tanzania,TZA,2022,22.5
Tanzania,TZA,2023,20.3
Tanzania,TZA,2024,24.6
Thailand,THA,1998,21.5
Thailand,THA,1999,19.1
Thailand,THA,2000,20.5
Thailand,THA,2001,19.8
Thailand,THA,2002,21.1
Thailand,THA,2003,21.3
Thailand,THA,2004,24.7
Thailand,THA,2005,24.7
Thailand,THA,2006,22.3
Thailand,THA,2007,25.1
Thailand,THA,2008,23.3
Thailand,THA,2009,22.8
Thailand,THA,2010,23
Thailand,THA,2011,24.1
Thailand,THA,2012,23.2
Thailand,THA,2013,25.5
Thailand,THA,2014,24.4
Thailand,THA,2015,21.7
Thailand,THA,2016,23.8
Thailand,THA,2017,20.4
Thailand,THA,2018,22.9
Thailand,THA,2019,23.2
Thailand,THA,2020,23.4
Thailand,THA,2021,22.5
Thailand,THA,2022,21.8
Thailand,THA,2023,24.8
Thailand,THA,2024,23.3
Togo,TGO,1998,30.9
Togo,TGO,1999,27.3
Togo,TGO,2000,33.9
Togo,TGO,2001,31.3
Togo,TGO,2002,32.5
Togo,TGO,2003,30.9
Togo,TGO,2004,34.7
Togo,TGO,2005,34.6
Togo,TGO,2006,32.1
Togo,TGO,2007,36.6
Togo,TGO,2008,38.2
Togo,TGO,2009,31.2
Togo,TGO,2010,30.1
Togo,TGO,2011,32.6
Togo,TGO,2012,29.9
Togo,TGO,2013,29.2
Togo,TGO,2014,28.7
Togo,TGO,2015,35.2
Togo,TGO,2016,32.9
Togo,TGO,2017,33.7
Togo,TGO,2018,29.4
Togo,TGO,2019,29.1
Togo,TGO,2020,30.2
Togo,TGO,2021,29.1
Togo,TGO,2022,30.5
Togo,TGO,2023,28.8
Togo,TGO,2024,31
Tokelau,TKL,1998,3.5
Tokelau,TKL,1999,3
Tokelau,TKL,2000,3.5
Tokelau,TKL,2001,4
Tokelau,TKL,2002,4.1
Tokelau,TKL,2003,4
Tokelau,TKL,2004,3.9
Tokelau,TKL,2005,4.1
Tokelau,TKL,2006,4.2
Tokelau,TKL,2007,4.7
Tokelau,TKL,2008,3.6
Tokelau,TKL,2009,4.2
Tokelau,TKL,2010,4.3
Tokelau,TKL,2011,3.5
Tokelau,TKL,2012,3.7
Tokelau,TKL,2013,4
Tokelau,TKL,2014,4.3
Tokelau,TKL,2015,4.7
Tokelau,TKL,2016,4.2
Tokelau,TKL,2017,3.8
Tokelau,TKL,2018,4.3
Tokelau,TKL,2019,4.1
Tokelau,TKL,2020,4.1
Tokelau,TKL,2021,3.2
Tokelau,TKL,2022,4.4
Tokelau,TKL,2023,4.4
Tokelau,TKL,2024,4
Tonga,TON,1998,3.8
Tonga,TON,1999,3.9
Tonga,TON,2000,4.2
Tonga,TON,2001,4
Tonga,TON,2002,4
Tonga,TON,2003,3.7
Tonga,TON,2004,4.3
Tonga,TON,2005,4.2
Tonga,TON,2006,4.2
Tonga,TON,2007,4.1
Tonga,TON,2008,4.7
Tonga,TON,2009,3.7
Tonga,TON,2010,4.3
Tonga,TON,2011,4
Tonga,TON,2012,3.3
Tonga,TON,2013,3.6
Tonga,TON,2014,3.4
Tonga,TON,2015,3.5
Tonga,TON,2016,3.2
Tonga,TON,2017,4.1
Tonga,TON,2018,3.7
Tonga,TON,2019,3.7
Tonga,TON,2020,3.6
Tonga,TON,2021,3.5
Tonga,TON,2022,4.5
Tonga,TON,2023,4
Tonga,TON,2024,3.8
Trinidad and Tobago,TTO,1998,10
Trinidad and Tobago,TTO,1999,10.9
Trinidad and Tobago,TTO,2000,12.9
Trinidad and Tobago,TTO,2001,12.9
Trinidad and Tobago,TTO,2002,12.4
Trinidad and Tobago,TTO,2003,12.4
Trinidad and Tobago,TTO,2004,10.9
Trinidad and Tobago,TTO,2005,11.5
Trinidad and Tobago,TTO,2006,11.5
Trinidad and Tobago,TTO,2007,12.4
Trinidad and Tobago,TTO,2008,11.2
Trinidad and Tobago,TTO,2009,12
Trinidad and Tobago,TTO,2010,14.3
Trinidad and Tobago,TTO,2011,12.3
Trinidad and Tobago,TTO,2012,13.5
Trinidad and Tobago,TTO,2013,12.5
Trinidad and Tobago,TTO,2014,11.8
Trinidad and Tobago,TTO,2015,13.2
Trinidad and Tobago,TTO,2016,13.5
Trinidad and Tobago,TTO,2017,14.4
Trinidad and Tobago,TTO,2018,12.4
Trinidad and Tobago,TTO,2019,13.1
Trinidad and Tobago,TTO,2020,13.4
Trinidad and Tobago,TTO,2021,14.2
Trinidad and Tobago,TTO,2022,13.1
Trinidad and Tobago,TTO,2023,12.6
Trinidad and Tobago,TTO,2024,13.5
Tunisia,TUN,1998,19.2
Tunisia,TUN,1999,19.7
Tunisia,TUN,2000,19.9
Tunisia,TUN,2001,18.4
Tunisia,TUN,2002,18.5
Tunisia,TUN,2003,20.1
Tunisia,TUN,2004,17.6
Tunisia,TUN,2005,19.4
Tunisia,TUN,2006,17
Tunisia,TUN,2007,19.1
Tunisia,TUN,2008,18.5
Tunisia,TUN,2009,18.8
Tunisia,TUN,2010,17.9
Tunisia,TUN,2011,20.3
Tunisia,TUN,2012,16.4
Tunisia,TUN,2013,16.7
Tunisia,TUN,2014,16.8
Tunisia,TUN,2015,17.2
Tunisia,TUN,2016,17.5
Tunisia,TUN,2017,15.8
Tunisia,TUN,2018,17.1
Tunisia,TUN,2019,15.6
Tunisia,TUN,2020,15
Tunisia,TUN,2021,17.6
Tunisia,TUN,2022,20.2
Tunisia,TUN,2023,21.2
Tunisia,TUN,2024,20.2
Turkey,TUR,1998,20.9
Turkey,TUR,1999,20.7
Turkey,TUR,2000,23.2
Turkey,TUR,2001,23.2
Turkey,TUR,2002,23.7
Turkey,TUR,2003,22.4
Turkey,TUR,2004,21.6
Turkey,TUR,2005,21.5
Turkey,TUR,2006,22.9
Turkey,TUR,2007,23.2
Turkey,TUR,2008,23.4
Turkey,TUR,2009,23.2
Turkey,TUR,2010,23.9
Turkey,TUR,2011,24.6
Turkey,TUR,2012,24.5
Turkey,TUR,2013,24.1
Turkey,TUR,2014,25.5
Turkey,TUR,2015,25.8
Turkey,TUR,2016,24.4
Turkey,TUR,2017,25.6
Turkey,TUR,2018,25
Turkey,TUR,2019,24.9
Turkey,TUR,2020,23.3
Turkey,TUR,2021,23.7
Turkey,TUR,2022,24.3
Turkey,TUR,2023,24.9
Turkey,TUR,2024,25.6
Turkmenistan,TKM,1998,28.6
Turkmenistan,TKM,1999,31.8
Turkmenistan,TKM,2000,28.7
Turkmenistan,TKM,2001,31
Turkmenistan,TKM,2002,28.2
Turkmenistan,TKM,2003,27.3
Turkmenistan,TKM,2004,26.6
Turkmenistan,TKM,2005,24.7
Turkmenistan,TKM,2006,26.5
Turkmenistan,TKM,2007,29
Turkmenistan,TKM,2008,31.1
Turkmenistan,TKM,2009,28.4
Turkmenistan,TKM,2010,29
Turkmenistan,TKM,2011,30.6
Turkmenistan,TKM,2012,25.2
Turkmenistan,TKM,2013,26.8
Turkmenistan,TKM,2014,27.5
Turkmenistan,TKM,2015,26
Turkmenistan,TKM,2016,24.8
Turkmenistan,TKM,2017,25.5
Turkmenistan,TKM,2018,27.2
Turkmenistan,TKM,2019,24.1
Turkmenistan,TKM,2020,22.8
Turkmenistan,TKM,2021,28.2
Turkmenistan,TKM,2022,27.5
Turkmenistan,TKM,2023,29.2
Turkmenistan,TKM,2024,29.1
Turks and Caicos Islands,TCA,1998,10.1
Turks and Caicos Islands,TCA,1999,9.7
Turks and Caicos Islands,TCA,2000,9.7
Turks and Caicos Islands,TCA,2001,8.4
Turks and Caicos Islands,TCA,2002,8.5
Turks and Caicos Islands,TCA,2003,7.9
Turks and Caicos Islands,TCA,2004,7.8
Turks and Caicos Islands,TCA,2005,8
Turks and Caicos Islands,TCA,2006,8.9
Turks and Caicos Islands,TCA,2007,9.2
Turks and Caicos Islands,TCA,2008,7.3
Turks and Caicos Islands,TCA,2009,7.5
Turks and Caicos Islands,TCA,2010,8
Turks and Caicos Islands,TCA,2011,7.7
Turks and Caicos Islands,TCA,2012,8.3
Turks and Caicos Islands,TCA,2013,7.1
Turks and Caicos Islands,TCA,2014,6.9
Turks and Caicos Islands,TCA,2015,7.3
Turks and Caicos Islands,TCA,2016,7.4
Turks and Caicos Islands,TCA,2017,8.4
Turks and Caicos Islands,TCA,2018,8.8
Turks and Caicos Islands,TCA,2019,8.3
Turks and Caicos Islands,TCA,2020,7.6
Turks and Caicos Islands,TCA,2021,8.5
Turks and Caicos Islands,TCA,2022,8.3
Turks and Caicos Islands,TCA,2023,9.2
Turks and Caicos Islands,TCA,2024,8.4
Tuvalu,TUV,1998,3.5
Tuvalu,TUV,1999,3
Tuvalu,TUV,2000,3.1
Tuvalu,TUV,2001,3.6
Tuvalu,TUV,2002,4.2
Tuvalu,TUV,2003,4.1
Tuvalu,TUV,2004,4
Tuvalu,TUV,2005,4.3
Tuvalu,TUV,2006,4.2
Tuvalu,TUV,2007,4.6
Tuvalu,TUV,2008,3.8
Tuvalu,TUV,2009,4.4
Tuvalu,TUV,2010,4.5
Tuvalu,TUV,2011,3.8
Tuvalu,TUV,2012,3.8
Tuvalu,TUV,2013,4.5
Tuvalu,TUV,2014,4.9
Tuvalu,TUV,2015,5.5
Tuvalu,TUV,2016,5
Tuvalu,TUV,2017,4.5
Tuvalu,TUV,2018,5.1
Tuvalu,TUV,2019,5.1
Tuvalu,TUV,2020,4.5
Tuvalu,TUV,2021,3.7
Tuvalu,TUV,2022,4.4
Tuvalu,TUV,2023,4.9
Tuvalu,TUV,2024,4.5
Uganda,UGA,1998,25.9
Uganda,UGA,1999,19
Uganda,UGA,2000,34.1
Uganda,UGA,2001,38.3
Uganda,UGA,2002,33.3
Uganda,UGA,2003,33.1
Uganda,UGA,2004,33.1
Uganda,UGA,2005,32
Uganda,UGA,2006,28.9
Uganda,UGA,2007,34.1
Uganda,UGA,2008,33
Uganda,UGA,2009,29.6
Uganda,UGA,2010,34.7
Uganda,UGA,2011,35.6
Uganda,UGA,2012,37.4
Uganda,UGA,2013,38.3
Uganda,UGA,2014,34.6
Uganda,UGA,2015,34.9
Uganda,UGA,2016,34.9
Uganda,UGA,2017,32.2
Uganda,UGA,2018,32.3
Uganda,UGA,2019,34.4
Uganda,UGA,2020,36
Uganda,UGA,2021,36.1
Uganda,UGA,2022,35
Uganda,UGA,2023,28.3
Uganda,UGA,2024,37.3
Ukraine,UKR,1998,21.1
Ukraine,UKR,1999,20.2
Ukraine,UKR,2000,19.6
Ukraine,UKR,2001,20.4
Ukraine,UKR,2002,22.2
Ukraine,UKR,2003,18.8
Ukraine,UKR,2004,18.9
Ukraine,UKR,2005,19.7
Ukraine,UKR,2006,20.2
Ukraine,UKR,2007,17.9
Ukraine,UKR,2008,18.8
Ukraine,UKR,2009,19.6
Ukraine,UKR,2010,20.1
Ukraine,UKR,2011,19.5
Ukraine,UKR,2012,18.1
Ukraine,UKR,2013,17.2
Ukraine,UKR,2014,17.2
Ukraine,UKR,2015,16.3
Ukraine,UKR,2016,15.4
Ukraine,UKR,2017,16.1
Ukraine,UKR,2018,14.4
Ukraine,UKR,2019,14.2
Ukraine,UKR,2020,13.8
Ukraine,UKR,2021,13.9
Ukraine,UKR,2022,13
Ukraine,UKR,2023,13.3
Ukraine,UKR,2024,14.2
United Arab Emirates,ARE,1998,48.4
United Arab Emirates,ARE,1999,50.7
United Arab Emirates,ARE,2000,53.1
United Arab Emirates,ARE,2001,53.1
United Arab Emirates,ARE,2002,48.8
United Arab Emirates,ARE,2003,53.2
United Arab Emirates,ARE,2004,52.6
United Arab Emirates,ARE,2005,50.7
United Arab Emirates,ARE,2006,53.2
United Arab Emirates,ARE,2007,54.5
United Arab Emirates,ARE,2008,56.2
United Arab Emirates,ARE,2009,55.5
United Arab Emirates,ARE,2010,54.9
United Arab Emirates,ARE,2011,55.1
United Arab Emirates,ARE,2012,58.3
United Arab Emirates,ARE,2013,53.6
United Arab Emirates,ARE,2014,52.1
United Arab Emirates,ARE,2015,54.8
United Arab Emirates,ARE,2016,54.7
United Arab Emirates,ARE,2017,55.8
United Arab Emirates,ARE,2018,60.4
United Arab Emirates,ARE,2019,57
United Arab Emirates,ARE,2020,52.2
United Arab Emirates,ARE,2021,55.6
United Arab Emirates,ARE,2022,59.9
United Arab Emirates,ARE,2023,55.9
United Arab Emirates,ARE,2024,55.7
United Kingdom,GBR,1998,13.1
United Kingdom,GBR,1999,11.3
United Kingdom,GBR,2000,11.9
United Kingdom,GBR,2001,12.1
United Kingdom,GBR,2002,12.1
United Kingdom,GBR,2003,13.8
United Kingdom,GBR,2004,10.7
United Kingdom,GBR,2005,10.8
United Kingdom,GBR,2006,11.4
United Kingdom,GBR,2007,11.2
United Kingdom,GBR,2008,10.9
United Kingdom,GBR,2009,10.9
United Kingdom,GBR,2010,11.5
United Kingdom,GBR,2011,12
United Kingdom,GBR,2012,10.6
United Kingdom,GBR,2013,12.3
United Kingdom,GBR,2014,11.9
United Kingdom,GBR,2015,10.5
United Kingdom,GBR,2016,10.9
United Kingdom,GBR,2017,10.7
United Kingdom,GBR,2018,10.6
United Kingdom,GBR,2019,10.8
United Kingdom,GBR,2020,8.7
United Kingdom,GBR,2021,9.2
United Kingdom,GBR,2022,9.5
United Kingdom,GBR,2023,9
United Kingdom,GBR,2024,8.8
United States,USA,1998,12.7
United States,USA,1999,12.7
United States,USA,2000,12.8
United States,USA,2001,12.5
United States,USA,2002,12.1
United States,USA,2003,11.8
United States,USA,2004,11.3
United States,USA,2005,12.2
United States,USA,2006,11
United States,USA,2007,11.4
United States,USA,2008,10.4
United States,USA,2009,9.4
United States,USA,2010,9.3
United States,USA,2011,9.4
United States,USA,2012,8.8
United States,USA,2013,8.5
United States,USA,2014,8.5
United States,USA,2015,8.1
United States,USA,2016,7.5
United States,USA,2017,7.8
United States,USA,2018,7.9
United States,USA,2019,7.3
United States,USA,2020,7.8
United States,USA,2021,8
United States,USA,2022,7.3
United States,USA,2023,8.7
United States,USA,2024,7.5
United States Virgin Islands,VIR,1998,6.3
United States Virgin Islands,VIR,1999,7.3
United States Virgin Islands,VIR,2000,6.6
United States Virgin Islands,VIR,2001,6.6
United States Virgin Islands,VIR,2002,6.6
United States Virgin Islands,VIR,2003,5.9
United States Virgin Islands,VIR,2004,5.2
United States Virgin Islands,VIR,2005,6.2
United States Virgin Islands,VIR,2006,6.3
United States Virgin Islands,VIR,2007,6.2
United States Virgin Islands,VIR,2008,5.3
United States Virgin Islands,VIR,2009,5.6
United States Virgin Islands,VIR,2010,6.6
United States Virgin Islands,VIR,2011,5.2
United States Virgin Islands,VIR,2012,6.2
United States Virgin Islands,VIR,2013,5.4
United States Virgin Islands,VIR,2014,5.5
United States Virgin Islands,VIR,2015,6
United States Virgin Islands,VIR,2016,6
United States Virgin Islands,VIR,2017,7
United States Virgin Islands,VIR,2018,6.5
United States Virgin Islands,VIR,2019,6.2
United States Virgin Islands,VIR,2020,6.1
United States Virgin Islands,VIR,2021,6.5
United States Virgin Islands,VIR,2022,5.5
United States Virgin Islands,VIR,2023,6.3
United States Virgin Islands,VIR,2024,6.1
Upper-middle-income countries,OWID_UMC,1998,23.26471
Upper-middle-income countries,OWID_UMC,1999,22.263985
Upper-middle-income countries,OWID_UMC,2000,25.947159
Upper-middle-income countries,OWID_UMC,2001,26.755114
Upper-middle-income countries,OWID_UMC,2002,28.349224
Upper-middle-income countries,OWID_UMC,2003,30.336294
Upper-middle-income countries,OWID_UMC,2004,30.02765
Upper-middle-income countries,OWID_UMC,2005,31.660757
Upper-middle-income countries,OWID_UMC,2006,33.53881
Upper-middle-income countries,OWID_UMC,2007,33.785076
Upper-middle-income countries,OWID_UMC,2008,33.090992
Upper-middle-income countries,OWID_UMC,2009,32.626896
Upper-middle-income countries,OWID_UMC,2010,32.04051
Upper-middle-income countries,OWID_UMC,2011,34.431114
Upper-middle-income countries,OWID_UMC,2012,32.585667
Upper-middle-income countries,OWID_UMC,2013,33.71042
Upper-middle-income countries,OWID_UMC,2014,35.981594
Upper-middle-income countries,OWID_UMC,2015,34.873238
Upper-middle-income countries,OWID_UMC,2016,32.18445
Upper-middle-income countries,OWID_UMC,2017,30.977654
Upper-middle-income countries,OWID_UMC,2018,28.93532
Upper-middle-income countries,OWID_UMC,2019,28.701378
Upper-middle-income countries,OWID_UMC,2020,26.132772
Upper-middle-income countries,OWID_UMC,2021,25.278479
Upper-middle-income countries,OWID_UMC,2022,25.688349
Upper-middle-income countries,OWID_UMC,2023,26.233982
Upper-middle-income countries,OWID_UMC,2024,26.003605
Uruguay,URY,1998,11.2
Uruguay,URY,1999,11.7
Uruguay,URY,2000,11.9
Uruguay,URY,2001,12.1
Uruguay,URY,2002,12.2
Uruguay,URY,2003,11.9
Uruguay,URY,2004,11.1
Uruguay,URY,2005,11.1
Uruguay,URY,2006,12.2
Uruguay,URY,2007,12.4
Uruguay,URY,2008,12.4
Uruguay,URY,2009,12.3
Uruguay,URY,2010,11.3
Uruguay,URY,2011,12
Uruguay,URY,2012,12
Uruguay,URY,2013,11.8
Uruguay,URY,2014,12.4
Uruguay,URY,2015,12
Uruguay,URY,2016,11.8
Uruguay,URY,2017,11.9
Uruguay,URY,2018,11.8
Uruguay,URY,2019,11.9
Uruguay,URY,2020,12.2
Uruguay,URY,2021,11.8
Uruguay,URY,2022,12.5
Uruguay,URY,2023,12.2
Uruguay,URY,2024,11.9
Uzbekistan,UZB,1998,24.4
Uzbekistan,UZB,1999,25.6
Uzbekistan,UZB,2000,28.8
Uzbekistan,UZB,2001,28
Uzbekistan,UZB,2002,27.5
Uzbekistan,UZB,2003,27.1
Uzbekistan,UZB,2004,27.6
Uzbekistan,UZB,2005,25.4
Uzbekistan,UZB,2006,26.8
Uzbekistan,UZB,2007,30.7
Uzbekistan,UZB,2008,29.2
Uzbekistan,UZB,2009,31.3
Uzbekistan,UZB,2010,29
Uzbekistan,UZB,2011,30.9
Uzbekistan,UZB,2012,25.7
Uzbekistan,UZB,2013,27.9
Uzbekistan,UZB,2014,28.7
Uzbekistan,UZB,2015,30.5
Uzbekistan,UZB,2016,30.2
Uzbekistan,UZB,2017,28.8
Uzbekistan,UZB,2018,29.2
Uzbekistan,UZB,2019,29.8
Uzbekistan,UZB,2020,28.4
Uzbekistan,UZB,2021,31
Uzbekistan,UZB,2022,29.2
Uzbekistan,UZB,2023,31.1
Uzbekistan,UZB,2024,30
Vanuatu,VUT,1998,4.4
Vanuatu,VUT,1999,4.3
Vanuatu,VUT,2000,5.8
Vanuatu,VUT,2001,5.9
Vanuatu,VUT,2002,6
Vanuatu,VUT,2003,5.7
Vanuatu,VUT,2004,5.9
Vanuatu,VUT,2005,5.4
Vanuatu,VUT,2006,5.3
Vanuatu,VUT,2007,5.9
Vanuatu,VUT,2008,6.1
Vanuatu,VUT,2009,5.3
Vanuatu,VUT,2010,6.5
Vanuatu,VUT,2011,6.6
Vanuatu,VUT,2012,6
Vanuatu,VUT,2013,6.9
Vanuatu,VUT,2014,7.1
Vanuatu,VUT,2015,7.2
Vanuatu,VUT,2016,7.2
Vanuatu,VUT,2017,8
Vanuatu,VUT,2018,7.6
Vanuatu,VUT,2019,6.5
Vanuatu,VUT,2020,5.3
Vanuatu,VUT,2021,4.9
Vanuatu,VUT,2022,6.1
Vanuatu,VUT,2023,6.6
Vanuatu,VUT,2024,5.8
Vatican,VAT,1998,20.2
Vatican,VAT,1999,20.6
Vatican,VAT,2000,21
Vatican,VAT,2001,18.6
Vatican,VAT,2002,20.1
Vatican,VAT,2003,21
Vatican,VAT,2004,18.6
Vatican,VAT,2005,18.9
Vatican,VAT,2006,22.4
Vatican,VAT,2007,22.1
Vatican,VAT,2008,20.1
Vatican,VAT,2009,19.7
Vatican,VAT,2010,18.5
Vatican,VAT,2011,21.2
Vatican,VAT,2012,19.5
Vatican,VAT,2013,17.6
Vatican,VAT,2014,16.5
Vatican,VAT,2015,18.5
Vatican,VAT,2016,16.1
Vatican,VAT,2017,16.1
Vatican,VAT,2018,15.1
Vatican,VAT,2019,14.3
Vatican,VAT,2020,15.7
Vatican,VAT,2021,14
Vatican,VAT,2022,15.2
Vatican,VAT,2023,14.4
Vatican,VAT,2024,13.5
Venezuela,VEN,1998,10.5
Venezuela,VEN,1999,10.6
Venezuela,VEN,2000,13.6
Venezuela,VEN,2001,15
Venezuela,VEN,2002,13.4
Venezuela,VEN,2003,16
Venezuela,VEN,2004,12.9
Venezuela,VEN,2005,14.2
Venezuela,VEN,2006,13.4
Venezuela,VEN,2007,14.7
Venezuela,VEN,2008,14.1
Venezuela,VEN,2009,13
Venezuela,VEN,2010,16.9
Venezuela,VEN,2011,14.8
Venezuela,VEN,2012,15.3
Venezuela,VEN,2013,15.3
Venezuela,VEN,2014,15.4
Venezuela,VEN,2015,16.5
Venezuela,VEN,2016,18.2
Venezuela,VEN,2017,17.1
Venezuela,VEN,2018,16
Venezuela,VEN,2019,17.1
Venezuela,VEN,2020,15.9
Venezuela,VEN,2021,15.6
Venezuela,VEN,2022,14.4
Venezuela,VEN,2023,15
Venezuela,VEN,2024,15.8
Vietnam,VNM,1998,18.5
Vietnam,VNM,1999,17.1
Vietnam,VNM,2000,19.8
Vietnam,VNM,2001,21.5
Vietnam,VNM,2002,20.6
Vietnam,VNM,2003,22.4
Vietnam,VNM,2004,25.2
Vietnam,VNM,2005,25.3
Vietnam,VNM,2006,26
Vietnam,VNM,2007,27.5
Vietnam,VNM,2008,26.9
Vietnam,VNM,2009,26
Vietnam,VNM,2010,26.3
Vietnam,VNM,2011,27.7
Vietnam,VNM,2012,26.7
Vietnam,VNM,2013,27.9
Vietnam,VNM,2014,27.7
Vietnam,VNM,2015,25.2
Vietnam,VNM,2016,26.6
Vietnam,VNM,2017,26.6
Vietnam,VNM,2018,26.7
Vietnam,VNM,2019,27.5
Vietnam,VNM,2020,25.4
Vietnam,VNM,2021,25.7
Vietnam,VNM,2022,25.9
Vietnam,VNM,2023,27
Vietnam,VNM,2024,25.6
Wallis and Futuna,WLF,1998,3.4
Wallis and Futuna,WLF,1999,3.1
Wallis and Futuna,WLF,2000,3.6
Wallis and Futuna,WLF,2001,3.7
Wallis and Futuna,WLF,2002,3.8
Wallis and Futuna,WLF,2003,3.8
Wallis and Futuna,WLF,2004,4
Wallis and Futuna,WLF,2005,3.8
Wallis and Futuna,WLF,2006,3.9
Wallis and Futuna,WLF,2007,4.1
Wallis and Futuna,WLF,2008,3.9
Wallis and Futuna,WLF,2009,3.8
Wallis and Futuna,WLF,2010,4.1
Wallis and Futuna,WLF,2011,3.6
Wallis and Futuna,WLF,2012,3.7
Wallis and Futuna,WLF,2013,3.9
Wallis and Futuna,WLF,2014,3.9
Wallis and Futuna,WLF,2015,4.4
Wallis and Futuna,WLF,2016,3.7
Wallis and Futuna,WLF,2017,4.3
Wallis and Futuna,WLF,2018,4.2
Wallis and Futuna,WLF,2019,3.9
Wallis and Futuna,WLF,2020,4.1
Wallis and Futuna,WLF,2021,3.2
Wallis and Futuna,WLF,2022,4.3
Wallis and Futuna,WLF,2023,4.3
Wallis and Futuna,WLF,2024,4
Western Sahara,ESH,1998,22.1
Western Sahara,ESH,1999,20.5
Western Sahara,ESH,2000,19
Western Sahara,ESH,2001,17.6
Western Sahara,ESH,2002,18.6
Western Sahara,ESH,2003,18.5
Western Sahara,ESH,2004,18.2
Western Sahara,ESH,2005,18.4
Western Sahara,ESH,2006,15.5
Western Sahara,ESH,2007,17.7
Western Sahara,ESH,2008,17.3
Western Sahara,ESH,2009,15.7
Western Sahara,ESH,2010,15.9
Western Sahara,ESH,2011,15.2
Western Sahara,ESH,2012,15.7
Western Sahara,ESH,2013,15.4
Western Sahara,ESH,2014,15.5
Western Sahara,ESH,2015,16.6
Western Sahara,ESH,2016,15.4
Western Sahara,ESH,2017,17.4
Western Sahara,ESH,2018,17.3
Western Sahara,ESH,2019,16
Western Sahara,ESH,2020,16.1
Western Sahara,ESH,2021,17.3
Western Sahara,ESH,2022,19.4
Western Sahara,ESH,2023,16.8
Western Sahara,ESH,2024,19.5
World,OWID_WRL,1998,24.423094
World,OWID_WRL,1999,23.675999
World,OWID_WRL,2000,27.297579
World,OWID_WRL,2001,28.323208
World,OWID_WRL,2002,29.009354
World,OWID_WRL,2003,30.488817
World,OWID_WRL,2004,30.385767
World,OWID_WRL,2005,31.140463
World,OWID_WRL,2006,32.437447
World,OWID_WRL,2007,33.095463
World,OWID_WRL,2008,33.61173
World,OWID_WRL,2009,33.221035
World,OWID_WRL,2010,33.332565
World,OWID_WRL,2011,35.008305
World,OWID_WRL,2012,33.69053
World,OWID_WRL,2013,34.075886
World,OWID_WRL,2014,34.70447
World,OWID_WRL,2015,35.889328
World,OWID_WRL,2016,35.07474
World,OWID_WRL,2017,34.270584
World,OWID_WRL,2018,33.41035
World,OWID_WRL,2019,32.18141
World,OWID_WRL,2020,30.161303
World,OWID_WRL,2021,30.902021
World,OWID_WRL,2022,30.40424
World,OWID_WRL,2023,30.056519
World,OWID_WRL,2024,29.901594
Yemen,YEM,1998,26
Yemen,YEM,1999,28.2
Yemen,YEM,2000,33.5
Yemen,YEM,2001,29.6
Yemen,YEM,2002,28.3
Yemen,YEM,2003,33.2
Yemen,YEM,2004,31.8
Yemen,YEM,2005,32.1
Yemen,YEM,2006,32.2
Yemen,YEM,2007,32.5
Yemen,YEM,2008,34.5
Yemen,YEM,2009,33.4
Yemen,YEM,2010,34.4
Yemen,YEM,2011,41.4
Yemen,YEM,2012,43.4
Yemen,YEM,2013,40.3
Yemen,YEM,2014,37.4
Yemen,YEM,2015,38.4
Yemen,YEM,2016,37.2
Yemen,YEM,2017,37.3
Yemen,YEM,2018,38.7
Yemen,YEM,2019,41.4
Yemen,YEM,2020,38.4
Yemen,YEM,2021,36.8
Yemen,YEM,2022,40
Yemen,YEM,2023,31.6
Yemen,YEM,2024,35
Zambia,ZMB,1998,13.6
Zambia,ZMB,1999,11.6
Zambia,ZMB,2000,18.4
Zambia,ZMB,2001,23.7
Zambia,ZMB,2002,21.5
Zambia,ZMB,2003,20.6
Zambia,ZMB,2004,20.7
Zambia,ZMB,2005,22.9
Zambia,ZMB,2006,20
Zambia,ZMB,2007,22.3
Zambia,ZMB,2008,22.9
Zambia,ZMB,2009,20.5
Zambia,ZMB,2010,22.6
Zambia,ZMB,2011,22.7
Zambia,ZMB,2012,22.6
Zambia,ZMB,2013,21.7
Zambia,ZMB,2014,21.1
Zambia,ZMB,2015,22
Zambia,ZMB,2016,20
Zambia,ZMB,2017,19.6
Zambia,ZMB,2018,20.4
Zambia,ZMB,2019,20.9
Zambia,ZMB,2020,19.3
Zambia,ZMB,2021,20.1
Zambia,ZMB,2022,24.7
Zambia,ZMB,2023,24.1
Zambia,ZMB,2024,25.4
Zimbabwe,ZWE,1998,15.7
Zimbabwe,ZWE,1999,11.7
Zimbabwe,ZWE,2000,14.9
Zimbabwe,ZWE,2001,19.6
Zimbabwe,ZWE,2002,17.3
Zimbabwe,ZWE,2003,17.6
Zimbabwe,ZWE,2004,16.2
Zimbabwe,ZWE,2005,19
Zimbabwe,ZWE,2006,16.6
Zimbabwe,ZWE,2007,19.3
Zimbabwe,ZWE,2008,18.8
Zimbabwe,ZWE,2009,16.3
Zimbabwe,ZWE,2010,18
Zimbabwe,ZWE,2011,16.3
Zimbabwe,ZWE,2012,17.9
Zimbabwe,ZWE,2013,17
Zimbabwe,ZWE,2014,16.2
Zimbabwe,ZWE,2015,17.6
Zimbabwe,ZWE,2016,15.8
Zimbabwe,ZWE,2017,15.7
Zimbabwe,ZWE,2018,17.1
Zimbabwe,ZWE,2019,16.4
Zimbabwe,ZWE,2020,14.5
Zimbabwe,ZWE,2021,15.7
Zimbabwe,ZWE,2022,18.5
Zimbabwe,ZWE,2023,19.5
Zimbabwe,ZWE,2024,20.1